order_id,product_id,warehouse_id,ordered_qty,base_purchase_cost,freight_cost,handling_cost,customs_tariff_cost,total_landed_cost,unit_landed_cost
ORD-2024-10001,P0583,WH_MUMBAI_W,7,2863.84,1632.7206,30.12,0.0,4526.68,646.67
ORD-2024-10002,P0712,WH_NAGPUR_C,17,4348.6,640.17,73.15,0.0,5061.92,297.76
ORD-2024-10003,P0230,WH_KOLKATA_E,28,9817.36,1448.17,120.48,0.0,11386.01,406.64
ORD-2024-10004,P0030,WH_KOLKATA_E,17,6598.21,1486.57,73.15,0.0,8157.93,479.88
ORD-2024-10005,P0152,WH_DELHI_N,41,10209.82,1394.56,176.42,0.0,11780.8,287.34
ORD-2024-10006,P0554,WH_MUMBAI_W,10,7314.700000000001,391.45,43.03,0.0,7749.18,774.92
ORD-2024-10007,P0560,WH_NAGPUR_C,26,943.28,1222.87,111.88,0.0,2278.03,87.62
ORD-2024-10008,P0027,WH_DELHI_N,6,3109.62,800.89,25.82,0.0,3936.33,656.06
ORD-2024-10009,P0583,WH_BLR_S,17,6955.04,854.18,73.15,0.0,7882.37,463.67
ORD-2024-10010,P0213,WH_KOLKATA_E,16,6889.28,423.34,68.85,0.0,7381.47,461.34
ORD-2024-10011,P0337,WH_KOLKATA_E,39,12953.07,1632.15,167.82,0.0,14753.04,378.28
ORD-2024-10012,P0711,WH_KOLKATA_E,26,19600.88,541.44,111.88,0.0,20254.2,779.01
ORD-2024-10013,P0592,WH_DELHI_N,4,2535.04,1350.18,17.21,0.0,3902.43,975.61
ORD-2024-10014,P0926,WH_KOLKATA_E,20,10860.2,155.08,86.06,0.0,11101.34,555.07
ORD-2024-10015,P0198,WH_KOLKATA_E,49,35138.88,1263.27,210.85,0.0,36613.0,747.2
ORD-2024-10016,P0565,WH_DELHI_N,41,4863.01,1281.51,176.42,0.0,6320.94,154.17
ORD-2024-10017,P0316,WH_MUMBAI_W,11,7722.33,397.19,47.33,0.0,8166.85,742.44
ORD-2024-10018,P0069,WH_NAGPUR_C,23,2315.18,990.36,98.97,0.0,3404.51,148.02
ORD-2024-10019,P0041,WH_DELHI_N,33,8087.97,651.1,142.0,0.0,8881.07,269.12
ORD-2024-10020,P0857,WH_DELHI_N,31,16039.4,388.09,133.39,0.0,16560.88,534.22
ORD-2024-10021,P0711,WH_KOLKATA_E,7,5277.16,986.8,30.12,0.0,6294.08,899.15
ORD-2024-10022,P0755,WH_MUMBAI_W,22,13368.3,1131.74,94.67,0.0,14594.71,663.4
ORD-2024-10023,P0097,WH_DELHI_N,5,1153.35,1293.05,21.51,0.0,2467.91,493.58
ORD-2024-10024,P0430,WH_NAGPUR_C,37,20561.27,1363.2,159.21,0.0,22083.68,596.86
ORD-2024-10025,P0913,WH_KOLKATA_E,1,649.59,1091.51,4.3,0.0,1745.4,1745.4
ORD-2024-10026,P0131,WH_DELHI_N,6,464.40000000000003,578.59,25.82,0.0,1068.81,178.14
ORD-2024-10027,P0027,WH_KOLKATA_E,45,23322.149999999998,1632.7206,193.63,0.0,25148.5,558.86
ORD-2024-10028,P0410,WH_KOLKATA_E,47,24125.569999999996,1574.01,202.24,0.0,25901.82,551.1
ORD-2024-10029,P0666,WH_BLR_S,4,2503.12,874.8,17.21,0.0,3395.13,848.78
ORD-2024-10030,P0530,WH_KOLKATA_E,30,1869.3000000000002,1475.36,129.09,0.0,3473.75,115.79
ORD-2024-10031,P0391,WH_BLR_S,30,23725.8,1534.04,129.09,0.0,25388.93,846.3
ORD-2024-10032,P0545,WH_NAGPUR_C,17,4957.88,1235.37,73.15,0.0,6266.4,368.61
ORD-2024-10033,P0364,WH_BLR_S,24,20071.68,1402.69,103.27,0.0,21577.64,899.07
ORD-2024-10034,P0319,WH_NAGPUR_C,31,1878.91,243.66,133.39,0.0,2255.96,72.77
ORD-2024-10035,P0131,WH_NAGPUR_C,28,2167.2000000000003,595.53,120.48,0.0,2883.21,102.97
ORD-2024-10036,P0030,WH_KOLKATA_E,45,17465.85,356.43,193.63,0.0,18015.91,400.35
ORD-2024-10037,P0479,WH_DELHI_N,43,29912.52,298.16,185.03,0.0,30395.71,706.88
ORD-2024-10038,P0479,WH_NAGPUR_C,4,2782.56,1321.0,17.21,0.0,4120.77,1030.19
ORD-2024-10039,P0867,WH_KOLKATA_E,39,30423.120000000003,456.74,167.82,0.0,31047.68,796.09
ORD-2024-10040,P0479,WH_BLR_S,19,13217.16,701.55,81.76,0.0,14000.47,736.87
ORD-2024-10041,P0663,WH_DELHI_N,24,19656.48,834.87,103.27,0.0,20594.62,858.11
ORD-2024-10042,P0754,WH_BLR_S,7,5037.69,206.74,30.12,0.0,5274.55,753.51
ORD-2024-10043,P0783,WH_MUMBAI_W,46,25223.640000000003,1317.61,197.94,0.0,26739.19,581.29
ORD-2024-10044,P0231,WH_KOLKATA_E,48,28560.96,1290.71,206.54,0.0,30058.21,626.21
ORD-2024-10045,P0316,WH_DELHI_N,9,6318.2699999999995,157.38,38.73,0.0,6514.38,723.82
ORD-2024-10046,P0663,WH_MUMBAI_W,22,18018.44,970.6,94.67,0.0,19083.71,867.44
ORD-2024-10047,P0971,WH_BLR_S,2,1131.94,1005.12,8.61,0.0,2145.67,1072.84
ORD-2024-10048,P0027,WH_DELHI_N,27,13993.289999999999,984.38,116.18,0.0,15093.85,559.03
ORD-2024-10049,P0205,WH_MUMBAI_W,16,8874.88,589.16,68.85,0.0,9532.89,595.81
ORD-2024-10050,P0368,WH_MUMBAI_W,5,4093.95,378.35,21.51,0.0,4493.81,898.76
ORD-2024-10051,P0154,WH_NAGPUR_C,12,4509.0,324.08,51.64,0.0,4884.72,407.06
ORD-2024-10052,P0988,WH_DELHI_N,26,21267.48,1214.17,111.88,0.0,22593.53,868.98
ORD-2024-10053,P0391,WH_BLR_S,15,11862.9,856.8,64.54,0.0,12784.24,852.28
ORD-2024-10054,P0524,WH_BLR_S,3,448.02,1161.37,12.91,0.0,1622.3,540.77
ORD-2024-10055,P0247,WH_KOLKATA_E,9,343.53000000000003,1065.7,38.73,0.0,1447.96,160.88
ORD-2024-10056,P0840,WH_NAGPUR_C,28,9163.0,1066.02,120.48,0.0,10349.5,369.62
ORD-2024-10057,P0673,WH_DELHI_N,39,19388.46,1200.32,167.82,0.0,20756.6,532.22
ORD-2024-10058,P0041,WH_MUMBAI_W,36,8823.24,484.65,154.91,0.0,9462.8,262.86
ORD-2024-10059,P0430,WH_KOLKATA_E,25,13892.75,1045.11,107.57,0.0,15045.43,601.82
ORD-2024-10060,P0195,WH_KOLKATA_E,41,23651.260000000002,437.93,176.42,0.0,24265.61,591.84
ORD-2024-10061,P0161,WH_NAGPUR_C,28,8020.879999999999,289.36,120.48,0.0,8430.72,301.1
ORD-2024-10062,P0056,WH_MUMBAI_W,47,32008.41,1370.53,202.24,0.0,33581.18,714.49
ORD-2024-10063,P0131,WH_DELHI_N,21,1625.4,1315.6,90.36,0.0,3031.36,144.35
ORD-2024-10064,P0633,WH_KOLKATA_E,29,14145.33,1292.86,124.79,0.0,15562.98,536.65
ORD-2024-10065,P0220,WH_MUMBAI_W,25,14967.75,668.59,107.57,0.0,15743.91,629.76
ORD-2024-10066,P0005,WH_DELHI_N,30,10646.699999999999,1287.23,129.09,0.0,12063.02,402.1
ORD-2024-10067,P0867,WH_KOLKATA_E,39,30423.120000000003,555.64,167.82,0.0,31146.58,798.63
ORD-2024-10068,P0544,WH_KOLKATA_E,11,5018.75,632.88,47.33,0.0,5698.96,518.09
ORD-2024-10069,P0297,WH_DELHI_N,19,8450.63,736.82,81.76,0.0,9269.21,487.85
ORD-2024-10070,P0719,WH_NAGPUR_C,11,2577.19,1195.59,47.33,0.0,3820.11,347.28
ORD-2024-10071,P0193,WH_BLR_S,25,8954.0,460.75,107.57,0.0,9522.32,380.89
ORD-2024-10072,P0198,WH_BLR_S,1,717.12,173.54,4.3,0.0,894.96,894.96
ORD-2024-10073,P0988,WH_DELHI_N,32,26175.36,526.11,137.69,0.0,26839.16,838.72
ORD-2024-10074,P0857,WH_DELHI_N,21,10865.4,885.11,90.36,0.0,11840.87,563.85
ORD-2024-10075,P0491,WH_DELHI_N,45,2571.3,599.99,193.63,0.0,3364.92,74.78
ORD-2024-10076,P0998,WH_MUMBAI_W,13,877.11,1152.79,55.94,0.0,2085.84,160.45
ORD-2024-10077,P0103,WH_BLR_S,34,4413.88,272.8,146.3,0.0,4832.98,142.15
ORD-2024-10078,P0975,WH_KOLKATA_E,17,713.66,1070.19,73.15,0.0,1857.0,109.24
ORD-2024-10079,P0998,WH_MUMBAI_W,47,3171.09,604.06,202.24,0.0,3977.39,84.63
ORD-2024-10080,P0709,WH_BLR_S,19,9181.37,398.73,81.76,0.0,9661.86,508.52
ORD-2024-10081,P0432,WH_KOLKATA_E,10,7638.099999999999,470.66,43.03,0.0,8151.79,815.18
ORD-2024-10082,P0589,WH_KOLKATA_E,42,12068.7,470.79,180.72,0.0,12720.21,302.86
ORD-2024-10083,P0927,WH_NAGPUR_C,9,845.01,1458.24,38.73,0.0,2341.98,260.22
ORD-2024-10084,P0479,WH_NAGPUR_C,11,7652.04,551.44,47.33,0.0,8250.81,750.07
ORD-2024-10085,P0247,WH_BLR_S,38,1450.46,1260.86,163.51,0.0,2874.83,75.65
ORD-2024-10086,P0651,WH_BLR_S,31,7275.39,498.31,133.39,0.0,7907.09,255.07
ORD-2024-10087,P0021,WH_KOLKATA_E,2,494.54,172.6,8.61,0.0,675.75,337.88
ORD-2024-10088,P0030,WH_BLR_S,24,9315.119999999999,95.6674,103.27,0.0,9514.06,396.42
ORD-2024-10089,P0992,WH_KOLKATA_E,42,21491.82,665.04,180.72,0.0,22337.58,531.85
ORD-2024-10090,P0479,WH_KOLKATA_E,47,32695.079999999998,1432.59,202.24,0.0,34329.91,730.42
ORD-2024-10091,P0139,WH_KOLKATA_E,5,2991.0,1049.98,21.51,0.0,4062.49,812.5
ORD-2024-10092,P0011,WH_KOLKATA_E,30,12796.8,1045.27,129.09,0.0,13971.16,465.71
ORD-2024-10093,P0056,WH_NAGPUR_C,39,26560.17,743.23,167.82,0.0,27471.22,704.39
ORD-2024-10094,P0041,WH_DELHI_N,35,8578.15,520.63,150.6,0.0,9249.38,264.27
ORD-2024-10095,P0218,WH_MUMBAI_W,48,39424.32,1065.84,206.54,0.0,40696.7,847.85
ORD-2024-10096,P0143,WH_KOLKATA_E,17,10761.849999999999,1013.37,73.15,0.0,11848.37,696.96
ORD-2024-10097,P0131,WH_MUMBAI_W,31,2399.4,277.66,133.39,0.0,2810.45,90.66
ORD-2024-10098,P0476,WH_KOLKATA_E,2,1066.16,1016.88,8.61,0.0,2091.65,1045.82
ORD-2024-10099,P0492,WH_MUMBAI_W,16,11067.2,1062.21,68.85,0.0,12198.26,762.39
ORD-2024-10100,P0708,WH_MUMBAI_W,21,4381.23,717.99,90.36,0.0,5189.58,247.12
ORD-2024-10101,P0030,WH_MUMBAI_W,30,11643.9,729.91,129.09,0.0,12502.9,416.76
ORD-2024-10102,P0866,WH_KOLKATA_E,1,559.34,1323.84,4.3,0.0,1887.48,1887.48
ORD-2024-10103,P0429,WH_NAGPUR_C,14,10025.54,738.52,60.24,0.0,10824.3,773.16
ORD-2024-10104,P0391,WH_BLR_S,16,12653.76,494.92,68.85,0.0,13217.53,826.1
ORD-2024-10105,P0228,WH_MUMBAI_W,9,2295.63,1322.21,38.73,0.0,3656.57,406.29
ORD-2024-10106,P0840,WH_BLR_S,49,16035.25,1632.7206,210.85,0.0,17878.82,364.87
ORD-2024-10107,P0711,WH_MUMBAI_W,8,6031.04,412.45,34.42,0.0,6477.91,809.74
ORD-2024-10108,P0915,WH_NAGPUR_C,9,6172.0199999999995,657.46,38.73,0.0,6868.21,763.13
ORD-2024-10109,P0487,WH_DELHI_N,34,1502.8000000000002,203.23,146.3,0.0,1852.33,54.48
ORD-2024-10110,P0449,WH_MUMBAI_W,45,14069.249999999998,898.65,193.63,0.0,15161.53,336.92
ORD-2024-10111,P0637,WH_KOLKATA_E,33,12203.73,560.07,142.0,0.0,12905.8,391.08
ORD-2024-10112,P0297,WH_BLR_S,22,9784.939999999999,1305.19,94.67,0.0,11184.8,508.4
ORD-2024-10113,P0487,WH_BLR_S,30,1326.0,1376.46,129.09,0.0,2831.55,94.38
ORD-2024-10114,P0119,WH_MUMBAI_W,7,1611.3999999999999,210.9,30.12,0.0,1852.42,264.63
ORD-2024-10115,P0119,WH_NAGPUR_C,18,4143.599999999999,1427.53,77.45,0.0,5648.58,313.81
ORD-2024-10116,P0642,WH_BLR_S,21,10248.63,561.77,90.36,0.0,10900.76,519.08
ORD-2024-10117,P0693,WH_BLR_S,5,2041.8000000000002,578.17,21.51,0.0,2641.48,528.3
ORD-2024-10118,P0160,WH_NAGPUR_C,7,5595.17,1425.33,30.12,0.0,7050.62,1007.23
ORD-2024-10119,P0492,WH_MUMBAI_W,12,8300.400000000001,620.72,51.64,0.0,8972.76,747.73
ORD-2024-10120,P0222,WH_MUMBAI_W,17,3213.68,95.6674,73.15,0.0,3382.5,198.97
ORD-2024-10121,P0971,WH_KOLKATA_E,24,13583.28,146.97,103.27,0.0,13833.52,576.4
ORD-2024-10122,P0554,WH_DELHI_N,37,27064.39,566.01,159.21,0.0,27789.61,751.07
ORD-2024-10123,P0159,WH_DELHI_N,44,17453.04,1424.88,189.33,0.0,19067.25,433.35
ORD-2024-10124,P0927,WH_DELHI_N,19,1783.91,183.79,81.76,0.0,2049.46,107.87
ORD-2024-10125,P0642,WH_BLR_S,45,21961.35,320.87,193.63,0.0,22475.85,499.46
ORD-2024-10126,P0021,WH_DELHI_N,16,3956.32,1588.78,68.85,0.0,5613.95,350.87
ORD-2024-10127,P0521,WH_KOLKATA_E,25,14495.750000000002,740.6,107.57,0.0,15343.92,613.76
ORD-2024-10128,P0581,WH_DELHI_N,27,1044.36,1434.54,116.18,0.0,2595.08,96.11
ORD-2024-10129,P0884,WH_NAGPUR_C,42,11942.279999999999,618.71,180.72,0.0,12741.71,303.37
ORD-2024-10130,P0641,WH_KOLKATA_E,44,23298.0,873.47,189.33,0.0,24360.8,553.65
ORD-2024-10131,P0220,WH_DELHI_N,7,4190.97,1463.55,30.12,0.0,5684.64,812.09
ORD-2024-10132,P0198,WH_DELHI_N,46,32987.52,1559.63,197.94,0.0,34745.09,755.33
ORD-2024-10133,P0544,WH_DELHI_N,42,19162.5,346.34,180.72,0.0,19689.56,468.8
ORD-2024-10134,P0038,WH_MUMBAI_W,8,3173.6,1039.0,34.42,0.0,4247.02,530.88
ORD-2024-10135,P0568,WH_MUMBAI_W,15,11346.900000000001,799.09,64.54,0.0,12210.53,814.04
ORD-2024-10136,P0867,WH_KOLKATA_E,16,12481.28,310.66,68.85,0.0,12860.79,803.8
ORD-2024-10137,P0316,WH_MUMBAI_W,8,5616.24,245.29,34.42,0.0,5895.95,736.99
ORD-2024-10138,P0353,WH_DELHI_N,36,29136.24,909.11,154.91,0.0,30200.26,838.9
ORD-2024-10139,P0160,WH_BLR_S,32,25577.92,367.67,137.69,0.0,26083.28,815.1
ORD-2024-10140,P0076,WH_DELHI_N,17,3931.42,1467.43,73.15,0.0,5472.0,321.88
ORD-2024-10141,P0583,WH_KOLKATA_E,36,14728.32,602.91,154.91,0.0,15486.14,430.17
ORD-2024-10142,P0688,WH_DELHI_N,22,4156.68,705.04,94.67,0.0,4956.39,225.29
ORD-2024-10143,P0918,WH_MUMBAI_W,32,13895.36,1193.0,137.69,0.0,15226.05,475.81
ORD-2024-10144,P0030,WH_KOLKATA_E,11,4269.43,845.38,47.33,0.0,5162.14,469.29
ORD-2024-10145,P0673,WH_MUMBAI_W,45,22371.3,734.85,193.63,0.0,23299.78,517.77
ORD-2024-10146,P0363,WH_KOLKATA_E,6,4128.18,1038.84,25.82,0.0,5192.84,865.47
ORD-2024-10147,P0476,WH_DELHI_N,22,11727.76,422.39,94.67,0.0,12244.82,556.58
ORD-2024-10148,P0347,WH_BLR_S,14,11604.32,978.21,60.24,0.0,12642.77,903.06
ORD-2024-10149,P0449,WH_DELHI_N,28,8754.199999999999,1591.97,120.48,0.0,10466.65,373.81
ORD-2024-10150,P0189,WH_DELHI_N,39,24809.07,1355.05,167.82,0.0,26331.94,675.18
ORD-2024-10151,P0511,WH_NAGPUR_C,12,7351.4400000000005,634.78,51.64,0.0,8037.86,669.82
ORD-2024-10152,P0189,WH_NAGPUR_C,27,17175.51,1497.18,116.18,0.0,18788.87,695.88
ORD-2024-10153,P0988,WH_DELHI_N,1,817.98,1401.08,4.3,0.0,2223.36,2223.36
ORD-2024-10154,P0521,WH_KOLKATA_E,10,5798.3,467.43,43.03,0.0,6308.76,630.88
ORD-2024-10155,P0466,WH_BLR_S,33,7320.72,1547.37,142.0,0.0,9010.09,273.03
ORD-2024-10156,P0627,WH_KOLKATA_E,16,13507.2,938.86,68.85,0.0,14514.91,907.18
ORD-2024-10157,P0852,WH_MUMBAI_W,39,25790.699999999997,1564.39,167.82,0.0,27522.91,705.72
ORD-2024-10158,P0914,WH_BLR_S,6,2324.7,1056.6,25.82,0.0,3407.12,567.85
ORD-2024-10159,P0700,WH_NAGPUR_C,25,20541.25,291.43,107.57,0.0,20940.25,837.61
ORD-2024-10160,P0909,WH_DELHI_N,20,6615.599999999999,346.65,86.06,0.0,7048.31,352.42
ORD-2024-10161,P0228,WH_KOLKATA_E,36,9182.52,819.43,154.91,0.0,10156.86,282.14
ORD-2024-10162,P0824,WH_MUMBAI_W,23,18979.14,174.48,98.97,0.0,19252.59,837.07
ORD-2024-10163,P0276,WH_KOLKATA_E,16,10544.96,1244.03,68.85,0.0,11857.84,741.12
ORD-2024-10164,P0222,WH_MUMBAI_W,1,189.04,543.11,4.3,0.0,736.45,736.45
ORD-2024-10165,P0620,WH_MUMBAI_W,30,3558.6000000000004,95.6674,129.09,0.0,3783.36,126.11
ORD-2024-10166,P0319,WH_DELHI_N,27,1636.47,981.76,116.18,0.0,2734.41,101.27
ORD-2024-10167,P0866,WH_MUMBAI_W,2,1118.68,967.28,8.61,0.0,2094.57,1047.29
ORD-2024-10168,P0581,WH_BLR_S,48,1856.6399999999999,316.67,206.54,0.0,2379.85,49.58
ORD-2024-10169,P0091,WH_DELHI_N,21,13996.92,296.34,90.36,0.0,14383.62,684.93
ORD-2024-10170,P0491,WH_KOLKATA_E,9,514.26,1299.58,38.73,0.0,1852.57,205.84
ORD-2024-10171,P0222,WH_MUMBAI_W,47,8884.88,325.49,202.24,0.0,9412.61,200.27
ORD-2024-10172,P0222,WH_BLR_S,24,4536.96,163.39,103.27,0.0,4803.62,200.15
ORD-2024-10173,P0754,WH_DELHI_N,48,34544.159999999996,1615.5,206.54,0.0,36366.2,757.63
ORD-2024-10174,P0589,WH_NAGPUR_C,41,11781.35,512.16,176.42,0.0,12469.93,304.14
ORD-2024-10175,P0195,WH_NAGPUR_C,39,22497.54,1421.59,167.82,0.0,24086.95,617.61
ORD-2024-10176,P0062,WH_KOLKATA_E,42,5064.78,656.52,180.72,0.0,5902.02,140.52
ORD-2024-10177,P0479,WH_BLR_S,7,4869.48,1519.4,30.12,0.0,6419.0,917.0
ORD-2024-10178,P0337,WH_NAGPUR_C,30,9963.9,767.02,129.09,0.0,10860.01,362.0
ORD-2024-10179,P0079,WH_BLR_S,45,2109.15,1246.96,193.63,0.0,3549.74,78.88
ORD-2024-10180,P0161,WH_BLR_S,2,572.92,1521.58,8.61,0.0,2103.11,1051.56
ORD-2024-10181,P0479,WH_BLR_S,12,8347.68,550.21,51.64,0.0,8949.53,745.79
ORD-2024-10182,P0915,WH_KOLKATA_E,13,8915.14,240.22,55.94,0.0,9211.3,708.56
ORD-2024-10183,P0408,WH_MUMBAI_W,3,508.95000000000005,788.27,12.91,0.0,1310.13,436.71
ORD-2024-10184,P0688,WH_BLR_S,43,8124.42,1159.92,185.03,0.0,9469.37,220.22
ORD-2024-10185,P0479,WH_DELHI_N,40,27825.6,1022.32,172.12,0.0,29020.04,725.5
ORD-2024-10186,P0408,WH_NAGPUR_C,43,7294.95,1393.41,185.03,0.0,8873.39,206.36
ORD-2024-10187,P0893,WH_DELHI_N,18,10253.88,404.76,77.45,0.0,10736.09,596.45
ORD-2024-10188,P0300,WH_KOLKATA_E,39,15751.32,230.07,167.82,0.0,16149.21,414.08
ORD-2024-10189,P0583,WH_DELHI_N,44,18001.28,434.23,189.33,0.0,18624.84,423.29
ORD-2024-10190,P0809,WH_MUMBAI_W,6,1673.52,349.97,25.82,0.0,2049.31,341.55
ORD-2024-10191,P0992,WH_BLR_S,42,21491.82,624.11,180.72,0.0,22296.65,530.87
ORD-2024-10192,P0962,WH_DELHI_N,27,3282.66,619.11,116.18,0.0,4017.95,148.81
ORD-2024-10193,P0918,WH_DELHI_N,15,6513.450000000001,552.68,64.54,0.0,7130.67,475.38
ORD-2024-10194,P0581,WH_KOLKATA_E,15,580.2,314.08,64.54,0.0,958.82,63.92
ORD-2024-10195,P0332,WH_DELHI_N,19,12089.699999999999,914.09,81.76,0.0,13085.55,688.71
ORD-2024-10196,P0663,WH_KOLKATA_E,38,31122.76,1317.81,163.51,0.0,32604.08,858.0
ORD-2024-10197,P0220,WH_NAGPUR_C,47,28139.370000000003,1451.52,202.24,0.0,29793.13,633.9
ORD-2024-10198,P0565,WH_BLR_S,20,2372.2,539.56,86.06,0.0,2997.82,149.89
ORD-2024-10199,P0364,WH_NAGPUR_C,20,16726.4,1102.8,86.06,0.0,17915.26,895.76
ORD-2024-10200,P0716,WH_MUMBAI_W,18,6681.06,948.68,77.45,0.0,7707.19,428.18
ORD-2024-10201,P0909,WH_DELHI_N,34,11246.519999999999,1521.9,146.3,0.0,12914.72,379.84
ORD-2024-10202,P0189,WH_KOLKATA_E,39,24809.07,1162.49,167.82,0.0,26139.38,670.24
ORD-2024-10203,P0712,WH_KOLKATA_E,37,9464.6,468.0,159.21,0.0,10091.81,272.75
ORD-2024-10204,P0084,WH_KOLKATA_E,35,28671.3,538.48,150.6,0.0,29360.38,838.87
ORD-2024-10205,P0581,WH_KOLKATA_E,38,1469.84,1058.57,163.51,0.0,2691.92,70.84
ORD-2024-10206,P0994,WH_BLR_S,38,12760.78,1196.49,163.51,0.0,14120.78,371.6
ORD-2024-10207,P0511,WH_KOLKATA_E,1,612.62,174.12,4.3,0.0,791.04,791.04
ORD-2024-10208,P0159,WH_MUMBAI_W,12,4759.92,1060.03,51.64,0.0,5871.59,489.3
ORD-2024-10209,P0125,WH_NAGPUR_C,5,962.65,439.54,21.51,0.0,1423.7,284.74
ORD-2024-10210,P0430,WH_DELHI_N,27,15004.170000000002,1608.49,116.18,0.0,16728.84,619.59
ORD-2024-10211,P0316,WH_DELHI_N,39,27379.17,1594.42,167.82,0.0,29141.41,747.22
ORD-2024-10212,P0084,WH_KOLKATA_E,20,16383.599999999999,1427.26,86.06,0.0,17896.92,894.85
ORD-2024-10213,P0568,WH_KOLKATA_E,40,30258.4,1519.87,172.12,0.0,31950.39,798.76
ORD-2024-10214,P0084,WH_NAGPUR_C,19,15564.419999999998,1624.36,81.76,0.0,17270.54,908.98
ORD-2024-10215,P0584,WH_KOLKATA_E,38,18242.28,593.62,163.51,0.0,18999.41,499.98
ORD-2024-10216,P0297,WH_BLR_S,15,6671.549999999999,900.03,64.54,0.0,7636.12,509.07
ORD-2024-10217,P0824,WH_NAGPUR_C,6,4951.08,292.75,25.82,0.0,5269.65,878.28
ORD-2024-10218,P0084,WH_NAGPUR_C,9,7372.62,770.61,38.73,0.0,8181.96,909.11
ORD-2024-10219,P0857,WH_DELHI_N,36,18626.399999999998,301.24,154.91,0.0,19082.55,530.07
ORD-2024-10220,P0430,WH_NAGPUR_C,48,26674.08,1209.36,206.54,0.0,28089.98,585.21
ORD-2024-10221,P0998,WH_BLR_S,23,1551.81,155.2,98.97,0.0,1805.98,78.52
ORD-2024-10222,P0188,WH_BLR_S,10,8008.8,1403.76,43.03,0.0,9455.59,945.56
ORD-2024-10223,P0915,WH_DELHI_N,1,685.78,1434.79,4.3,0.0,2124.87,2124.87
ORD-2024-10224,P0458,WH_DELHI_N,11,8973.8,1505.89,47.33,0.0,10527.02,957.0
ORD-2024-10225,P0261,WH_DELHI_N,49,21564.41,232.45,210.85,0.0,22007.71,449.14
ORD-2024-10226,P0430,WH_MUMBAI_W,20,11114.2,1241.57,86.06,0.0,12441.83,622.09
ORD-2024-10227,P0041,WH_NAGPUR_C,28,6862.52,469.01,120.48,0.0,7452.01,266.14
ORD-2024-10228,P0220,WH_NAGPUR_C,22,13171.62,360.52,94.67,0.0,13626.81,619.4
ORD-2024-10229,P0909,WH_KOLKATA_E,20,6615.599999999999,1243.9,86.06,0.0,7945.56,397.28
ORD-2024-10230,P0809,WH_BLR_S,47,13109.240000000002,370.85,202.24,0.0,13682.33,291.11
ORD-2024-10231,P0909,WH_NAGPUR_C,38,12569.64,1509.69,163.51,0.0,14242.84,374.81
ORD-2024-10232,P0608,WH_NAGPUR_C,16,13364.64,1399.6,68.85,0.0,14833.09,927.07
ORD-2024-10233,P0070,WH_KOLKATA_E,2,1062.14,943.73,8.61,0.0,2014.48,1007.24
ORD-2024-10234,P0584,WH_BLR_S,25,12001.5,697.47,107.57,0.0,12806.54,512.26
ORD-2024-10235,P0693,WH_NAGPUR_C,27,11025.720000000001,1414.47,116.18,0.0,12556.37,465.05
ORD-2024-10236,P0876,WH_BLR_S,3,1325.49,1273.02,12.91,0.0,2611.42,870.47
ORD-2024-10237,P0097,WH_KOLKATA_E,23,5305.41,281.04,98.97,0.0,5685.42,247.19
ORD-2024-10238,P0218,WH_NAGPUR_C,32,26282.88,724.06,137.69,0.0,27144.63,848.27
ORD-2024-10239,P0150,WH_DELHI_N,17,3817.01,687.64,73.15,0.0,4577.8,269.28
ORD-2024-10240,P0893,WH_BLR_S,40,22786.399999999998,1367.49,172.12,0.0,24326.01,608.15
ORD-2024-10241,P0279,WH_BLR_S,20,13854.400000000001,1453.98,86.06,0.0,15394.44,769.72
ORD-2024-10242,P0809,WH_MUMBAI_W,30,8367.6,876.99,129.09,0.0,9373.68,312.46
ORD-2024-10243,P0637,WH_DELHI_N,28,10354.68,415.26,120.48,0.0,10890.42,388.94
ORD-2024-10244,P0904,WH_DELHI_N,47,10412.38,1029.95,202.24,0.0,11644.57,247.76
ORD-2024-10245,P0135,WH_BLR_S,45,27443.25,822.95,193.63,0.0,28459.83,632.44
ORD-2024-10246,P0476,WH_BLR_S,23,12260.84,863.26,98.97,0.0,13223.07,574.92
ORD-2024-10247,P0824,WH_MUMBAI_W,19,15678.419999999998,1500.68,81.76,0.0,17260.86,908.47
ORD-2024-10248,P0357,WH_NAGPUR_C,25,12139.75,1551.92,107.57,0.0,13799.24,551.97
ORD-2024-10249,P0230,WH_KOLKATA_E,24,8414.880000000001,805.61,103.27,0.0,9323.76,388.49
ORD-2024-10250,P0300,WH_BLR_S,1,403.88,1413.34,4.3,0.0,1821.52,1821.52
ORD-2024-10251,P0202,WH_MUMBAI_W,28,8076.04,506.42,120.48,0.0,8702.94,310.82
ORD-2024-10252,P0824,WH_MUMBAI_W,29,23930.219999999998,380.41,124.79,0.0,24435.42,842.6
ORD-2024-10253,P0719,WH_DELHI_N,44,10308.76,1129.26,189.33,0.0,11627.35,264.26
ORD-2024-10254,P0458,WH_NAGPUR_C,35,28553.0,920.2,150.6,0.0,29623.8,846.39
ORD-2024-10255,P0673,WH_KOLKATA_E,17,8451.38,1214.35,73.15,0.0,9738.88,572.88
ORD-2024-10256,P0022,WH_MUMBAI_W,11,6370.65,259.23,47.33,0.0,6677.21,607.02
ORD-2024-10257,P0458,WH_DELHI_N,37,30184.6,864.51,159.21,0.0,31208.32,843.47
ORD-2024-10258,P0202,WH_NAGPUR_C,7,2019.01,1147.95,30.12,0.0,3197.08,456.73
ORD-2024-10259,P0189,WH_NAGPUR_C,26,16539.38,872.92,111.88,0.0,17524.18,674.01
ORD-2024-10260,P0633,WH_NAGPUR_C,23,11218.71,481.51,98.97,0.0,11799.19,513.01
ORD-2024-10261,P0511,WH_KOLKATA_E,18,11027.16,806.18,77.45,0.0,11910.79,661.71
ORD-2024-10262,P0410,WH_DELHI_N,29,14885.989999999998,936.76,124.79,0.0,15947.54,549.92
ORD-2024-10263,P0102,WH_KOLKATA_E,39,3642.21,884.07,167.82,0.0,4694.1,120.36
ORD-2024-10264,P0079,WH_MUMBAI_W,34,1593.58,983.36,146.3,0.0,2723.24,80.1
ORD-2024-10265,P0125,WH_KOLKATA_E,38,7316.14,789.99,163.51,0.0,8269.64,217.62
ORD-2024-10266,P0011,WH_KOLKATA_E,8,3412.48,700.02,34.42,0.0,4146.92,518.36
ORD-2024-10267,P0198,WH_BLR_S,21,15059.52,144.91,90.36,0.0,15294.79,728.32
ORD-2024-10268,P0915,WH_MUMBAI_W,21,14401.38,222.55,90.36,0.0,14714.29,700.68
ORD-2024-10269,P0981,WH_KOLKATA_E,49,3102.68,947.24,210.85,0.0,4260.77,86.95
ORD-2024-10270,P0091,WH_MUMBAI_W,36,23994.72,1429.84,154.91,0.0,25579.47,710.54
ORD-2024-10271,P0267,WH_DELHI_N,17,3642.25,1317.65,73.15,0.0,5033.05,296.06
ORD-2024-10272,P0521,WH_BLR_S,16,9277.28,981.72,68.85,0.0,10327.85,645.49
ORD-2024-10273,P0598,WH_NAGPUR_C,15,3261.15,1025.55,64.54,0.0,4351.24,290.08
ORD-2024-10274,P0363,WH_MUMBAI_W,15,10320.449999999999,1610.5,64.54,0.0,11995.49,799.7
ORD-2024-10275,P0641,WH_MUMBAI_W,40,21180.0,1596.63,172.12,0.0,22948.75,573.72
ORD-2024-10276,P0836,WH_KOLKATA_E,17,6482.950000000001,1523.17,73.15,0.0,8079.27,475.25
ORD-2024-10277,P0904,WH_KOLKATA_E,1,221.54,228.09,4.3,0.0,453.93,453.93
ORD-2024-10278,P0673,WH_MUMBAI_W,13,6462.82,1071.9,55.94,0.0,7590.66,583.9
ORD-2024-10279,P0780,WH_MUMBAI_W,38,24275.920000000002,1315.45,163.51,0.0,25754.88,677.76
ORD-2024-10280,P0524,WH_KOLKATA_E,10,1493.4,298.92,43.03,0.0,1835.35,183.54
ORD-2024-10281,P0084,WH_NAGPUR_C,33,27032.94,696.68,142.0,0.0,27871.62,844.59
ORD-2024-10282,P0857,WH_BLR_S,26,13452.4,383.1,111.88,0.0,13947.38,536.44
ORD-2024-10283,P0915,WH_BLR_S,12,8229.36,715.12,51.64,0.0,8996.12,749.68
ORD-2024-10284,P0021,WH_MUMBAI_W,19,4698.13,736.65,81.76,0.0,5516.54,290.34
ORD-2024-10285,P0371,WH_MUMBAI_W,15,2570.85,515.02,64.54,0.0,3150.41,210.03
ORD-2024-10286,P0109,WH_KOLKATA_E,5,2271.25,876.11,21.51,0.0,3168.87,633.77
ORD-2024-10287,P0884,WH_NAGPUR_C,2,568.68,324.23,8.61,0.0,901.52,450.76
ORD-2024-10288,P0909,WH_NAGPUR_C,14,4630.92,1416.07,60.24,0.0,6107.23,436.23
ORD-2024-10289,P0840,WH_BLR_S,29,9490.25,362.96,124.79,0.0,9978.0,344.07
ORD-2024-10290,P0641,WH_MUMBAI_W,41,21709.5,777.23,176.42,0.0,22663.15,552.76
ORD-2024-10291,P0458,WH_NAGPUR_C,1,815.8,553.7,4.3,0.0,1373.8,1373.8
ORD-2024-10292,P0021,WH_NAGPUR_C,13,3214.51,755.16,55.94,0.0,4025.61,309.66
ORD-2024-10293,P0316,WH_KOLKATA_E,49,34399.47,692.08,210.85,0.0,35302.4,720.46
ORD-2024-10294,P0202,WH_MUMBAI_W,32,9229.76,1569.17,137.69,0.0,10936.62,341.77
ORD-2024-10295,P0565,WH_MUMBAI_W,34,4032.74,1082.13,146.3,0.0,5261.17,154.74
ORD-2024-10296,P0998,WH_NAGPUR_C,14,944.5799999999999,95.6674,60.24,0.0,1100.49,78.61
ORD-2024-10297,P0892,WH_BLR_S,38,2392.1,1288.9,163.51,0.0,3844.51,101.17
ORD-2024-10298,P0410,WH_DELHI_N,38,19505.78,997.9,163.51,0.0,20667.19,543.87
ORD-2024-10299,P0565,WH_MUMBAI_W,41,4863.01,333.63,176.42,0.0,5373.06,131.05
ORD-2024-10300,P0893,WH_MUMBAI_W,15,8544.9,933.84,64.54,0.0,9543.28,636.22
ORD-2024-10301,P0337,WH_NAGPUR_C,39,12953.07,261.62,167.82,0.0,13382.51,343.14
ORD-2024-10302,P0084,WH_DELHI_N,6,4915.08,948.77,25.82,0.0,5889.67,981.61
ORD-2024-10303,P0992,WH_DELHI_N,29,14839.59,606.67,124.79,0.0,15571.05,536.93
ORD-2024-10304,P0719,WH_KOLKATA_E,37,8668.73,229.0,159.21,0.0,9056.94,244.78
ORD-2024-10305,P0834,WH_MUMBAI_W,19,12140.43,1012.78,81.76,0.0,13234.97,696.58
ORD-2024-10306,P0198,WH_NAGPUR_C,1,717.12,593.11,4.3,0.0,1314.53,1314.53
ORD-2024-10307,P0195,WH_MUMBAI_W,21,12114.06,1227.06,90.36,0.0,13431.48,639.59
ORD-2024-10308,P0780,WH_MUMBAI_W,39,24914.760000000002,1492.89,167.82,0.0,26575.47,681.42
ORD-2024-10309,P0641,WH_BLR_S,18,9531.0,458.09,77.45,0.0,10066.54,559.25
ORD-2024-10310,P0714,WH_KOLKATA_E,27,1957.2299999999998,514.08,116.18,0.0,2587.49,95.83
ORD-2024-10311,P0230,WH_DELHI_N,28,9817.36,222.88,120.48,0.0,10160.72,362.88
ORD-2024-10312,P0432,WH_MUMBAI_W,8,6110.48,785.65,34.42,0.0,6930.55,866.32
ORD-2024-10313,P0079,WH_DELHI_N,31,1452.97,1399.69,133.39,0.0,2986.05,96.32
ORD-2024-10314,P0763,WH_DELHI_N,12,9898.44,282.71,51.64,0.0,10232.79,852.73
ORD-2024-10315,P0011,WH_DELHI_N,42,17915.52,374.86,180.72,0.0,18471.1,439.79
ORD-2024-10316,P0064,WH_NAGPUR_C,6,1509.9,1238.69,25.82,0.0,2774.41,462.4
ORD-2024-10317,P0998,WH_DELHI_N,26,1754.22,1005.44,111.88,0.0,2871.54,110.44
ORD-2024-10318,P0119,WH_BLR_S,16,3683.2,315.42,68.85,0.0,4067.47,254.22
ORD-2024-10319,P0560,WH_NAGPUR_C,30,1088.4,379.35,129.09,0.0,1596.84,53.23
ORD-2024-10320,P0356,WH_DELHI_N,19,15573.539999999999,321.02,81.76,0.0,15976.32,840.86
ORD-2024-10321,P0410,WH_KOLKATA_E,18,9239.579999999998,171.76,77.45,0.0,9488.79,527.16
ORD-2024-10322,P0608,WH_DELHI_N,24,20046.96,764.08,103.27,0.0,20914.31,871.43
ORD-2024-10323,P0642,WH_KOLKATA_E,45,21961.35,249.19,193.63,0.0,22404.17,497.87
ORD-2024-10324,P0076,WH_NAGPUR_C,20,4625.2,656.16,86.06,0.0,5367.42,268.37
ORD-2024-10325,P0027,WH_BLR_S,7,3627.89,1483.08,30.12,0.0,5141.09,734.44
ORD-2024-10326,P0021,WH_KOLKATA_E,7,1730.89,143.37,30.12,0.0,1904.38,272.05
ORD-2024-10327,P0202,WH_NAGPUR_C,16,4614.88,1209.41,68.85,0.0,5893.14,368.32
ORD-2024-10328,P0079,WH_KOLKATA_E,42,1968.54,776.69,180.72,0.0,2925.95,69.67
ORD-2024-10329,P0487,WH_NAGPUR_C,47,2077.4,870.85,202.24,0.0,3150.49,67.03
ORD-2024-10330,P0971,WH_BLR_S,14,7923.58,1575.4,60.24,0.0,9559.22,682.8
ORD-2024-10331,P0022,WH_BLR_S,12,6949.799999999999,924.42,51.64,0.0,7925.86,660.49
ORD-2024-10332,P0876,WH_DELHI_N,29,12813.07,191.43,124.79,0.0,13129.29,452.73
ORD-2024-10333,P0079,WH_BLR_S,15,703.05,1365.17,64.54,0.0,2132.76,142.18
ORD-2024-10334,P0642,WH_DELHI_N,8,3904.24,919.41,34.42,0.0,4858.07,607.26
ORD-2024-10335,P0176,WH_KOLKATA_E,39,4409.73,1217.02,167.82,0.0,5794.57,148.58
ORD-2024-10336,P0824,WH_DELHI_N,9,7426.62,383.0,38.73,0.0,7848.35,872.04
ORD-2024-10337,P0907,WH_DELHI_N,46,7086.76,533.24,197.94,0.0,7817.94,169.96
ORD-2024-10338,P0837,WH_KOLKATA_E,28,18206.16,1607.09,120.48,0.0,19933.73,711.92
ORD-2024-10339,P0530,WH_MUMBAI_W,27,1682.3700000000001,707.23,116.18,0.0,2505.78,92.81
ORD-2024-10340,P0755,WH_DELHI_N,7,4253.55,942.69,30.12,0.0,5226.36,746.62
ORD-2024-10341,P0097,WH_MUMBAI_W,44,10149.48,1092.96,189.33,0.0,11431.77,259.81
ORD-2024-10342,P0759,WH_KOLKATA_E,14,7712.32,910.92,60.24,0.0,8683.48,620.25
ORD-2024-10343,P0663,WH_DELHI_N,11,9009.22,1274.48,47.33,0.0,10331.03,939.18
ORD-2024-10344,P0345,WH_KOLKATA_E,32,22514.88,585.26,137.69,0.0,23237.83,726.18
ORD-2024-10345,P0005,WH_NAGPUR_C,28,9936.92,1453.44,120.48,0.0,11510.84,411.1
ORD-2024-10346,P0688,WH_KOLKATA_E,6,1133.6399999999999,215.21,25.82,0.0,1374.67,229.11
ORD-2024-10347,P0688,WH_NAGPUR_C,35,6612.9,897.36,150.6,0.0,7660.86,218.88
ORD-2024-10348,P0027,WH_NAGPUR_C,6,3109.62,1632.7206,25.82,0.0,4768.16,794.69
ORD-2024-10349,P0062,WH_BLR_S,24,2894.16,1107.85,103.27,0.0,4105.28,171.05
ORD-2024-10350,P0135,WH_DELHI_N,9,5488.650000000001,892.82,38.73,0.0,6420.2,713.36
ORD-2024-10351,P0222,WH_MUMBAI_W,2,378.08,1563.27,8.61,0.0,1949.96,974.98
ORD-2024-10352,P0056,WH_KOLKATA_E,38,25879.14,318.52,163.51,0.0,26361.17,693.71
ORD-2024-10353,P0913,WH_BLR_S,14,9094.26,731.6,60.24,0.0,9886.1,706.15
ORD-2024-10354,P0109,WH_DELHI_N,31,14081.75,1521.79,133.39,0.0,15736.93,507.64
ORD-2024-10355,P0662,WH_DELHI_N,30,21994.5,1100.33,129.09,0.0,23223.92,774.13
ORD-2024-10356,P0021,WH_NAGPUR_C,27,6676.29,760.79,116.18,0.0,7553.26,279.75
ORD-2024-10357,P0458,WH_DELHI_N,36,29368.8,1632.7206,154.91,0.0,31156.43,865.46
ORD-2024-10358,P0975,WH_NAGPUR_C,46,1931.08,1251.62,197.94,0.0,3380.64,73.49
ORD-2024-10359,P0544,WH_BLR_S,31,14143.75,1583.2,133.39,0.0,15860.34,511.62
ORD-2024-10360,P0913,WH_DELHI_N,42,27282.780000000002,904.35,180.72,0.0,28367.85,675.42
ORD-2024-10361,P0545,WH_KOLKATA_E,6,1749.84,218.19,25.82,0.0,1993.85,332.31
ORD-2024-10362,P0596,WH_DELHI_N,43,10255.07,1595.79,185.03,0.0,12035.89,279.9
ORD-2024-10363,P0220,WH_BLR_S,45,26941.95,1317.13,193.63,0.0,28452.71,632.28
ORD-2024-10364,P0755,WH_DELHI_N,18,10937.699999999999,863.89,77.45,0.0,11879.04,659.95
ORD-2024-10365,P0634,WH_DELHI_N,14,10291.4,365.28,60.24,0.0,10716.92,765.49
ORD-2024-10366,P0592,WH_DELHI_N,20,12675.2,1493.46,86.06,0.0,14254.72,712.74
ORD-2024-10367,P0116,WH_NAGPUR_C,11,1939.41,994.06,47.33,0.0,2980.8,270.98
ORD-2024-10368,P0641,WH_DELHI_N,37,19591.5,193.38,159.21,0.0,19944.09,539.03
ORD-2024-10369,P0476,WH_BLR_S,40,21323.2,835.67,172.12,0.0,22330.99,558.27
ORD-2024-10370,P0884,WH_DELHI_N,4,1137.36,1612.14,17.21,0.0,2766.71,691.68
ORD-2024-10371,P0218,WH_DELHI_N,44,36138.96,949.37,189.33,0.0,37277.66,847.22
ORD-2024-10372,P0230,WH_DELHI_N,6,2103.7200000000003,1165.36,25.82,0.0,3294.9,549.15
ORD-2024-10373,P0634,WH_DELHI_N,23,16907.3,1125.23,98.97,0.0,18131.5,788.33
ORD-2024-10374,P0801,WH_DELHI_N,8,4719.2,844.48,34.42,0.0,5598.1,699.76
ORD-2024-10375,P0651,WH_KOLKATA_E,30,7040.7,1174.2,129.09,0.0,8343.99,278.13
ORD-2024-10376,P0641,WH_BLR_S,36,19062.0,418.05,154.91,0.0,19634.96,545.42
ORD-2024-10377,P0131,WH_DELHI_N,42,3250.8,684.31,180.72,0.0,4115.83,98.0
ORD-2024-10378,P0893,WH_BLR_S,11,6266.259999999999,1466.62,47.33,0.0,7780.21,707.29
ORD-2024-10379,P0709,WH_KOLKATA_E,47,22711.81,596.56,202.24,0.0,23510.61,500.23
ORD-2024-10380,P0909,WH_KOLKATA_E,5,1653.8999999999999,746.74,21.51,0.0,2422.15,484.43
ORD-2024-10381,P0410,WH_DELHI_N,3,1539.9299999999998,174.08,12.91,0.0,1726.92,575.64
ORD-2024-10382,P0595,WH_NAGPUR_C,15,3567.0,1443.61,64.54,0.0,5075.15,338.34
ORD-2024-10383,P0079,WH_BLR_S,2,93.74,436.96,8.61,0.0,539.31,269.65
ORD-2024-10384,P0154,WH_BLR_S,2,751.5,1051.92,8.61,0.0,1812.03,906.02
ORD-2024-10385,P0342,WH_KOLKATA_E,8,1130.08,709.98,34.42,0.0,1874.48,234.31
ORD-2024-10386,P0998,WH_BLR_S,46,3103.62,711.32,197.94,0.0,4012.88,87.24
ORD-2024-10387,P0666,WH_MUMBAI_W,30,18773.399999999998,292.8,129.09,0.0,19195.29,639.84
ORD-2024-10388,P0595,WH_NAGPUR_C,41,9749.800000000001,1621.26,176.42,0.0,11547.48,281.65
ORD-2024-10389,P0198,WH_NAGPUR_C,5,3585.6,491.56,21.51,0.0,4098.67,819.73
ORD-2024-10390,P0280,WH_BLR_S,30,16282.2,728.27,129.09,0.0,17139.56,571.32
ORD-2024-10391,P0218,WH_DELHI_N,44,36138.96,382.12,189.33,0.0,36710.41,834.33
ORD-2024-10392,P0465,WH_DELHI_N,10,5930.1,1056.12,43.03,0.0,7029.25,702.92
ORD-2024-10393,P0404,WH_BLR_S,33,20688.69,242.05,142.0,0.0,21072.74,638.57
ORD-2024-10394,P0867,WH_MUMBAI_W,24,18721.920000000002,1160.45,103.27,0.0,19985.64,832.74
ORD-2024-10395,P0276,WH_KOLKATA_E,19,12522.14,950.33,81.76,0.0,13554.23,713.38
ORD-2024-10396,P0521,WH_BLR_S,30,17394.9,1114.42,129.09,0.0,18638.41,621.28
ORD-2024-10397,P0064,WH_DELHI_N,25,6291.25,95.6674,107.57,0.0,6494.49,259.78
ORD-2024-10398,P0746,WH_KOLKATA_E,11,6481.969999999999,1262.0,47.33,0.0,7791.3,708.3
ORD-2024-10399,P0962,WH_NAGPUR_C,49,5957.42,95.6674,210.85,0.0,6263.94,127.84
ORD-2024-10400,P0430,WH_MUMBAI_W,35,19449.850000000002,1457.08,150.6,0.0,21057.53,601.64
ORD-2024-10401,P0596,WH_BLR_S,1,238.49,1272.59,4.3,0.0,1515.38,1515.38
ORD-2024-10402,P0198,WH_KOLKATA_E,17,12191.04,262.45,73.15,0.0,12526.64,736.86
ORD-2024-10403,P0410,WH_KOLKATA_E,31,15912.609999999999,1001.16,133.39,0.0,17047.16,549.91
ORD-2024-10404,P0918,WH_NAGPUR_C,6,2605.38,1557.65,25.82,0.0,4188.85,698.14
ORD-2024-10405,P0080,WH_BLR_S,13,3803.54,496.02,55.94,0.0,4355.5,335.04
ORD-2024-10406,P0176,WH_BLR_S,26,2939.8199999999997,269.55,111.88,0.0,3321.25,127.74
ORD-2024-10407,P0125,WH_KOLKATA_E,36,6931.08,713.51,154.91,0.0,7799.5,216.65
ORD-2024-10408,P0319,WH_DELHI_N,5,303.05,352.95,21.51,0.0,677.51,135.5
ORD-2024-10409,P0294,WH_NAGPUR_C,47,1781.3,1388.97,202.24,0.0,3372.51,71.76
ORD-2024-10410,P0641,WH_BLR_S,14,7413.0,1511.09,60.24,0.0,8984.33,641.74
ORD-2024-10411,P0193,WH_NAGPUR_C,15,5372.400000000001,758.33,64.54,0.0,6195.27,413.02
ORD-2024-10412,P0714,WH_KOLKATA_E,12,869.8799999999999,1632.7206,51.64,0.0,2554.24,212.85
ORD-2024-10413,P0565,WH_MUMBAI_W,46,5456.06,310.93,197.94,0.0,5964.93,129.67
ORD-2024-10414,P0700,WH_MUMBAI_W,42,34509.299999999996,1567.88,180.72,0.0,36257.9,863.28
ORD-2024-10415,P0524,WH_MUMBAI_W,8,1194.72,665.18,34.42,0.0,1894.32,236.79
ORD-2024-10416,P0971,WH_MUMBAI_W,31,17545.07,1404.79,133.39,0.0,19083.25,615.59
ORD-2024-10417,P0191,WH_MUMBAI_W,26,2384.2000000000003,1578.71,111.88,0.0,4074.79,156.72
ORD-2024-10418,P0914,WH_BLR_S,29,11236.05,660.48,124.79,0.0,12021.32,414.53
ORD-2024-10419,P0088,WH_DELHI_N,4,815.48,119.56,17.21,0.0,952.25,238.06
ORD-2024-10420,P0540,WH_NAGPUR_C,28,11089.4,524.7,120.48,0.0,11734.58,419.09
ORD-2024-10421,P0429,WH_NAGPUR_C,25,17902.75,839.38,107.57,0.0,18849.7,753.99
ORD-2024-10422,P0005,WH_BLR_S,40,14195.599999999999,1484.28,172.12,0.0,15852.0,396.3
ORD-2024-10423,P0904,WH_DELHI_N,32,7089.28,1263.32,137.69,0.0,8490.29,265.32
ORD-2024-10424,P0076,WH_NAGPUR_C,36,8325.36,1060.32,154.91,0.0,9540.59,265.02
ORD-2024-10425,P0907,WH_DELHI_N,11,1694.66,1060.07,47.33,0.0,2802.06,254.73
ORD-2024-10426,P0466,WH_DELHI_N,37,8208.08,685.73,159.21,0.0,9053.02,244.68
ORD-2024-10427,P0161,WH_NAGPUR_C,10,2864.6,1127.76,43.03,0.0,4035.39,403.54
ORD-2024-10428,P0279,WH_MUMBAI_W,38,26323.36,553.12,163.51,0.0,27039.99,711.58
ORD-2024-10429,P0620,WH_MUMBAI_W,36,4270.32,1217.16,154.91,0.0,5642.39,156.73
ORD-2024-10430,P0404,WH_MUMBAI_W,27,16927.109999999997,1032.75,116.18,0.0,18076.04,669.48
ORD-2024-10431,P0709,WH_MUMBAI_W,17,8214.91,1260.09,73.15,0.0,9548.15,561.66
ORD-2024-10432,P0276,WH_KOLKATA_E,7,4613.42,317.93,30.12,0.0,4961.47,708.78
ORD-2024-10433,P0663,WH_MUMBAI_W,9,7371.18,962.13,38.73,0.0,8372.04,930.23
ORD-2024-10434,P0714,WH_MUMBAI_W,35,2537.1499999999996,390.7,150.6,0.0,3078.45,87.96
ORD-2024-10435,P0994,WH_BLR_S,9,3022.29,617.27,38.73,0.0,3678.29,408.7
ORD-2024-10436,P0449,WH_KOLKATA_E,36,11255.4,1296.77,154.91,0.0,12707.08,352.97
ORD-2024-10437,P0479,WH_BLR_S,30,20869.2,865.77,129.09,0.0,21864.06,728.8
ORD-2024-10438,P0925,WH_MUMBAI_W,31,7447.4400000000005,201.01,133.39,0.0,7781.84,251.03
ORD-2024-10439,P0069,WH_DELHI_N,19,1912.54,1470.74,81.76,0.0,3465.04,182.37
ORD-2024-10440,P0666,WH_NAGPUR_C,41,25656.98,234.17,176.42,0.0,26067.57,635.79
ORD-2024-10441,P0666,WH_BLR_S,23,14392.939999999999,964.03,98.97,0.0,15455.94,672.0
ORD-2024-10442,P0276,WH_DELHI_N,20,13181.199999999999,811.86,86.06,0.0,14079.12,703.96
ORD-2024-10443,P0545,WH_DELHI_N,6,1749.84,682.98,25.82,0.0,2458.64,409.77
ORD-2024-10444,P0712,WH_KOLKATA_E,43,10999.4,143.29,185.03,0.0,11327.72,263.44
ORD-2024-10445,P0319,WH_BLR_S,24,1454.6399999999999,510.8,103.27,0.0,2068.71,86.2
ORD-2024-10446,P0357,WH_MUMBAI_W,47,22822.73,435.67,202.24,0.0,23460.64,499.16
ORD-2024-10447,P0030,WH_KOLKATA_E,22,8538.86,372.08,94.67,0.0,9005.61,409.35
ORD-2024-10448,P0998,WH_BLR_S,6,404.82,383.65,25.82,0.0,814.29,135.72
ORD-2024-10449,P0131,WH_BLR_S,24,1857.6000000000001,1482.26,103.27,0.0,3443.13,143.46
ORD-2024-10450,P0568,WH_BLR_S,42,31771.32,285.88,180.72,0.0,32237.92,767.57
ORD-2024-10451,P0005,WH_MUMBAI_W,22,7807.58,748.83,94.67,0.0,8651.08,393.23
ORD-2024-10452,P0041,WH_DELHI_N,18,4411.62,958.07,77.45,0.0,5447.14,302.62
ORD-2024-10453,P0524,WH_NAGPUR_C,16,2389.44,155.91,68.85,0.0,2614.2,163.39
ORD-2024-10454,P0754,WH_BLR_S,36,25908.12,833.02,154.91,0.0,26896.05,747.11
ORD-2024-10455,P0160,WH_DELHI_N,13,10391.029999999999,827.6,55.94,0.0,11274.57,867.27
ORD-2024-10456,P0583,WH_MUMBAI_W,37,15137.44,1314.49,159.21,0.0,16611.14,448.95
ORD-2024-10457,P0965,WH_MUMBAI_W,24,5919.6,233.84,103.27,0.0,6256.71,260.7
ORD-2024-10458,P0116,WH_MUMBAI_W,19,3349.89,247.52,81.76,0.0,3679.17,193.64
ORD-2024-10459,P0759,WH_BLR_S,20,11017.6,348.0,86.06,0.0,11451.66,572.58
ORD-2024-10460,P0893,WH_DELHI_N,27,15380.82,927.85,116.18,0.0,16424.85,608.33
ORD-2024-10461,P0821,WH_NAGPUR_C,17,8420.1,167.4,73.15,0.0,8660.65,509.45
ORD-2024-10462,P0567,WH_KOLKATA_E,16,5909.76,1047.3,68.85,0.0,7025.91,439.12
ORD-2024-10463,P0641,WH_KOLKATA_E,1,529.5,1274.85,4.3,0.0,1808.65,1808.65
ORD-2024-10464,P0783,WH_BLR_S,21,11515.140000000001,980.17,90.36,0.0,12585.67,599.32
ORD-2024-10465,P0102,WH_MUMBAI_W,27,2521.53,715.76,116.18,0.0,3353.47,124.2
ORD-2024-10466,P0511,WH_NAGPUR_C,1,612.62,776.45,4.3,0.0,1393.37,1393.37
ORD-2024-10467,P0904,WH_MUMBAI_W,30,6646.2,534.22,129.09,0.0,7309.51,243.65
ORD-2024-10468,P0700,WH_MUMBAI_W,20,16433.0,1372.8,86.06,0.0,17891.86,894.59
ORD-2024-10469,P0465,WH_MUMBAI_W,24,14232.24,680.78,103.27,0.0,15016.29,625.68
ORD-2024-10470,P0476,WH_DELHI_N,46,24521.68,1508.35,197.94,0.0,26227.97,570.17
ORD-2024-10471,P0103,WH_KOLKATA_E,2,259.64,1529.34,8.61,0.0,1797.59,898.8
ORD-2024-10472,P0755,WH_BLR_S,15,9114.75,480.75,64.54,0.0,9660.04,644.0
ORD-2024-10473,P0458,WH_KOLKATA_E,29,23658.199999999997,1534.35,124.79,0.0,25317.34,873.01
ORD-2024-10474,P0876,WH_NAGPUR_C,35,15464.05,1365.45,150.6,0.0,16980.1,485.15
ORD-2024-10475,P0892,WH_NAGPUR_C,13,818.35,999.18,55.94,0.0,1873.47,144.11
ORD-2024-10476,P0449,WH_KOLKATA_E,19,5940.349999999999,1396.04,81.76,0.0,7418.15,390.43
ORD-2024-10477,P0533,WH_DELHI_N,1,177.5,728.89,4.3,0.0,910.69,910.69
ORD-2024-10478,P0161,WH_BLR_S,45,12890.699999999999,980.48,193.63,0.0,14064.81,312.55
ORD-2024-10479,P0666,WH_MUMBAI_W,47,29411.66,785.73,202.24,0.0,30399.63,646.8
ORD-2024-10480,P0070,WH_KOLKATA_E,16,8497.12,1632.7206,68.85,0.0,10198.69,637.42
ORD-2024-10481,P0673,WH_KOLKATA_E,43,21377.02,920.9,185.03,0.0,22482.95,522.86
ORD-2024-10482,P0592,WH_BLR_S,3,1901.28,452.92,12.91,0.0,2367.11,789.04
ORD-2024-10483,P0581,WH_NAGPUR_C,40,1547.2,1175.74,172.12,0.0,2895.06,72.38
ORD-2024-10484,P0672,WH_NAGPUR_C,6,1493.16,1191.99,25.82,0.0,2710.97,451.83
ORD-2024-10485,P0746,WH_MUMBAI_W,31,18267.37,1489.08,133.39,0.0,19889.84,641.61
ORD-2024-10486,P0918,WH_NAGPUR_C,5,2171.15,143.54,21.51,0.0,2336.2,467.24
ORD-2024-10487,P0371,WH_DELHI_N,26,4456.139999999999,1200.42,111.88,0.0,5768.44,221.86
ORD-2024-10488,P0915,WH_DELHI_N,28,19201.84,967.27,120.48,0.0,20289.59,724.63
ORD-2024-10489,P0666,WH_MUMBAI_W,15,9386.699999999999,1108.01,64.54,0.0,10559.25,703.95
ORD-2024-10490,P0213,WH_MUMBAI_W,9,3875.22,911.44,38.73,0.0,4825.39,536.15
ORD-2024-10491,P0353,WH_BLR_S,22,17805.48,555.8,94.67,0.0,18455.95,838.91
ORD-2024-10492,P0372,WH_NAGPUR_C,37,24148.05,272.61,159.21,0.0,24579.87,664.32
ORD-2024-10493,P0189,WH_MUMBAI_W,21,13358.73,510.43,90.36,0.0,13959.52,664.74
ORD-2024-10494,P0261,WH_BLR_S,42,18483.78,1104.09,180.72,0.0,19768.59,470.68
ORD-2024-10495,P0716,WH_MUMBAI_W,29,10763.93,157.29,124.79,0.0,11046.01,380.9
ORD-2024-10496,P0021,WH_NAGPUR_C,26,6429.02,1416.28,111.88,0.0,7957.18,306.05
ORD-2024-10497,P0391,WH_MUMBAI_W,6,4745.16,676.21,25.82,0.0,5447.19,907.86
ORD-2024-10498,P0592,WH_KOLKATA_E,11,6971.36,228.78,47.33,0.0,7247.47,658.86
ORD-2024-10499,P0915,WH_NAGPUR_C,36,24688.079999999998,1570.41,154.91,0.0,26413.4,733.71
ORD-2024-10500,P0956,WH_BLR_S,20,14247.8,401.03,86.06,0.0,14734.89,736.74
ORD-2024-10501,P0560,WH_NAGPUR_C,44,1596.3200000000002,244.47,189.33,0.0,2030.12,46.14
ORD-2024-10502,P0913,WH_NAGPUR_C,20,12991.800000000001,202.3,86.06,0.0,13280.16,664.01
ORD-2024-10503,P0709,WH_BLR_S,27,13047.210000000001,939.83,116.18,0.0,14103.22,522.34
ORD-2024-10504,P0150,WH_MUMBAI_W,6,1347.18,614.19,25.82,0.0,1987.19,331.2
ORD-2024-10505,P0530,WH_NAGPUR_C,33,2056.23,1428.63,142.0,0.0,3626.86,109.9
ORD-2024-10506,P0230,WH_BLR_S,30,10518.6,996.53,129.09,0.0,11644.22,388.14
ORD-2024-10507,P0022,WH_MUMBAI_W,34,19691.1,560.96,146.3,0.0,20398.36,599.95
ORD-2024-10508,P0911,WH_KOLKATA_E,5,145.9,929.32,21.51,0.0,1096.73,219.35
ORD-2024-10509,P0143,WH_KOLKATA_E,16,10128.8,1632.7206,68.85,0.0,11830.37,739.4
ORD-2024-10510,P0904,WH_MUMBAI_W,12,2658.48,1472.87,51.64,0.0,4182.99,348.58
ORD-2024-10511,P0347,WH_KOLKATA_E,12,9946.56,380.89,51.64,0.0,10379.09,864.92
ORD-2024-10512,P0276,WH_MUMBAI_W,11,7249.66,1553.82,47.33,0.0,8850.81,804.62
ORD-2024-10513,P0091,WH_NAGPUR_C,21,13996.92,588.35,90.36,0.0,14675.63,698.84
ORD-2024-10514,P0852,WH_BLR_S,7,4629.099999999999,661.06,30.12,0.0,5320.28,760.04
ORD-2024-10515,P0150,WH_DELHI_N,34,7634.02,954.51,146.3,0.0,8734.83,256.91
ORD-2024-10516,P0567,WH_MUMBAI_W,29,10711.44,1339.0,124.79,0.0,12175.23,419.84
ORD-2024-10517,P0821,WH_NAGPUR_C,6,2971.8,638.63,25.82,0.0,3636.25,606.04
ORD-2024-10518,P0479,WH_NAGPUR_C,36,25043.04,1162.93,154.91,0.0,26360.88,732.25
ORD-2024-10519,P0109,WH_KOLKATA_E,34,15444.5,398.16,146.3,0.0,15988.96,470.26
ORD-2024-10520,P0904,WH_NAGPUR_C,49,10855.46,624.93,210.85,0.0,11691.24,238.6
ORD-2024-10521,P0176,WH_NAGPUR_C,8,904.56,1541.16,34.42,0.0,2480.14,310.02
ORD-2024-10522,P0569,WH_BLR_S,37,22977.739999999998,686.13,159.21,0.0,23823.08,643.87
ORD-2024-10523,P0125,WH_DELHI_N,10,1925.3,1331.28,43.03,0.0,3299.61,329.96
ORD-2024-10524,P0926,WH_NAGPUR_C,16,8688.16,125.47,68.85,0.0,8882.48,555.16
ORD-2024-10525,P0642,WH_DELHI_N,2,976.06,209.78,8.61,0.0,1194.45,597.22
ORD-2024-10526,P0568,WH_DELHI_N,19,14372.740000000002,152.53,81.76,0.0,14607.03,768.79
ORD-2024-10527,P0672,WH_BLR_S,7,1742.02,1165.76,30.12,0.0,2937.9,419.7
ORD-2024-10528,P0791,WH_MUMBAI_W,2,681.06,122.52,8.61,0.0,812.19,406.1
ORD-2024-10529,P0150,WH_MUMBAI_W,45,10103.85,1016.37,193.63,0.0,11313.85,251.42
ORD-2024-10530,P0926,WH_BLR_S,23,12489.23,511.13,98.97,0.0,13099.33,569.54
ORD-2024-10531,P0372,WH_MUMBAI_W,31,20232.149999999998,306.94,133.39,0.0,20672.48,666.85
ORD-2024-10532,P0712,WH_NAGPUR_C,4,1023.2,1238.6,17.21,0.0,2279.01,569.75
ORD-2024-10533,P0083,WH_DELHI_N,16,8702.08,917.45,68.85,0.0,9688.38,605.52
ORD-2024-10534,P0458,WH_NAGPUR_C,10,8158.0,1482.64,43.03,0.0,9683.67,968.37
ORD-2024-10535,P0994,WH_MUMBAI_W,49,16454.69,1234.77,210.85,0.0,17900.31,365.31
ORD-2024-10536,P0189,WH_NAGPUR_C,21,13358.73,592.27,90.36,0.0,14041.36,668.64
ORD-2024-10537,P0353,WH_DELHI_N,28,22661.52,215.42,120.48,0.0,22997.42,821.34
ORD-2024-10538,P0150,WH_BLR_S,46,10328.38,982.88,197.94,0.0,11509.2,250.2
ORD-2024-10539,P0975,WH_BLR_S,12,503.76,688.29,51.64,0.0,1243.69,103.64
ORD-2024-10540,P0956,WH_MUMBAI_W,13,9261.07,451.08,55.94,0.0,9768.09,751.39
ORD-2024-10541,P0218,WH_MUMBAI_W,40,32853.6,1002.87,172.12,0.0,34028.59,850.71
ORD-2024-10542,P0796,WH_BLR_S,17,9648.01,1076.61,73.15,0.0,10797.77,635.16
ORD-2024-10543,P0857,WH_BLR_S,18,9313.199999999999,631.3,77.45,0.0,10021.95,556.78
ORD-2024-10544,P0079,WH_KOLKATA_E,10,468.7,1180.95,43.03,0.0,1692.68,169.27
ORD-2024-10545,P0909,WH_DELHI_N,28,9261.84,299.67,120.48,0.0,9681.99,345.79
ORD-2024-10546,P0195,WH_NAGPUR_C,13,7499.18,1222.28,55.94,0.0,8777.4,675.18
ORD-2024-10547,P0565,WH_NAGPUR_C,34,4032.74,254.17,146.3,0.0,4433.21,130.39
ORD-2024-10548,P0371,WH_MUMBAI_W,49,8398.109999999999,1200.57,210.85,0.0,9809.53,200.19
ORD-2024-10549,P0267,WH_KOLKATA_E,6,1285.5,761.85,25.82,0.0,2073.17,345.53
ORD-2024-10550,P0119,WH_MUMBAI_W,12,2762.3999999999996,244.39,51.64,0.0,3058.43,254.87
ORD-2024-10551,P0476,WH_BLR_S,29,15459.320000000002,95.6674,124.79,0.0,15679.78,540.68
ORD-2024-10552,P0642,WH_DELHI_N,13,6344.389999999999,1411.98,55.94,0.0,7812.31,600.95
ORD-2024-10553,P0410,WH_BLR_S,26,13346.059999999998,1412.78,111.88,0.0,14870.72,571.95
ORD-2024-10554,P0560,WH_KOLKATA_E,4,145.12,622.82,17.21,0.0,785.15,196.29
ORD-2024-10555,P0347,WH_NAGPUR_C,15,12433.2,1031.48,64.54,0.0,13529.22,901.95
ORD-2024-10556,P0627,WH_DELHI_N,16,13507.2,1403.16,68.85,0.0,14979.21,936.2
ORD-2024-10557,P0568,WH_BLR_S,19,14372.740000000002,386.84,81.76,0.0,14841.34,781.12
ORD-2024-10558,P0159,WH_DELHI_N,47,18643.02,883.0,202.24,0.0,19728.26,419.75
ORD-2024-10559,P0595,WH_KOLKATA_E,26,6182.8,737.26,111.88,0.0,7031.94,270.46
ORD-2024-10560,P0429,WH_NAGPUR_C,32,22915.52,503.11,137.69,0.0,23556.32,736.14
ORD-2024-10561,P0410,WH_DELHI_N,6,3079.8599999999997,433.99,25.82,0.0,3539.67,589.95
ORD-2024-10562,P0102,WH_KOLKATA_E,6,560.34,1442.93,25.82,0.0,2029.09,338.18
ORD-2024-10563,P0115,WH_DELHI_N,5,3831.5499999999997,1186.3,21.51,0.0,5039.36,1007.87
ORD-2024-10564,P0080,WH_DELHI_N,2,585.16,977.05,8.61,0.0,1570.82,785.41
ORD-2024-10565,P0589,WH_KOLKATA_E,2,574.7,1026.41,8.61,0.0,1609.72,804.86
ORD-2024-10566,P0852,WH_KOLKATA_E,37,24468.1,761.96,159.21,0.0,25389.27,686.2
ORD-2024-10567,P0335,WH_NAGPUR_C,3,2526.5099999999998,1296.28,12.91,0.0,3835.7,1278.57
ORD-2024-10568,P0159,WH_BLR_S,6,2379.96,1158.37,25.82,0.0,3564.15,594.02
ORD-2024-10569,P0651,WH_MUMBAI_W,31,7275.39,751.17,133.39,0.0,8159.95,263.22
ORD-2024-10570,P0634,WH_DELHI_N,43,31609.3,442.97,185.03,0.0,32237.3,749.7
ORD-2024-10571,P0430,WH_KOLKATA_E,5,2778.55,268.41,21.51,0.0,3068.47,613.69
ORD-2024-10572,P0544,WH_NAGPUR_C,46,20987.5,1370.93,197.94,0.0,22556.37,490.36
ORD-2024-10573,P0297,WH_BLR_S,10,4447.7,1224.66,43.03,0.0,5715.39,571.54
ORD-2024-10574,P0673,WH_DELHI_N,27,13422.779999999999,712.75,116.18,0.0,14251.71,527.84
ORD-2024-10575,P0005,WH_KOLKATA_E,24,8517.36,342.41,103.27,0.0,8963.04,373.46
ORD-2024-10576,P0230,WH_DELHI_N,22,7713.64,1264.99,94.67,0.0,9073.3,412.42
ORD-2024-10577,P0143,WH_MUMBAI_W,25,15826.249999999998,593.69,107.57,0.0,16527.51,661.1
ORD-2024-10578,P0673,WH_BLR_S,3,1491.42,1236.05,12.91,0.0,2740.38,913.46
ORD-2024-10579,P0927,WH_MUMBAI_W,16,1502.24,1229.07,68.85,0.0,2800.16,175.01
ORD-2024-10580,P0907,WH_MUMBAI_W,30,4621.8,1497.26,129.09,0.0,6248.15,208.27
ORD-2024-10581,P0254,WH_NAGPUR_C,48,2678.88,229.29,206.54,0.0,3114.71,64.89
ORD-2024-10582,P0971,WH_DELHI_N,43,24336.710000000003,1124.4,185.03,0.0,25646.14,596.42
ORD-2024-10583,P0965,WH_NAGPUR_C,4,986.6,1293.69,17.21,0.0,2297.5,574.38
ORD-2024-10584,P0666,WH_BLR_S,43,26908.539999999997,483.72,185.03,0.0,27577.29,641.33
ORD-2024-10585,P0465,WH_DELHI_N,40,23720.4,1290.39,172.12,0.0,25182.91,629.57
ORD-2024-10586,P0337,WH_NAGPUR_C,16,5314.08,617.57,68.85,0.0,6000.5,375.03
ORD-2024-10587,P0708,WH_KOLKATA_E,40,8345.2,1144.45,172.12,0.0,9661.77,241.54
ORD-2024-10588,P0892,WH_KOLKATA_E,41,2580.9500000000003,1179.83,176.42,0.0,3937.2,96.03
ORD-2024-10589,P0719,WH_BLR_S,46,10777.34,1520.02,197.94,0.0,12495.3,271.64
ORD-2024-10590,P0027,WH_DELHI_N,8,4146.16,1612.99,34.42,0.0,5793.57,724.2
ORD-2024-10591,P0719,WH_DELHI_N,24,5622.96,1624.04,103.27,0.0,7350.27,306.26
ORD-2024-10592,P0083,WH_NAGPUR_C,16,8702.08,1188.12,68.85,0.0,9959.05,622.44
ORD-2024-10593,P0568,WH_DELHI_N,27,20424.420000000002,992.65,116.18,0.0,21533.25,797.53
ORD-2024-10594,P0565,WH_KOLKATA_E,2,237.22,1110.57,8.61,0.0,1356.4,678.2
ORD-2024-10595,P0913,WH_BLR_S,20,12991.800000000001,1230.57,86.06,0.0,14308.43,715.42
ORD-2024-10596,P0748,WH_NAGPUR_C,20,3604.0,1378.99,86.06,0.0,5069.05,253.45
ORD-2024-10597,P0641,WH_MUMBAI_W,20,10590.0,526.42,86.06,0.0,11202.48,560.12
ORD-2024-10598,P0914,WH_DELHI_N,19,7361.55,1207.3,81.76,0.0,8650.61,455.3
ORD-2024-10599,P0189,WH_DELHI_N,18,11450.34,348.9,77.45,0.0,11876.69,659.82
ORD-2024-10600,P0565,WH_DELHI_N,13,1541.93,324.55,55.94,0.0,1922.42,147.88
ORD-2024-10601,P0521,WH_MUMBAI_W,17,9857.11,1330.25,73.15,0.0,11260.51,662.38
ORD-2024-10602,P0479,WH_DELHI_N,33,22956.12,928.3,142.0,0.0,24026.42,728.07
ORD-2024-10603,P0884,WH_BLR_S,28,7961.5199999999995,901.01,120.48,0.0,8983.01,320.82
ORD-2024-10604,P0159,WH_KOLKATA_E,5,1983.3000000000002,613.13,21.51,0.0,2617.94,523.59
ORD-2024-10605,P0084,WH_DELHI_N,28,22937.039999999997,459.51,120.48,0.0,23517.03,839.89
ORD-2024-10606,P0070,WH_BLR_S,25,13276.750000000002,1073.63,107.57,0.0,14457.95,578.32
ORD-2024-10607,P0700,WH_BLR_S,20,16433.0,288.1,86.06,0.0,16807.16,840.36
ORD-2024-10608,P0672,WH_KOLKATA_E,21,5226.06,1187.22,90.36,0.0,6503.64,309.7
ORD-2024-10609,P0641,WH_DELHI_N,13,6883.5,889.08,55.94,0.0,7828.52,602.19
ORD-2024-10610,P0254,WH_BLR_S,6,334.86,1130.73,25.82,0.0,1491.41,248.57
ORD-2024-10611,P0062,WH_KOLKATA_E,29,3497.11,176.65,124.79,0.0,3798.55,130.98
ORD-2024-10612,P0596,WH_KOLKATA_E,42,10016.58,813.51,180.72,0.0,11010.81,262.16
ORD-2024-10613,P0084,WH_NAGPUR_C,9,7372.62,654.48,38.73,0.0,8065.83,896.2
ORD-2024-10614,P0581,WH_BLR_S,29,1121.72,928.69,124.79,0.0,2175.2,75.01
ORD-2024-10615,P0195,WH_BLR_S,38,21920.68,1503.46,163.51,0.0,23587.65,620.73
ORD-2024-10616,P0780,WH_DELHI_N,1,638.84,1159.69,4.3,0.0,1802.83,1802.83
ORD-2024-10617,P0276,WH_MUMBAI_W,30,19771.8,1255.69,129.09,0.0,21156.58,705.22
ORD-2024-10618,P0335,WH_KOLKATA_E,32,26949.44,1150.12,137.69,0.0,28237.25,882.41
ORD-2024-10619,P0824,WH_DELHI_N,23,18979.14,306.68,98.97,0.0,19384.79,842.82
ORD-2024-10620,P0533,WH_NAGPUR_C,39,6922.5,888.03,167.82,0.0,7978.35,204.57
ORD-2024-10621,P0748,WH_NAGPUR_C,10,1802.0,1273.0,43.03,0.0,3118.03,311.8
ORD-2024-10622,P0926,WH_NAGPUR_C,44,23892.44,940.6,189.33,0.0,25022.37,568.69
ORD-2024-10623,P0371,WH_MUMBAI_W,21,3599.1899999999996,1568.78,90.36,0.0,5258.33,250.4
ORD-2024-10624,P0560,WH_DELHI_N,26,943.28,912.08,111.88,0.0,1967.24,75.66
ORD-2024-10625,P0458,WH_NAGPUR_C,15,12237.0,924.5,64.54,0.0,13226.04,881.74
ORD-2024-10626,P0911,WH_KOLKATA_E,17,496.06,301.01,73.15,0.0,870.22,51.19
ORD-2024-10627,P0840,WH_NAGPUR_C,35,11453.75,266.48,150.6,0.0,11870.83,339.17
ORD-2024-10628,P0633,WH_BLR_S,25,12194.25,241.54,107.57,0.0,12543.36,501.73
ORD-2024-10629,P0222,WH_MUMBAI_W,15,2835.6,356.6,64.54,0.0,3256.74,217.12
ORD-2024-10630,P0079,WH_KOLKATA_E,33,1546.7099999999998,1088.49,142.0,0.0,2777.2,84.16
ORD-2024-10631,P0511,WH_KOLKATA_E,11,6738.82,498.73,47.33,0.0,7284.88,662.26
ORD-2024-10632,P0105,WH_BLR_S,24,16337.28,338.48,103.27,0.0,16779.03,699.13
ORD-2024-10633,P0056,WH_DELHI_N,6,4086.18,1148.47,25.82,0.0,5260.47,876.74
ORD-2024-10634,P0904,WH_NAGPUR_C,28,6203.12,1331.17,120.48,0.0,7654.77,273.38
ORD-2024-10635,P0592,WH_MUMBAI_W,29,18379.04,179.67,124.79,0.0,18683.5,644.26
ORD-2024-10636,P0150,WH_NAGPUR_C,48,10777.44,866.53,206.54,0.0,11850.51,246.89
ORD-2024-10637,P0641,WH_KOLKATA_E,21,11119.5,387.64,90.36,0.0,11597.5,552.26
ORD-2024-10638,P0371,WH_BLR_S,12,2056.68,1519.4,51.64,0.0,3627.72,302.31
ORD-2024-10639,P0342,WH_MUMBAI_W,22,3107.72,716.77,94.67,0.0,3919.16,178.14
ORD-2024-10640,P0712,WH_BLR_S,27,6906.6,1138.36,116.18,0.0,8161.14,302.26
ORD-2024-10641,P0693,WH_NAGPUR_C,21,8575.56,879.98,90.36,0.0,9545.9,454.57
ORD-2024-10642,P0041,WH_KOLKATA_E,15,3676.35,1231.46,64.54,0.0,4972.35,331.49
ORD-2024-10643,P0521,WH_MUMBAI_W,18,10436.94,881.36,77.45,0.0,11395.75,633.1
ORD-2024-10644,P0904,WH_MUMBAI_W,10,2215.4,1628.23,43.03,0.0,3886.66,388.67
ORD-2024-10645,P0191,WH_BLR_S,22,2017.4,674.53,94.67,0.0,2786.6,126.66
ORD-2024-10646,P0125,WH_MUMBAI_W,44,8471.32,1237.63,189.33,0.0,9898.28,224.96
ORD-2024-10647,P0759,WH_KOLKATA_E,20,11017.6,223.3,86.06,0.0,11326.96,566.35
ORD-2024-10648,P0801,WH_DELHI_N,19,11208.1,385.2,81.76,0.0,11675.06,614.48
ORD-2024-10649,P0363,WH_KOLKATA_E,28,19264.84,900.98,120.48,0.0,20286.3,724.51
ORD-2024-10650,P0994,WH_DELHI_N,37,12424.97,457.21,159.21,0.0,13041.39,352.47
ORD-2024-10651,P0368,WH_MUMBAI_W,44,36026.759999999995,117.09,189.33,0.0,36333.18,825.75
ORD-2024-10652,P0076,WH_MUMBAI_W,1,231.26,594.93,4.3,0.0,830.49,830.49
ORD-2024-10653,P0213,WH_NAGPUR_C,34,14639.72,605.68,146.3,0.0,15391.7,452.7
ORD-2024-10654,P0674,WH_KOLKATA_E,35,8785.7,1155.87,150.6,0.0,10092.17,288.35
ORD-2024-10655,P0119,WH_NAGPUR_C,26,5985.2,360.48,111.88,0.0,6457.56,248.37
ORD-2024-10656,P0337,WH_MUMBAI_W,30,9963.9,1527.67,129.09,0.0,11620.66,387.36
ORD-2024-10657,P0432,WH_BLR_S,12,9165.72,541.16,51.64,0.0,9758.52,813.21
ORD-2024-10658,P0911,WH_BLR_S,14,408.52,1632.7206,60.24,0.0,2101.48,150.11
ORD-2024-10659,P0840,WH_NAGPUR_C,39,12762.75,708.62,167.82,0.0,13639.19,349.72
ORD-2024-10660,P0115,WH_DELHI_N,4,3065.24,1209.6,17.21,0.0,4292.05,1073.01
ORD-2024-10661,P0994,WH_DELHI_N,12,4029.7200000000003,1156.54,51.64,0.0,5237.9,436.49
ORD-2024-10662,P0876,WH_DELHI_N,24,10603.92,546.03,103.27,0.0,11253.22,468.88
ORD-2024-10663,P0836,WH_MUMBAI_W,40,15254.0,706.22,172.12,0.0,16132.34,403.31
ORD-2024-10664,P0280,WH_MUMBAI_W,31,16824.94,403.95,133.39,0.0,17362.28,560.07
ORD-2024-10665,P0335,WH_KOLKATA_E,1,842.17,1463.98,4.3,0.0,2310.45,2310.45
ORD-2024-10666,P0102,WH_KOLKATA_E,37,3455.43,1443.62,159.21,0.0,5058.26,136.71
ORD-2024-10667,P0319,WH_DELHI_N,1,60.61,543.87,4.3,0.0,608.78,608.78
ORD-2024-10668,P0918,WH_DELHI_N,15,6513.450000000001,675.07,64.54,0.0,7253.06,483.54
ORD-2024-10669,P0267,WH_MUMBAI_W,13,2785.25,482.04,55.94,0.0,3323.23,255.63
ORD-2024-10670,P0688,WH_BLR_S,29,5479.26,599.51,124.79,0.0,6203.56,213.92
ORD-2024-10671,P0213,WH_NAGPUR_C,45,19376.1,308.3,193.63,0.0,19878.03,441.73
ORD-2024-10672,P0064,WH_NAGPUR_C,4,1006.6,1087.77,17.21,0.0,2111.58,527.9
ORD-2024-10673,P0160,WH_MUMBAI_W,15,11989.65,1227.27,64.54,0.0,13281.46,885.43
ORD-2024-10674,P0852,WH_KOLKATA_E,44,29097.199999999997,583.35,189.33,0.0,29869.88,678.86
ORD-2024-10675,P0332,WH_BLR_S,40,25452.0,864.23,172.12,0.0,26488.35,662.21
ORD-2024-10676,P0834,WH_NAGPUR_C,48,30670.56,272.16,206.54,0.0,31149.26,648.94
ORD-2024-10677,P0105,WH_DELHI_N,12,8168.64,993.71,51.64,0.0,9213.99,767.83
ORD-2024-10678,P0487,WH_NAGPUR_C,25,1105.0,543.56,107.57,0.0,1756.13,70.25
ORD-2024-10679,P0759,WH_NAGPUR_C,27,14873.76,445.82,116.18,0.0,15435.76,571.69
ORD-2024-10680,P0429,WH_DELHI_N,6,4296.66,105.94,25.82,0.0,4428.42,738.07
ORD-2024-10681,P0276,WH_BLR_S,23,15158.38,840.74,98.97,0.0,16098.09,699.92
ORD-2024-10682,P0876,WH_NAGPUR_C,15,6627.45,1221.67,64.54,0.0,7913.66,527.58
ORD-2024-10683,P0228,WH_MUMBAI_W,39,9947.73,422.35,167.82,0.0,10537.9,270.2
ORD-2024-10684,P0866,WH_BLR_S,5,2796.7000000000003,277.09,21.51,0.0,3095.3,619.06
ORD-2024-10685,P0988,WH_NAGPUR_C,23,18813.54,1031.6,98.97,0.0,19944.11,867.14
ORD-2024-10686,P0914,WH_MUMBAI_W,15,5811.75,1056.97,64.54,0.0,6933.26,462.22
ORD-2024-10687,P0357,WH_NAGPUR_C,25,12139.75,556.34,107.57,0.0,12803.66,512.15
ORD-2024-10688,P0598,WH_KOLKATA_E,30,6522.3,1295.15,129.09,0.0,7946.54,264.88
ORD-2024-10689,P0533,WH_KOLKATA_E,44,7810.0,956.56,189.33,0.0,8955.89,203.54
ORD-2024-10690,P0560,WH_MUMBAI_W,43,1560.04,1310.51,185.03,0.0,3055.58,71.06
ORD-2024-10691,P0754,WH_DELHI_N,4,2878.68,1443.87,17.21,0.0,4339.76,1084.94
ORD-2024-10692,P0345,WH_MUMBAI_W,13,9146.67,1099.09,55.94,0.0,10301.7,792.44
ORD-2024-10693,P0368,WH_MUMBAI_W,40,32751.6,488.65,172.12,0.0,33412.37,835.31
ORD-2024-10694,P0553,WH_DELHI_N,39,10448.880000000001,1139.93,167.82,0.0,11756.63,301.45
ORD-2024-10695,P0673,WH_NAGPUR_C,23,11434.22,647.64,98.97,0.0,12180.83,529.6
ORD-2024-10696,P0533,WH_KOLKATA_E,16,2840.0,456.82,68.85,0.0,3365.67,210.35
ORD-2024-10697,P0125,WH_KOLKATA_E,35,6738.55,374.06,150.6,0.0,7263.21,207.52
ORD-2024-10698,P0261,WH_BLR_S,16,7041.44,284.54,68.85,0.0,7394.83,462.18
ORD-2024-10699,P0022,WH_NAGPUR_C,48,27799.199999999997,824.1,206.54,0.0,28829.84,600.62
ORD-2024-10700,P0088,WH_DELHI_N,7,1427.0900000000001,1134.56,30.12,0.0,2591.77,370.25
ORD-2024-10701,P0335,WH_NAGPUR_C,45,37897.65,1624.11,193.63,0.0,39715.39,882.56
ORD-2024-10702,P0261,WH_KOLKATA_E,13,5721.17,1108.22,55.94,0.0,6885.33,529.64
ORD-2024-10703,P0666,WH_BLR_S,29,18147.62,595.64,124.79,0.0,18868.05,650.62
ORD-2024-10704,P0202,WH_MUMBAI_W,39,11248.77,1408.4,167.82,0.0,12824.99,328.85
ORD-2024-10705,P0992,WH_MUMBAI_W,20,10234.199999999999,1632.7206,86.06,0.0,11952.98,597.65
ORD-2024-10706,P0662,WH_BLR_S,29,21261.35,699.17,124.79,0.0,22085.31,761.56
ORD-2024-10707,P0746,WH_NAGPUR_C,18,10606.86,1380.99,77.45,0.0,12065.3,670.29
ORD-2024-10708,P0254,WH_DELHI_N,22,1227.8200000000002,1298.65,94.67,0.0,2621.14,119.14
ORD-2024-10709,P0368,WH_DELHI_N,36,29476.44,641.38,154.91,0.0,30272.73,840.91
ORD-2024-10710,P0353,WH_NAGPUR_C,41,33182.94,164.03,176.42,0.0,33523.39,817.64
ORD-2024-10711,P0316,WH_MUMBAI_W,48,33697.44,1154.95,206.54,0.0,35058.93,730.39
ORD-2024-10712,P0161,WH_KOLKATA_E,36,10312.56,1585.16,154.91,0.0,12052.63,334.8
ORD-2024-10713,P0479,WH_BLR_S,8,5565.12,310.78,34.42,0.0,5910.32,738.79
ORD-2024-10714,P0709,WH_MUMBAI_W,3,1449.69,1432.52,12.91,0.0,2895.12,965.04
ORD-2024-10715,P0084,WH_MUMBAI_W,29,23756.219999999998,437.39,124.79,0.0,24318.4,838.57
ORD-2024-10716,P0714,WH_DELHI_N,9,652.41,951.87,38.73,0.0,1643.01,182.56
ORD-2024-10717,P0422,WH_KOLKATA_E,8,3430.4,944.5,34.42,0.0,4409.32,551.16
ORD-2024-10718,P0410,WH_MUMBAI_W,30,15399.3,440.51,129.09,0.0,15968.9,532.3
ORD-2024-10719,P0834,WH_KOLKATA_E,12,7667.64,95.6674,51.64,0.0,7814.95,651.25
ORD-2024-10720,P0592,WH_MUMBAI_W,46,29152.96,318.8,197.94,0.0,29669.7,644.99
ORD-2024-10721,P0491,WH_NAGPUR_C,28,1599.92,675.39,120.48,0.0,2395.79,85.56
ORD-2024-10722,P0666,WH_DELHI_N,42,26282.76,443.5,180.72,0.0,26906.98,640.64
ORD-2024-10723,P0589,WH_KOLKATA_E,49,14080.150000000001,1112.27,210.85,0.0,15403.27,314.35
ORD-2024-10724,P0088,WH_KOLKATA_E,43,8766.41,855.01,185.03,0.0,9806.45,228.06
ORD-2024-10725,P0909,WH_BLR_S,10,3307.7999999999997,777.78,43.03,0.0,4128.61,412.86
ORD-2024-10726,P0088,WH_DELHI_N,13,2650.31,367.91,55.94,0.0,3074.16,236.47
ORD-2024-10727,P0662,WH_NAGPUR_C,2,1466.3,1072.21,8.61,0.0,2547.12,1273.56
ORD-2024-10728,P0567,WH_DELHI_N,1,369.36,1462.94,4.3,0.0,1836.6,1836.6
ORD-2024-10729,P0952,WH_KOLKATA_E,22,10957.98,1142.06,94.67,0.0,12194.71,554.3
ORD-2024-10730,P0796,WH_MUMBAI_W,33,18728.489999999998,709.53,142.0,0.0,19580.02,593.33
ORD-2024-10731,P0716,WH_KOLKATA_E,16,5938.72,95.6674,68.85,0.0,6103.24,381.45
ORD-2024-10732,P0719,WH_MUMBAI_W,42,9840.18,1270.34,180.72,0.0,11291.24,268.84
ORD-2024-10733,P0458,WH_DELHI_N,29,23658.199999999997,930.98,124.79,0.0,24713.97,852.21
ORD-2024-10734,P0540,WH_KOLKATA_E,10,3960.5,190.74,43.03,0.0,4194.27,419.43
ORD-2024-10735,P0091,WH_NAGPUR_C,39,25994.28,1134.44,167.82,0.0,27296.54,699.91
ORD-2024-10736,P0432,WH_KOLKATA_E,7,5346.67,399.1,30.12,0.0,5775.89,825.13
ORD-2024-10737,P0567,WH_NAGPUR_C,1,369.36,554.93,4.3,0.0,928.59,928.59
ORD-2024-10738,P0545,WH_KOLKATA_E,26,7582.639999999999,1112.26,111.88,0.0,8806.78,338.72
ORD-2024-10739,P0247,WH_BLR_S,45,1717.65,447.94,193.63,0.0,2359.22,52.43
ORD-2024-10740,P0466,WH_KOLKATA_E,5,1109.2,578.25,21.51,0.0,1708.96,341.79
ORD-2024-10741,P0598,WH_BLR_S,35,7609.349999999999,1160.35,150.6,0.0,8920.3,254.87
ORD-2024-10742,P0353,WH_BLR_S,13,10521.42,607.36,55.94,0.0,11184.72,860.36
ORD-2024-10743,P0592,WH_KOLKATA_E,27,17111.52,274.17,116.18,0.0,17501.87,648.22
ORD-2024-10744,P0998,WH_BLR_S,12,809.64,292.54,51.64,0.0,1153.82,96.15
ORD-2024-10745,P0716,WH_DELHI_N,30,11135.1,874.81,129.09,0.0,12139.0,404.63
ORD-2024-10746,P0300,WH_BLR_S,32,12924.16,1621.74,137.69,0.0,14683.59,458.86
ORD-2024-10747,P0904,WH_DELHI_N,31,6867.74,925.54,133.39,0.0,7926.67,255.7
ORD-2024-10748,P0091,WH_NAGPUR_C,5,3332.6,1582.03,21.51,0.0,4936.14,987.23
ORD-2024-10749,P0159,WH_NAGPUR_C,37,14676.42,1535.93,159.21,0.0,16371.56,442.47
ORD-2024-10750,P0115,WH_BLR_S,2,1532.62,1457.68,8.61,0.0,2998.91,1499.46
ORD-2024-10751,P0956,WH_NAGPUR_C,38,27070.82,777.8,163.51,0.0,28012.13,737.16
ORD-2024-10752,P0992,WH_BLR_S,7,3581.97,869.71,30.12,0.0,4481.8,640.26
ORD-2024-10753,P0286,WH_BLR_S,1,102.54,1071.77,4.3,0.0,1178.61,1178.61
ORD-2024-10754,P0565,WH_KOLKATA_E,3,355.83,107.13,12.91,0.0,475.87,158.62
ORD-2024-10755,P0470,WH_NAGPUR_C,20,14310.0,182.49,86.06,0.0,14578.55,728.93
ORD-2024-10756,P0592,WH_MUMBAI_W,2,1267.52,1547.22,8.61,0.0,2823.35,1411.68
ORD-2024-10757,P0005,WH_MUMBAI_W,42,14905.38,664.09,180.72,0.0,15750.19,375.0
ORD-2024-10758,P0213,WH_MUMBAI_W,43,18514.94,1473.9,185.03,0.0,20173.87,469.16
ORD-2024-10759,P0161,WH_NAGPUR_C,21,6015.66,378.76,90.36,0.0,6484.78,308.8
ORD-2024-10760,P0719,WH_MUMBAI_W,45,10543.05,521.57,193.63,0.0,11258.25,250.18
ORD-2024-10761,P0673,WH_KOLKATA_E,32,15908.48,297.83,137.69,0.0,16344.0,510.75
ORD-2024-10762,P0487,WH_BLR_S,48,2121.6000000000004,1243.03,206.54,0.0,3571.17,74.4
ORD-2024-10763,P0994,WH_KOLKATA_E,20,6716.2,533.38,86.06,0.0,7335.64,366.78
ORD-2024-10764,P0524,WH_DELHI_N,43,6421.62,1336.46,185.03,0.0,7943.11,184.72
ORD-2024-10765,P0267,WH_MUMBAI_W,31,6641.75,1263.16,133.39,0.0,8038.3,259.3
ORD-2024-10766,P0222,WH_NAGPUR_C,43,8128.719999999999,369.88,185.03,0.0,8683.63,201.94
ORD-2024-10767,P0568,WH_DELHI_N,33,24963.18,548.3,142.0,0.0,25653.48,777.38
ORD-2024-10768,P0492,WH_NAGPUR_C,24,16600.800000000003,876.11,103.27,0.0,17580.18,732.51
ORD-2024-10769,P0913,WH_MUMBAI_W,18,11692.62,1299.62,77.45,0.0,13069.69,726.09
ORD-2024-10770,P0962,WH_NAGPUR_C,20,2431.6,1332.53,86.06,0.0,3850.19,192.51
ORD-2024-10771,P0709,WH_MUMBAI_W,32,15463.36,956.44,137.69,0.0,16557.49,517.42
ORD-2024-10772,P0876,WH_NAGPUR_C,5,2209.15,1136.53,21.51,0.0,3367.19,673.44
ORD-2024-10773,P0410,WH_MUMBAI_W,2,1026.62,1555.94,8.61,0.0,2591.17,1295.58
ORD-2024-10774,P0708,WH_BLR_S,26,5424.38,685.29,111.88,0.0,6221.55,239.29
ORD-2024-10775,P0335,WH_KOLKATA_E,25,21054.25,286.98,107.57,0.0,21448.8,857.95
ORD-2024-10776,P0634,WH_DELHI_N,22,16172.2,336.57,94.67,0.0,16603.44,754.7
ORD-2024-10777,P0544,WH_NAGPUR_C,39,17793.75,582.24,167.82,0.0,18543.81,475.48
ORD-2024-10778,P0491,WH_MUMBAI_W,22,1257.08,269.01,94.67,0.0,1620.76,73.67
ORD-2024-10779,P0011,WH_KOLKATA_E,11,4692.16,1340.63,47.33,0.0,6080.12,552.74
ORD-2024-10780,P0907,WH_MUMBAI_W,11,1694.66,945.09,47.33,0.0,2687.08,244.28
ORD-2024-10781,P0109,WH_MUMBAI_W,45,20441.25,1175.13,193.63,0.0,21810.01,484.67
ORD-2024-10782,P0567,WH_BLR_S,4,1477.44,1545.97,17.21,0.0,3040.62,760.16
ORD-2024-10783,P0714,WH_MUMBAI_W,33,2392.1699999999996,648.36,142.0,0.0,3182.53,96.44
ORD-2024-10784,P0064,WH_MUMBAI_W,18,4529.7,1392.78,77.45,0.0,5999.93,333.33
ORD-2024-10785,P0791,WH_MUMBAI_W,31,10556.429999999998,1299.82,133.39,0.0,11989.64,386.76
ORD-2024-10786,P0422,WH_NAGPUR_C,44,18867.2,427.12,189.33,0.0,19483.65,442.81
ORD-2024-10787,P0062,WH_BLR_S,28,3376.52,295.48,120.48,0.0,3792.48,135.45
ORD-2024-10788,P0759,WH_DELHI_N,42,23136.96,236.91,180.72,0.0,23554.59,560.82
ORD-2024-10789,P0160,WH_NAGPUR_C,22,17584.82,1341.49,94.67,0.0,19020.98,864.59
ORD-2024-10790,P0837,WH_BLR_S,40,26008.800000000003,1604.47,172.12,0.0,27785.39,694.63
ORD-2024-10791,P0642,WH_BLR_S,3,1464.09,699.3,12.91,0.0,2176.3,725.43
ORD-2024-10792,P0716,WH_BLR_S,7,2598.19,849.98,30.12,0.0,3478.29,496.9
ORD-2024-10793,P0429,WH_MUMBAI_W,20,14322.2,299.5,86.06,0.0,14707.76,735.39
ORD-2024-10794,P0432,WH_BLR_S,43,32843.829999999994,1217.1,185.03,0.0,34245.96,796.42
ORD-2024-10795,P0748,WH_DELHI_N,7,1261.3999999999999,237.69,30.12,0.0,1529.21,218.46
ORD-2024-10796,P0981,WH_MUMBAI_W,7,443.24,300.6,30.12,0.0,773.96,110.57
ORD-2024-10797,P0569,WH_KOLKATA_E,29,18009.579999999998,1455.73,124.79,0.0,19590.1,675.52
ORD-2024-10798,P0294,WH_MUMBAI_W,26,985.4,487.19,111.88,0.0,1584.47,60.94
ORD-2024-10799,P0449,WH_BLR_S,41,12818.65,948.28,176.42,0.0,13943.35,340.08
ORD-2024-10800,P0276,WH_BLR_S,3,1977.1799999999998,778.83,12.91,0.0,2768.92,922.97
ORD-2024-10801,P0364,WH_KOLKATA_E,43,35961.76,377.84,185.03,0.0,36524.63,849.41
ORD-2024-10802,P0688,WH_NAGPUR_C,17,3211.98,1191.11,73.15,0.0,4476.24,263.31
ORD-2024-10803,P0748,WH_MUMBAI_W,40,7208.0,1429.29,172.12,0.0,8809.41,220.24
ORD-2024-10804,P0410,WH_KOLKATA_E,20,10266.199999999999,924.89,86.06,0.0,11277.15,563.86
ORD-2024-10805,P0279,WH_DELHI_N,34,23552.48,523.05,146.3,0.0,24221.83,712.41
ORD-2024-10806,P0254,WH_KOLKATA_E,33,1841.73,1371.32,142.0,0.0,3355.05,101.67
ORD-2024-10807,P0641,WH_DELHI_N,16,8472.0,689.95,68.85,0.0,9230.8,576.92
ORD-2024-10808,P0915,WH_MUMBAI_W,23,15772.939999999999,1238.16,98.97,0.0,17110.07,743.92
ORD-2024-10809,P0952,WH_KOLKATA_E,4,1992.36,1396.62,17.21,0.0,3406.19,851.55
ORD-2024-10810,P0783,WH_NAGPUR_C,41,22481.940000000002,1349.0,176.42,0.0,24007.36,585.55
ORD-2024-10811,P0116,WH_NAGPUR_C,40,7052.4,1221.72,172.12,0.0,8446.24,211.16
ORD-2024-10812,P0109,WH_BLR_S,33,14990.25,1496.41,142.0,0.0,16628.66,503.9
ORD-2024-10813,P0651,WH_DELHI_N,8,1877.52,1545.58,34.42,0.0,3457.52,432.19
ORD-2024-10814,P0674,WH_KOLKATA_E,5,1255.1000000000001,1517.09,21.51,0.0,2793.7,558.74
ORD-2024-10815,P0286,WH_DELHI_N,33,3383.82,698.51,142.0,0.0,4224.33,128.01
ORD-2024-10816,P0300,WH_MUMBAI_W,25,10097.0,481.31,107.57,0.0,10685.88,427.44
ORD-2024-10817,P0801,WH_NAGPUR_C,7,4129.3,1564.91,30.12,0.0,5724.33,817.76
ORD-2024-10818,P0672,WH_NAGPUR_C,47,11696.42,323.45,202.24,0.0,12222.11,260.04
ORD-2024-10819,P0041,WH_MUMBAI_W,7,1715.63,974.55,30.12,0.0,2720.3,388.61
ORD-2024-10820,P0332,WH_MUMBAI_W,33,20997.899999999998,1146.11,142.0,0.0,22286.01,675.33
ORD-2024-10821,P0105,WH_BLR_S,41,27909.52,649.06,176.42,0.0,28735.0,700.85
ORD-2024-10822,P0876,WH_NAGPUR_C,33,14580.39,506.17,142.0,0.0,15228.56,461.47
ORD-2024-10823,P0569,WH_MUMBAI_W,29,18009.579999999998,380.87,124.79,0.0,18515.24,638.46
ORD-2024-10824,P0266,WH_DELHI_N,44,9240.880000000001,245.71,189.33,0.0,9675.92,219.91
ORD-2024-10825,P0763,WH_KOLKATA_E,39,32169.93,1545.47,167.82,0.0,33883.22,868.8
ORD-2024-10826,P0353,WH_KOLKATA_E,41,33182.94,794.55,176.42,0.0,34153.91,833.02
ORD-2024-10827,P0663,WH_DELHI_N,32,26208.64,542.97,137.69,0.0,26889.3,840.29
ORD-2024-10828,P0088,WH_BLR_S,37,7543.1900000000005,419.65,159.21,0.0,8122.05,219.51
ORD-2024-10829,P0975,WH_NAGPUR_C,44,1847.12,486.35,189.33,0.0,2522.8,57.34
ORD-2024-10830,P0479,WH_KOLKATA_E,29,20173.56,949.45,124.79,0.0,21247.8,732.68
ORD-2024-10831,P0038,WH_DELHI_N,22,8727.4,546.14,94.67,0.0,9368.21,425.83
ORD-2024-10832,P0084,WH_NAGPUR_C,2,1638.36,417.98,8.61,0.0,2064.95,1032.47
ORD-2024-10833,P0404,WH_BLR_S,9,5642.37,1564.05,38.73,0.0,7245.15,805.02
ORD-2024-10834,P0372,WH_KOLKATA_E,29,18926.85,949.65,124.79,0.0,20001.29,689.7
ORD-2024-10835,P0161,WH_DELHI_N,33,9453.179999999998,299.74,142.0,0.0,9894.92,299.85
ORD-2024-10836,P0651,WH_DELHI_N,10,2346.9,1180.11,43.03,0.0,3570.04,357.0
ORD-2024-10837,P0554,WH_NAGPUR_C,28,20481.16,229.33,120.48,0.0,20830.97,743.96
ORD-2024-10838,P0125,WH_MUMBAI_W,46,8856.38,561.03,197.94,0.0,9615.35,209.03
ORD-2024-10839,P0143,WH_MUMBAI_W,46,29120.3,575.29,197.94,0.0,29893.53,649.86
ORD-2024-10840,P0927,WH_DELHI_N,39,3661.71,1153.49,167.82,0.0,4983.02,127.77
ORD-2024-10841,P0345,WH_MUMBAI_W,12,8443.08,168.67,51.64,0.0,8663.39,721.95
ORD-2024-10842,P0716,WH_DELHI_N,22,8165.740000000001,1034.12,94.67,0.0,9294.53,422.48
ORD-2024-10843,P0300,WH_DELHI_N,6,2423.2799999999997,994.79,25.82,0.0,3443.89,573.98
ORD-2024-10844,P0693,WH_MUMBAI_W,45,18376.2,748.03,193.63,0.0,19317.86,429.29
ORD-2024-10845,P0193,WH_KOLKATA_E,40,14326.400000000001,935.91,172.12,0.0,15434.43,385.86
ORD-2024-10846,P0159,WH_NAGPUR_C,23,9123.18,832.79,98.97,0.0,10054.94,437.17
ORD-2024-10847,P0038,WH_BLR_S,34,13487.8,1501.97,146.3,0.0,15136.07,445.18
ORD-2024-10848,P0998,WH_BLR_S,42,2833.74,1144.85,180.72,0.0,4159.31,99.03
ORD-2024-10849,P0674,WH_NAGPUR_C,38,9538.76,484.88,163.51,0.0,10187.15,268.08
ORD-2024-10850,P0191,WH_KOLKATA_E,16,1467.2,1278.91,68.85,0.0,2814.96,175.94
ORD-2024-10851,P0876,WH_NAGPUR_C,10,4418.3,880.25,43.03,0.0,5341.58,534.16
ORD-2024-10852,P0780,WH_KOLKATA_E,47,30025.480000000003,214.93,202.24,0.0,30442.65,647.72
ORD-2024-10853,P0567,WH_DELHI_N,21,7756.56,341.8,90.36,0.0,8188.72,389.94
ORD-2024-10854,P0521,WH_DELHI_N,10,5798.3,994.64,43.03,0.0,6835.97,683.6
ORD-2024-10855,P0569,WH_BLR_S,11,6831.219999999999,332.09,47.33,0.0,7210.64,655.51
ORD-2024-10856,P0076,WH_KOLKATA_E,21,4856.46,1305.63,90.36,0.0,6252.45,297.74
ORD-2024-10857,P0620,WH_MUMBAI_W,25,2965.5,354.25,107.57,0.0,3427.32,137.09
ORD-2024-10858,P0337,WH_DELHI_N,34,11292.42,568.75,146.3,0.0,12007.47,353.16
ORD-2024-10859,P0347,WH_BLR_S,31,25695.28,998.64,133.39,0.0,26827.31,865.4
ORD-2024-10860,P0583,WH_NAGPUR_C,27,11046.24,1524.23,116.18,0.0,12686.65,469.88
ORD-2024-10861,P0834,WH_BLR_S,25,15974.25,154.73,107.57,0.0,16236.55,649.46
ORD-2024-10862,P0913,WH_MUMBAI_W,42,27282.780000000002,1046.49,180.72,0.0,28509.99,678.81
ORD-2024-10863,P0097,WH_BLR_S,32,7381.44,889.14,137.69,0.0,8408.27,262.76
ORD-2024-10864,P0193,WH_BLR_S,44,15759.04,738.03,189.33,0.0,16686.4,379.24
ORD-2024-10865,P0279,WH_MUMBAI_W,11,7619.92,544.07,47.33,0.0,8211.32,746.48
ORD-2024-10866,P0011,WH_BLR_S,47,20048.32,139.01,202.24,0.0,20389.57,433.82
ORD-2024-10867,P0062,WH_MUMBAI_W,26,3135.34,1356.46,111.88,0.0,4603.68,177.06
ORD-2024-10868,P0790,WH_DELHI_N,36,15568.56,1178.99,154.91,0.0,16902.46,469.51
ORD-2024-10869,P0553,WH_MUMBAI_W,37,9913.04,228.5,159.21,0.0,10300.75,278.4
ORD-2024-10870,P0347,WH_NAGPUR_C,33,27353.04,1011.01,142.0,0.0,28506.05,863.82
ORD-2024-10871,P0709,WH_NAGPUR_C,33,15946.59,587.09,142.0,0.0,16675.68,505.32
ORD-2024-10872,P0511,WH_NAGPUR_C,42,25730.04,412.0,180.72,0.0,26322.76,626.73
ORD-2024-10873,P0834,WH_DELHI_N,36,23002.920000000002,824.71,154.91,0.0,23982.54,666.18
ORD-2024-10874,P0790,WH_NAGPUR_C,13,5621.98,157.13,55.94,0.0,5835.05,448.85
ORD-2024-10875,P0062,WH_MUMBAI_W,14,1688.26,851.45,60.24,0.0,2599.95,185.71
ORD-2024-10876,P0103,WH_KOLKATA_E,37,4803.34,366.51,159.21,0.0,5329.06,144.03
ORD-2024-10877,P0663,WH_NAGPUR_C,43,35217.86,673.36,185.03,0.0,36076.25,838.98
ORD-2024-10878,P0297,WH_NAGPUR_C,40,17790.8,666.43,172.12,0.0,18629.35,465.73
ORD-2024-10879,P0674,WH_NAGPUR_C,1,251.02,214.46,4.3,0.0,469.78,469.78
ORD-2024-10880,P0852,WH_KOLKATA_E,5,3306.5,1122.32,21.51,0.0,4450.33,890.07
ORD-2024-10881,P0988,WH_MUMBAI_W,30,24539.4,953.63,129.09,0.0,25622.12,854.07
ORD-2024-10882,P0083,WH_BLR_S,18,9789.84,1084.09,77.45,0.0,10951.38,608.41
ORD-2024-10883,P0584,WH_MUMBAI_W,45,21602.7,1242.31,193.63,0.0,23038.64,511.97
ORD-2024-10884,P0876,WH_KOLKATA_E,37,16347.71,616.26,159.21,0.0,17123.18,462.79
ORD-2024-10885,P0115,WH_MUMBAI_W,39,29886.089999999997,896.02,167.82,0.0,30949.93,793.59
ORD-2024-10886,P0596,WH_KOLKATA_E,12,2861.88,1248.45,51.64,0.0,4161.97,346.83
ORD-2024-10887,P0195,WH_DELHI_N,34,19613.24,656.54,146.3,0.0,20416.08,600.47
ORD-2024-10888,P0150,WH_BLR_S,45,10103.85,948.69,193.63,0.0,11246.17,249.91
ORD-2024-10889,P0372,WH_BLR_S,14,9137.1,924.2,60.24,0.0,10121.54,722.97
ORD-2024-10890,P0116,WH_BLR_S,38,6699.78,509.64,163.51,0.0,7372.93,194.02
ORD-2024-10891,P0041,WH_DELHI_N,16,3921.44,925.18,68.85,0.0,4915.47,307.22
ORD-2024-10892,P0064,WH_BLR_S,42,10569.300000000001,507.09,180.72,0.0,11257.11,268.03
ORD-2024-10893,P0261,WH_KOLKATA_E,11,4840.99,306.89,47.33,0.0,5195.21,472.29
ORD-2024-10894,P0080,WH_KOLKATA_E,33,9655.14,1266.98,142.0,0.0,11064.12,335.28
ORD-2024-10895,P0907,WH_MUMBAI_W,15,2310.9,1395.32,64.54,0.0,3770.76,251.38
ORD-2024-10896,P0056,WH_DELHI_N,48,32689.44,1317.04,206.54,0.0,34213.02,712.77
ORD-2024-10897,P0521,WH_DELHI_N,42,24352.86,1037.95,180.72,0.0,25571.53,608.85
ORD-2024-10898,P0070,WH_DELHI_N,10,5310.700000000001,250.12,43.03,0.0,5603.85,560.38
ORD-2024-10899,P0796,WH_MUMBAI_W,3,1702.59,1019.37,12.91,0.0,2734.87,911.62
ORD-2024-10900,P0651,WH_MUMBAI_W,11,2581.59,1572.42,47.33,0.0,4201.34,381.94
ORD-2024-10901,P0716,WH_KOLKATA_E,11,4082.8700000000003,1427.38,47.33,0.0,5557.58,505.23
ORD-2024-10902,P0904,WH_KOLKATA_E,16,3544.64,1277.6,68.85,0.0,4891.09,305.69
ORD-2024-10903,P0005,WH_MUMBAI_W,38,13485.82,1215.67,163.51,0.0,14865.0,391.18
ORD-2024-10904,P0988,WH_BLR_S,30,24539.4,973.66,129.09,0.0,25642.15,854.74
ORD-2024-10905,P0198,WH_MUMBAI_W,41,29401.920000000002,727.78,176.42,0.0,30306.12,739.17
ORD-2024-10906,P0988,WH_NAGPUR_C,1,817.98,950.53,4.3,0.0,1772.81,1772.81
ORD-2024-10907,P0584,WH_BLR_S,38,18242.28,910.6,163.51,0.0,19316.39,508.33
ORD-2024-10908,P0342,WH_KOLKATA_E,45,6356.7,781.53,193.63,0.0,7331.86,162.93
ORD-2024-10909,P0022,WH_BLR_S,34,19691.1,1068.36,146.3,0.0,20905.76,614.88
ORD-2024-10910,P0189,WH_BLR_S,19,12086.47,1400.81,81.76,0.0,13569.04,714.16
ORD-2024-10911,P0022,WH_BLR_S,34,19691.1,449.23,146.3,0.0,20286.63,596.67
ORD-2024-10912,P0962,WH_BLR_S,36,4376.88,352.18,154.91,0.0,4883.97,135.67
ORD-2024-10913,P0230,WH_BLR_S,4,1402.48,356.9,17.21,0.0,1776.59,444.15
ORD-2024-10914,P0909,WH_BLR_S,10,3307.7999999999997,1060.76,43.03,0.0,4411.59,441.16
ORD-2024-10915,P0267,WH_NAGPUR_C,17,3642.25,1454.38,73.15,0.0,5169.78,304.1
ORD-2024-10916,P0662,WH_BLR_S,16,11730.4,1168.04,68.85,0.0,12967.29,810.46
ORD-2024-10917,P0213,WH_DELHI_N,21,9042.18,667.08,90.36,0.0,9799.62,466.65
ORD-2024-10918,P0663,WH_NAGPUR_C,28,22932.559999999998,934.8,120.48,0.0,23987.84,856.71
ORD-2024-10919,P0458,WH_NAGPUR_C,8,6526.4,138.81,34.42,0.0,6699.63,837.45
ORD-2024-10920,P0027,WH_NAGPUR_C,29,15029.83,724.58,124.79,0.0,15879.2,547.56
ORD-2024-10921,P0160,WH_DELHI_N,6,4795.86,1209.38,25.82,0.0,6031.06,1005.18
ORD-2024-10922,P0161,WH_KOLKATA_E,30,8593.8,1265.65,129.09,0.0,9988.54,332.95
ORD-2024-10923,P0319,WH_BLR_S,2,121.22,1053.06,8.61,0.0,1182.89,591.45
ORD-2024-10924,P0662,WH_BLR_S,47,34458.049999999996,1333.77,202.24,0.0,35994.06,765.83
ORD-2024-10925,P0530,WH_NAGPUR_C,31,1931.6100000000001,533.24,133.39,0.0,2598.24,83.81
ORD-2024-10926,P0952,WH_DELHI_N,25,12452.25,198.3,107.57,0.0,12758.12,510.32
ORD-2024-10927,P0357,WH_MUMBAI_W,23,11168.57,941.04,98.97,0.0,12208.58,530.81
ORD-2024-10928,P0353,WH_MUMBAI_W,43,34801.62,1555.26,185.03,0.0,36541.91,849.81
ORD-2024-10929,P0674,WH_DELHI_N,21,5271.42,1438.48,90.36,0.0,6800.26,323.82
ORD-2024-10930,P0159,WH_NAGPUR_C,16,6346.56,1525.55,68.85,0.0,7940.96,496.31
ORD-2024-10931,P0673,WH_BLR_S,4,1988.56,1023.45,17.21,0.0,3029.22,757.3
ORD-2024-10932,P0634,WH_KOLKATA_E,43,31609.3,1487.33,185.03,0.0,33281.66,773.99
ORD-2024-10933,P0372,WH_KOLKATA_E,46,30021.899999999998,943.35,197.94,0.0,31163.19,677.46
ORD-2024-10934,P0748,WH_NAGPUR_C,8,1441.6,657.67,34.42,0.0,2133.69,266.71
ORD-2024-10935,P0266,WH_NAGPUR_C,6,1260.1200000000001,1137.22,25.82,0.0,2423.16,403.86
ORD-2024-10936,P0866,WH_BLR_S,27,15102.18,926.6,116.18,0.0,16144.96,597.96
ORD-2024-10937,P0962,WH_KOLKATA_E,36,4376.88,1185.88,154.91,0.0,5717.67,158.82
ORD-2024-10938,P0205,WH_MUMBAI_W,36,19968.48,626.8,154.91,0.0,20750.19,576.39
ORD-2024-10939,P0294,WH_KOLKATA_E,24,909.5999999999999,1632.7206,103.27,0.0,2645.59,110.23
ORD-2024-10940,P0567,WH_DELHI_N,6,2216.16,1532.08,25.82,0.0,3774.06,629.01
ORD-2024-10941,P0408,WH_MUMBAI_W,43,7294.95,1266.46,185.03,0.0,8746.44,203.41
ORD-2024-10942,P0422,WH_KOLKATA_E,33,14150.4,140.5,142.0,0.0,14432.9,437.36
ORD-2024-10943,P0821,WH_DELHI_N,2,990.6,449.68,8.61,0.0,1448.89,724.44
ORD-2024-10944,P0152,WH_MUMBAI_W,41,10209.82,1456.83,176.42,0.0,11843.07,288.86
ORD-2024-10945,P0449,WH_NAGPUR_C,16,5002.4,1254.75,68.85,0.0,6326.0,395.38
ORD-2024-10946,P0021,WH_MUMBAI_W,38,9396.26,461.39,163.51,0.0,10021.16,263.71
ORD-2024-10947,P0662,WH_KOLKATA_E,9,6598.349999999999,904.57,38.73,0.0,7541.65,837.96
ORD-2024-10948,P0297,WH_MUMBAI_W,5,2223.85,95.6674,21.51,0.0,2341.03,468.21
ORD-2024-10949,P0294,WH_BLR_S,10,379.0,1378.64,43.03,0.0,1800.67,180.07
ORD-2024-10950,P0914,WH_DELHI_N,30,11623.5,900.77,129.09,0.0,12653.36,421.78
ORD-2024-10951,P0353,WH_KOLKATA_E,7,5665.38,918.29,30.12,0.0,6613.79,944.83
ORD-2024-10952,P0005,WH_BLR_S,29,10291.81,272.71,124.79,0.0,10689.31,368.6
ORD-2024-10953,P0084,WH_KOLKATA_E,2,1638.36,214.24,8.61,0.0,1861.21,930.6
ORD-2024-10954,P0641,WH_MUMBAI_W,20,10590.0,1611.87,86.06,0.0,12287.93,614.4
ORD-2024-10955,P0712,WH_NAGPUR_C,4,1023.2,1150.38,17.21,0.0,2190.79,547.7
ORD-2024-10956,P0567,WH_KOLKATA_E,28,10342.08,497.8,120.48,0.0,10960.36,391.44
ORD-2024-10957,P0746,WH_MUMBAI_W,8,4714.16,130.17,34.42,0.0,4878.75,609.84
ORD-2024-10958,P0422,WH_NAGPUR_C,35,15008.0,1007.87,150.6,0.0,16166.47,461.9
ORD-2024-10959,P0247,WH_NAGPUR_C,2,76.34,1368.25,8.61,0.0,1453.2,726.6
ORD-2024-10960,P0222,WH_MUMBAI_W,41,7750.639999999999,805.77,176.42,0.0,8732.83,213.0
ORD-2024-10961,P0266,WH_NAGPUR_C,28,5880.56,1217.43,120.48,0.0,7218.47,257.8
ORD-2024-10962,P0430,WH_KOLKATA_E,11,6112.81,1541.0,47.33,0.0,7701.14,700.1
ORD-2024-10963,P0759,WH_MUMBAI_W,36,19831.68,898.44,154.91,0.0,20885.03,580.14
ORD-2024-10964,P0143,WH_KOLKATA_E,9,5697.45,1379.42,38.73,0.0,7115.6,790.62
ORD-2024-10965,P0247,WH_MUMBAI_W,38,1450.46,684.9,163.51,0.0,2298.87,60.5
ORD-2024-10966,P0824,WH_MUMBAI_W,1,825.18,142.43,4.3,0.0,971.91,971.91
ORD-2024-10967,P0422,WH_DELHI_N,27,11577.6,1427.11,116.18,0.0,13120.89,485.96
ORD-2024-10968,P0907,WH_DELHI_N,3,462.18,1564.37,12.91,0.0,2039.46,679.82
ORD-2024-10969,P0836,WH_NAGPUR_C,39,14872.650000000001,326.62,167.82,0.0,15367.09,394.03
ORD-2024-10970,P0300,WH_BLR_S,9,3634.92,1106.44,38.73,0.0,4780.09,531.12
ORD-2024-10971,P0056,WH_DELHI_N,40,27241.199999999997,1257.45,172.12,0.0,28670.77,716.77
ORD-2024-10972,P0521,WH_DELHI_N,28,16235.240000000002,1521.53,120.48,0.0,17877.25,638.47
ORD-2024-10973,P0152,WH_DELHI_N,21,5229.42,1153.1,90.36,0.0,6472.88,308.23
ORD-2024-10974,P0154,WH_BLR_S,28,10521.0,1460.19,120.48,0.0,12101.67,432.2
ORD-2024-10975,P0097,WH_MUMBAI_W,45,10380.15,1269.69,193.63,0.0,11843.47,263.19
ORD-2024-10976,P0907,WH_NAGPUR_C,24,3697.44,734.2,103.27,0.0,4534.91,188.95
ORD-2024-10977,P0030,WH_DELHI_N,18,6986.34,334.69,77.45,0.0,7398.48,411.03
ORD-2024-10978,P0913,WH_KOLKATA_E,9,5846.31,1344.21,38.73,0.0,7229.25,803.25
ORD-2024-10979,P0837,WH_MUMBAI_W,26,16905.72,1505.76,111.88,0.0,18523.36,712.44
ORD-2024-10980,P0222,WH_NAGPUR_C,24,4536.96,158.97,103.27,0.0,4799.2,199.97
ORD-2024-10981,P0125,WH_NAGPUR_C,6,1155.18,1204.71,25.82,0.0,2385.71,397.62
ORD-2024-10982,P0091,WH_NAGPUR_C,12,7998.24,178.74,51.64,0.0,8228.62,685.72
ORD-2024-10983,P0596,WH_MUMBAI_W,36,8585.64,1085.45,154.91,0.0,9826.0,272.94
ORD-2024-10984,P0276,WH_NAGPUR_C,9,5931.539999999999,464.22,38.73,0.0,6434.49,714.94
ORD-2024-10985,P0261,WH_MUMBAI_W,10,4400.9,1593.87,43.03,0.0,6037.8,603.78
ORD-2024-10986,P0589,WH_MUMBAI_W,3,862.0500000000001,1173.74,12.91,0.0,2048.7,682.9
ORD-2024-10987,P0342,WH_NAGPUR_C,49,6921.74,1191.32,210.85,0.0,8323.91,169.88
ORD-2024-10988,P0876,WH_DELHI_N,29,12813.07,542.13,124.79,0.0,13479.99,464.83
ORD-2024-10989,P0700,WH_DELHI_N,7,5751.55,442.41,30.12,0.0,6224.08,889.15
ORD-2024-10990,P0342,WH_BLR_S,26,3672.7599999999998,1052.53,111.88,0.0,4837.17,186.04
ORD-2024-10991,P0608,WH_NAGPUR_C,8,6682.32,303.38,34.42,0.0,7020.12,877.52
ORD-2024-10992,P0083,WH_MUMBAI_W,43,23386.84,651.68,185.03,0.0,24223.55,563.34
ORD-2024-10993,P0595,WH_KOLKATA_E,13,3091.4,1554.51,55.94,0.0,4701.85,361.68
ORD-2024-10994,P0759,WH_BLR_S,35,19280.8,810.46,150.6,0.0,20241.86,578.34
ORD-2024-10995,P0432,WH_DELHI_N,19,14512.39,713.66,81.76,0.0,15307.81,805.67
ORD-2024-10996,P0056,WH_BLR_S,46,31327.379999999997,1452.13,197.94,0.0,32977.45,716.9
ORD-2024-10997,P0056,WH_NAGPUR_C,22,14982.66,1218.75,94.67,0.0,16296.08,740.73
ORD-2024-10998,P0372,WH_NAGPUR_C,16,10442.4,791.28,68.85,0.0,11302.53,706.41
ORD-2024-10999,P0056,WH_NAGPUR_C,15,10215.449999999999,1265.36,64.54,0.0,11545.35,769.69
ORD-2024-11000,P0005,WH_MUMBAI_W,2,709.78,373.98,8.61,0.0,1092.37,546.18
ORD-2024-11001,P0102,WH_KOLKATA_E,38,3548.82,336.77,163.51,0.0,4049.1,106.56
ORD-2024-11002,P0084,WH_DELHI_N,21,17202.78,614.79,90.36,0.0,17907.93,852.76
ORD-2024-11003,P0105,WH_KOLKATA_E,30,20421.600000000002,500.66,129.09,0.0,21051.35,701.71
ORD-2024-11004,P0363,WH_MUMBAI_W,7,4816.21,1472.62,30.12,0.0,6318.95,902.71
ORD-2024-11005,P0356,WH_KOLKATA_E,31,25409.46,1575.89,133.39,0.0,27118.74,874.8
ORD-2024-11006,P0568,WH_MUMBAI_W,41,31014.86,152.33,176.42,0.0,31343.61,764.48
ORD-2024-11007,P0116,WH_KOLKATA_E,41,7228.71,1387.81,176.42,0.0,8792.94,214.46
ORD-2024-11008,P0712,WH_NAGPUR_C,49,12534.2,1297.42,210.85,0.0,14042.47,286.58
ORD-2024-11009,P0294,WH_DELHI_N,35,1326.5,407.52,150.6,0.0,1884.62,53.85
ORD-2024-11010,P0231,WH_MUMBAI_W,4,2380.08,910.52,17.21,0.0,3307.81,826.95
ORD-2024-11011,P0824,WH_BLR_S,34,28056.12,788.48,146.3,0.0,28990.9,852.67
ORD-2024-11012,P0584,WH_DELHI_N,1,480.06,514.48,4.3,0.0,998.84,998.84
ORD-2024-11013,P0364,WH_BLR_S,10,8363.2,697.22,43.03,0.0,9103.45,910.34
ORD-2024-11014,P0759,WH_MUMBAI_W,30,16526.4,417.64,129.09,0.0,17073.13,569.1
ORD-2024-11015,P0809,WH_DELHI_N,32,8925.44,984.67,137.69,0.0,10047.8,313.99
ORD-2024-11016,P0408,WH_MUMBAI_W,3,508.95000000000005,589.24,12.91,0.0,1111.1,370.37
ORD-2024-11017,P0642,WH_BLR_S,10,4880.299999999999,903.68,43.03,0.0,5827.01,582.7
ORD-2024-11018,P0801,WH_KOLKATA_E,9,5309.099999999999,842.16,38.73,0.0,6189.99,687.78
ORD-2024-11019,P0069,WH_DELHI_N,17,1711.22,939.8,73.15,0.0,2724.17,160.25
ORD-2024-11020,P0027,WH_MUMBAI_W,47,24358.69,422.34,202.24,0.0,24983.27,531.56
ORD-2024-11021,P0809,WH_NAGPUR_C,3,836.76,95.6674,12.91,0.0,945.34,315.11
ORD-2024-11022,P0357,WH_KOLKATA_E,27,13110.929999999998,1003.03,116.18,0.0,14230.14,527.04
ORD-2024-11023,P0780,WH_BLR_S,35,22359.4,548.57,150.6,0.0,23058.57,658.82
ORD-2024-11024,P0975,WH_NAGPUR_C,4,167.92,204.16,17.21,0.0,389.29,97.32
ORD-2024-11025,P0821,WH_NAGPUR_C,4,1981.2,650.11,17.21,0.0,2648.52,662.13
ORD-2024-11026,P0337,WH_NAGPUR_C,49,16274.369999999999,1632.7206,210.85,0.0,18117.94,369.75
ORD-2024-11027,P0479,WH_MUMBAI_W,32,22260.48,1012.78,137.69,0.0,23410.95,731.59
ORD-2024-11028,P0581,WH_BLR_S,38,1469.84,1293.43,163.51,0.0,2926.78,77.02
ORD-2024-11029,P0821,WH_DELHI_N,11,5448.3,1327.51,47.33,0.0,6823.14,620.29
ORD-2024-11030,P0651,WH_KOLKATA_E,44,10326.36,1145.89,189.33,0.0,11661.58,265.04
ORD-2024-11031,P0565,WH_KOLKATA_E,39,4625.79,881.13,167.82,0.0,5674.74,145.51
ORD-2024-11032,P0783,WH_DELHI_N,45,24675.300000000003,1415.54,193.63,0.0,26284.47,584.1
ORD-2024-11033,P0918,WH_DELHI_N,6,2605.38,467.06,25.82,0.0,3098.26,516.38
ORD-2024-11034,P0316,WH_BLR_S,35,24571.05,582.23,150.6,0.0,25303.88,722.97
ORD-2024-11035,P0517,WH_BLR_S,46,13707.54,509.4,197.94,0.0,14414.88,313.37
ORD-2024-11036,P0139,WH_BLR_S,32,19142.4,680.01,137.69,0.0,19960.1,623.75
ORD-2024-11037,P0914,WH_KOLKATA_E,46,17822.7,1289.27,197.94,0.0,19309.91,419.78
ORD-2024-11038,P0565,WH_KOLKATA_E,23,2728.03,403.57,98.97,0.0,3230.57,140.46
ORD-2024-11039,P0116,WH_DELHI_N,42,7405.02,998.8,180.72,0.0,8584.54,204.39
ORD-2024-11040,P0620,WH_DELHI_N,37,4388.9400000000005,1046.9,159.21,0.0,5595.05,151.22
ORD-2024-11041,P0337,WH_DELHI_N,26,8635.38,1603.07,111.88,0.0,10350.33,398.09
ORD-2024-11042,P0975,WH_MUMBAI_W,34,1427.32,609.0,146.3,0.0,2182.62,64.19
ORD-2024-11043,P0790,WH_NAGPUR_C,38,16433.48,793.34,163.51,0.0,17390.33,457.64
ORD-2024-11044,P0491,WH_DELHI_N,11,628.54,1106.89,47.33,0.0,1782.76,162.07
ORD-2024-11045,P0716,WH_NAGPUR_C,21,7794.570000000001,272.03,90.36,0.0,8156.96,388.43
ORD-2024-11046,P0084,WH_BLR_S,43,35224.74,853.44,185.03,0.0,36263.21,843.33
ORD-2024-11047,P0821,WH_NAGPUR_C,24,11887.2,253.3,103.27,0.0,12243.77,510.16
ORD-2024-11048,P0347,WH_DELHI_N,15,12433.2,95.6674,64.54,0.0,12593.41,839.56
ORD-2024-11049,P0581,WH_NAGPUR_C,3,116.03999999999999,698.69,12.91,0.0,827.64,275.88
ORD-2024-11050,P0091,WH_BLR_S,2,1333.04,1455.08,8.61,0.0,2796.73,1398.36
ORD-2024-11051,P0064,WH_MUMBAI_W,7,1761.55,668.3,30.12,0.0,2459.97,351.42
ORD-2024-11052,P0790,WH_DELHI_N,5,2162.2999999999997,956.86,21.51,0.0,3140.67,628.13
ORD-2024-11053,P0487,WH_KOLKATA_E,45,1989.0000000000002,719.34,193.63,0.0,2901.97,64.49
ORD-2024-11054,P0294,WH_NAGPUR_C,40,1516.0,688.9,172.12,0.0,2377.02,59.43
ORD-2024-11055,P0347,WH_DELHI_N,29,24037.52,1009.61,124.79,0.0,25171.92,868.0
ORD-2024-11056,P0088,WH_KOLKATA_E,41,8358.67,1487.59,176.42,0.0,10022.68,244.46
ORD-2024-11057,P0589,WH_NAGPUR_C,32,9195.2,1043.28,137.69,0.0,10376.17,324.26
ORD-2024-11058,P0674,WH_NAGPUR_C,30,7530.6,1496.34,129.09,0.0,9156.03,305.2
ORD-2024-11059,P0357,WH_KOLKATA_E,8,3884.72,516.29,34.42,0.0,4435.43,554.43
ORD-2024-11060,P0143,WH_DELHI_N,32,20257.6,472.62,137.69,0.0,20867.91,652.12
ORD-2024-11061,P0716,WH_NAGPUR_C,42,15589.140000000001,307.72,180.72,0.0,16077.58,382.8
ORD-2024-11062,P0608,WH_DELHI_N,2,1670.58,973.5,8.61,0.0,2652.69,1326.34
ORD-2024-11063,P0533,WH_KOLKATA_E,10,1775.0,1156.6,43.03,0.0,2974.63,297.46
ORD-2024-11064,P0540,WH_NAGPUR_C,43,17030.15,1033.47,185.03,0.0,18248.65,424.39
ORD-2024-11065,P0084,WH_DELHI_N,43,35224.74,1356.35,185.03,0.0,36766.12,855.03
ORD-2024-11066,P0371,WH_KOLKATA_E,37,6341.429999999999,565.25,159.21,0.0,7065.89,190.97
ORD-2024-11067,P0567,WH_MUMBAI_W,46,16990.56,1118.07,197.94,0.0,18306.57,397.97
ORD-2024-11068,P0353,WH_DELHI_N,3,2428.02,846.82,12.91,0.0,3287.75,1095.92
ORD-2024-11069,P0673,WH_KOLKATA_E,23,11434.22,537.02,98.97,0.0,12070.21,524.79
ORD-2024-11070,P0076,WH_DELHI_N,34,7862.84,848.91,146.3,0.0,8858.05,260.53
ORD-2024-11071,P0231,WH_MUMBAI_W,18,10710.36,1176.17,77.45,0.0,11963.98,664.67
ORD-2024-11072,P0097,WH_NAGPUR_C,33,7612.11,1518.46,142.0,0.0,9272.57,280.99
ORD-2024-11073,P0884,WH_BLR_S,33,9383.22,982.89,142.0,0.0,10508.11,318.43
ORD-2024-11074,P0261,WH_BLR_S,17,7481.53,1130.69,73.15,0.0,8685.37,510.9
ORD-2024-11075,P0637,WH_DELHI_N,6,2218.86,1592.47,25.82,0.0,3837.15,639.52
ORD-2024-11076,P0926,WH_KOLKATA_E,13,7059.13,1267.05,55.94,0.0,8382.12,644.78
ORD-2024-11077,P0822,WH_DELHI_N,21,8938.23,444.16,90.36,0.0,9472.75,451.08
ORD-2024-11078,P0300,WH_NAGPUR_C,31,12520.28,1155.28,133.39,0.0,13808.95,445.45
ORD-2024-11079,P0410,WH_DELHI_N,21,10779.509999999998,365.47,90.36,0.0,11235.34,535.02
ORD-2024-11080,P0491,WH_MUMBAI_W,33,1885.6200000000001,311.37,142.0,0.0,2338.99,70.88
ORD-2024-11081,P0267,WH_BLR_S,28,5999.0,1539.64,120.48,0.0,7659.12,273.54
ORD-2024-11082,P0791,WH_MUMBAI_W,6,2043.1799999999998,314.4,25.82,0.0,2383.4,397.23
ORD-2024-11083,P0160,WH_DELHI_N,8,6394.48,1441.58,34.42,0.0,7870.48,983.81
ORD-2024-11084,P0521,WH_KOLKATA_E,13,7537.790000000001,1117.23,55.94,0.0,8710.96,670.07
ORD-2024-11085,P0083,WH_DELHI_N,34,18491.92,1289.78,146.3,0.0,19928.0,586.12
ORD-2024-11086,P0220,WH_MUMBAI_W,40,23948.4,918.62,172.12,0.0,25039.14,625.98
ORD-2024-11087,P0430,WH_DELHI_N,22,12225.62,1240.36,94.67,0.0,13560.65,616.39
ORD-2024-11088,P0700,WH_KOLKATA_E,1,821.65,1511.62,4.3,0.0,2337.57,2337.57
ORD-2024-11089,P0102,WH_KOLKATA_E,13,1214.07,1298.93,55.94,0.0,2568.94,197.61
ORD-2024-11090,P0430,WH_DELHI_N,1,555.71,576.63,4.3,0.0,1136.64,1136.64
ORD-2024-11091,P0195,WH_DELHI_N,10,5768.6,1586.19,43.03,0.0,7397.82,739.78
ORD-2024-11092,P0429,WH_KOLKATA_E,5,3580.55,961.44,21.51,0.0,4563.5,912.7
ORD-2024-11093,P0449,WH_BLR_S,20,6253.0,284.01,86.06,0.0,6623.07,331.15
ORD-2024-11094,P0568,WH_NAGPUR_C,13,9833.98,1517.19,55.94,0.0,11407.11,877.47
ORD-2024-11095,P0205,WH_MUMBAI_W,37,20523.16,777.79,159.21,0.0,21460.16,580.0
ORD-2024-11096,P0596,WH_BLR_S,10,2384.9,626.94,43.03,0.0,3054.87,305.49
ORD-2024-11097,P0840,WH_BLR_S,3,981.75,1013.31,12.91,0.0,2007.97,669.32
ORD-2024-11098,P0466,WH_KOLKATA_E,34,7542.56,1507.55,146.3,0.0,9196.41,270.48
ORD-2024-11099,P0565,WH_NAGPUR_C,34,4032.74,1279.26,146.3,0.0,5458.3,160.54
ORD-2024-11100,P0097,WH_KOLKATA_E,30,6920.099999999999,456.59,129.09,0.0,7505.78,250.19
ORD-2024-11101,P0119,WH_KOLKATA_E,37,8517.4,1290.98,159.21,0.0,9967.59,269.39
ORD-2024-11102,P0821,WH_MUMBAI_W,4,1981.2,568.12,17.21,0.0,2566.53,641.63
ORD-2024-11103,P0651,WH_BLR_S,34,7979.46,969.62,146.3,0.0,9095.38,267.51
ORD-2024-11104,P0545,WH_MUMBAI_W,32,9332.48,389.71,137.69,0.0,9859.88,308.12
ORD-2024-11105,P0150,WH_BLR_S,21,4715.13,581.79,90.36,0.0,5387.28,256.54
ORD-2024-11106,P0581,WH_KOLKATA_E,41,1585.8799999999999,1501.27,176.42,0.0,3263.57,79.6
ORD-2024-11107,P0131,WH_MUMBAI_W,24,1857.6000000000001,700.53,103.27,0.0,2661.4,110.89
ORD-2024-11108,P0267,WH_DELHI_N,9,1928.25,1254.07,38.73,0.0,3221.05,357.89
ORD-2024-11109,P0266,WH_MUMBAI_W,41,8610.82,713.45,176.42,0.0,9500.69,231.72
ORD-2024-11110,P0592,WH_BLR_S,24,15210.24,95.6674,103.27,0.0,15409.18,642.05
ORD-2024-11111,P0892,WH_DELHI_N,25,1573.75,1075.93,107.57,0.0,2757.25,110.29
ORD-2024-11112,P0918,WH_BLR_S,36,15632.28,701.96,154.91,0.0,16489.15,458.03
ORD-2024-11113,P0927,WH_MUMBAI_W,8,751.12,617.05,34.42,0.0,1402.59,175.32
ORD-2024-11114,P0911,WH_MUMBAI_W,41,1196.3799999999999,489.07,176.42,0.0,1861.87,45.41
ORD-2024-11115,P0544,WH_BLR_S,29,13231.25,850.99,124.79,0.0,14207.03,489.9
ORD-2024-11116,P0353,WH_BLR_S,25,20233.5,1364.97,107.57,0.0,21706.04,868.24
ORD-2024-11117,P0139,WH_NAGPUR_C,35,20937.0,724.71,150.6,0.0,21812.31,623.21
ORD-2024-11118,P0231,WH_BLR_S,38,22610.76,953.62,163.51,0.0,23727.89,624.42
ORD-2024-11119,P0069,WH_BLR_S,28,2818.48,175.81,120.48,0.0,3114.77,111.24
ORD-2024-11120,P0524,WH_KOLKATA_E,19,2837.46,1151.8,81.76,0.0,4071.02,214.26
ORD-2024-11121,P0231,WH_MUMBAI_W,32,19040.64,1355.61,137.69,0.0,20533.94,641.69
ORD-2024-11122,P0230,WH_KOLKATA_E,37,12972.94,614.77,159.21,0.0,13746.92,371.54
ORD-2024-11123,P0554,WH_KOLKATA_E,49,35842.03,798.95,210.85,0.0,36851.83,752.08
ORD-2024-11124,P0981,WH_MUMBAI_W,28,1772.96,210.18,120.48,0.0,2103.62,75.13
ORD-2024-11125,P0254,WH_NAGPUR_C,35,1953.3500000000001,1502.58,150.6,0.0,3606.53,103.04
ORD-2024-11126,P0247,WH_MUMBAI_W,8,305.36,968.18,34.42,0.0,1307.96,163.5
ORD-2024-11127,P0524,WH_KOLKATA_E,41,6122.9400000000005,253.51,176.42,0.0,6552.87,159.83
ORD-2024-11128,P0062,WH_MUMBAI_W,23,2773.57,1251.05,98.97,0.0,4123.59,179.29
ORD-2024-11129,P0544,WH_MUMBAI_W,40,18250.0,1211.09,172.12,0.0,19633.21,490.83
ORD-2024-11130,P0332,WH_BLR_S,46,29269.8,425.26,197.94,0.0,29893.0,649.85
ORD-2024-11131,P0160,WH_MUMBAI_W,23,18384.129999999997,862.24,98.97,0.0,19345.34,841.1
ORD-2024-11132,P0105,WH_MUMBAI_W,32,21783.04,693.5,137.69,0.0,22614.23,706.69
ORD-2024-11133,P0693,WH_BLR_S,10,4083.6000000000004,644.23,43.03,0.0,4770.86,477.09
ORD-2024-11134,P0266,WH_BLR_S,17,3570.34,1430.29,73.15,0.0,5073.78,298.46
ORD-2024-11135,P0143,WH_MUMBAI_W,35,22156.75,1114.7,150.6,0.0,23422.05,669.2
ORD-2024-11136,P0581,WH_DELHI_N,35,1353.8,1556.95,150.6,0.0,3061.35,87.47
ORD-2024-11137,P0988,WH_BLR_S,3,2453.94,860.53,12.91,0.0,3327.38,1109.13
ORD-2024-11138,P0391,WH_MUMBAI_W,36,28470.96,1268.16,154.91,0.0,29894.03,830.39
ORD-2024-11139,P0363,WH_KOLKATA_E,29,19952.87,445.78,124.79,0.0,20523.44,707.7
ORD-2024-11140,P0391,WH_DELHI_N,49,38752.14,440.13,210.85,0.0,39403.12,804.15
ORD-2024-11141,P0432,WH_DELHI_N,46,35135.259999999995,813.44,197.94,0.0,36146.64,785.8
ORD-2024-11142,P0139,WH_DELHI_N,27,16151.400000000001,962.77,116.18,0.0,17230.35,638.16
ORD-2024-11143,P0554,WH_KOLKATA_E,31,22675.57,212.32,133.39,0.0,23021.28,742.62
ORD-2024-11144,P0125,WH_DELHI_N,34,6546.02,883.05,146.3,0.0,7575.37,222.8
ORD-2024-11145,P0198,WH_MUMBAI_W,12,8605.44,176.19,51.64,0.0,8833.27,736.11
ORD-2024-11146,P0247,WH_MUMBAI_W,37,1412.29,446.01,159.21,0.0,2017.51,54.53
ORD-2024-11147,P0404,WH_KOLKATA_E,25,15673.249999999998,585.01,107.57,0.0,16365.83,654.63
ORD-2024-11148,P0347,WH_BLR_S,2,1657.76,1334.0,8.61,0.0,3000.37,1500.18
ORD-2024-11149,P0925,WH_DELHI_N,30,7207.200000000001,363.7,129.09,0.0,7699.99,256.67
ORD-2024-11150,P0834,WH_NAGPUR_C,44,28114.68,726.62,189.33,0.0,29030.63,659.79
ORD-2024-11151,P0135,WH_MUMBAI_W,9,5488.650000000001,1108.48,38.73,0.0,6635.86,737.32
ORD-2024-11152,P0672,WH_BLR_S,23,5723.780000000001,240.89,98.97,0.0,6063.64,263.64
ORD-2024-11153,P0449,WH_BLR_S,9,2813.85,236.96,38.73,0.0,3089.54,343.28
ORD-2024-11154,P0466,WH_BLR_S,20,4436.8,244.65,86.06,0.0,4767.51,238.38
ORD-2024-11155,P0714,WH_BLR_S,1,72.49,1605.29,4.3,0.0,1682.08,1682.08
ORD-2024-11156,P0876,WH_KOLKATA_E,39,17231.37,155.52,167.82,0.0,17554.71,450.12
ORD-2024-11157,P0064,WH_BLR_S,23,5787.95,1041.49,98.97,0.0,6928.41,301.24
ORD-2024-11158,P0041,WH_MUMBAI_W,18,4411.62,152.68,77.45,0.0,4641.75,257.88
ORD-2024-11159,P0198,WH_DELHI_N,42,30119.04,1333.52,180.72,0.0,31633.28,753.17
ORD-2024-11160,P0198,WH_MUMBAI_W,32,22947.84,1028.89,137.69,0.0,24114.42,753.58
ORD-2024-11161,P0347,WH_DELHI_N,47,38957.36,1584.63,202.24,0.0,40744.23,866.9
ORD-2024-11162,P0125,WH_BLR_S,9,1732.77,1457.8,38.73,0.0,3229.3,358.81
ORD-2024-11163,P0347,WH_NAGPUR_C,11,9117.68,1476.83,47.33,0.0,10641.84,967.44
ORD-2024-11164,P0809,WH_MUMBAI_W,1,278.92,261.36,4.3,0.0,544.58,544.58
ORD-2024-11165,P0491,WH_NAGPUR_C,11,628.54,993.11,47.33,0.0,1668.98,151.73
ORD-2024-11166,P0595,WH_KOLKATA_E,33,7847.400000000001,1126.73,142.0,0.0,9116.13,276.25
ORD-2024-11167,P0971,WH_DELHI_N,30,16979.100000000002,333.87,129.09,0.0,17442.06,581.4
ORD-2024-11168,P0347,WH_NAGPUR_C,5,4144.4,466.11,21.51,0.0,4632.02,926.4
ORD-2024-11169,P0992,WH_MUMBAI_W,1,511.71,734.02,4.3,0.0,1250.03,1250.03
ORD-2024-11170,P0363,WH_KOLKATA_E,10,6880.299999999999,1524.82,43.03,0.0,8448.15,844.82
ORD-2024-11171,P0913,WH_MUMBAI_W,13,8444.67,1300.66,55.94,0.0,9801.27,753.94
ORD-2024-11172,P0030,WH_BLR_S,27,10479.51,1448.02,116.18,0.0,12043.71,446.06
ORD-2024-11173,P0056,WH_MUMBAI_W,8,5448.24,558.03,34.42,0.0,6040.69,755.09
ORD-2024-11174,P0708,WH_MUMBAI_W,28,5841.639999999999,1257.91,120.48,0.0,7220.03,257.86
ORD-2024-11175,P0642,WH_DELHI_N,45,21961.35,166.15,193.63,0.0,22321.13,496.03
ORD-2024-11176,P0962,WH_DELHI_N,2,243.16,1568.58,8.61,0.0,1820.35,910.18
ORD-2024-11177,P0719,WH_NAGPUR_C,12,2811.48,940.43,51.64,0.0,3803.55,316.96
ORD-2024-11178,P0708,WH_MUMBAI_W,27,5633.01,1122.6,116.18,0.0,6871.79,254.51
ORD-2024-11179,P0097,WH_BLR_S,13,2998.71,1577.94,55.94,0.0,4632.59,356.35
ORD-2024-11180,P0091,WH_KOLKATA_E,22,14663.439999999999,796.37,94.67,0.0,15554.48,707.02
ORD-2024-11181,P0135,WH_DELHI_N,40,24394.0,576.22,172.12,0.0,25142.34,628.56
ORD-2024-11182,P0962,WH_DELHI_N,15,1823.7,480.07,64.54,0.0,2368.31,157.89
ORD-2024-11183,P0070,WH_DELHI_N,31,16463.170000000002,379.64,133.39,0.0,16976.2,547.62
ORD-2024-11184,P0642,WH_DELHI_N,7,3416.21,1173.45,30.12,0.0,4619.78,659.97
ORD-2024-11185,P0965,WH_DELHI_N,39,9619.35,1632.7206,167.82,0.0,11419.89,292.82
ORD-2024-11186,P0276,WH_DELHI_N,49,32293.94,1497.16,210.85,0.0,34001.95,693.92
ORD-2024-11187,P0620,WH_NAGPUR_C,35,4151.7,1587.9,150.6,0.0,5890.2,168.29
ORD-2024-11188,P0791,WH_DELHI_N,7,2383.71,346.34,30.12,0.0,2760.17,394.31
ORD-2024-11189,P0160,WH_DELHI_N,12,9591.72,290.06,51.64,0.0,9933.42,827.78
ORD-2024-11190,P0693,WH_KOLKATA_E,14,5717.04,477.89,60.24,0.0,6255.17,446.8
ORD-2024-11191,P0115,WH_MUMBAI_W,34,26054.539999999997,1061.58,146.3,0.0,27262.42,801.84
ORD-2024-11192,P0135,WH_MUMBAI_W,39,23784.15,1221.12,167.82,0.0,25173.09,645.46
ORD-2024-11193,P0716,WH_DELHI_N,48,17816.16,1323.56,206.54,0.0,19346.26,403.05
ORD-2024-11194,P0097,WH_DELHI_N,9,2076.0299999999997,136.5,38.73,0.0,2251.26,250.14
ORD-2024-11195,P0335,WH_DELHI_N,33,27791.609999999997,1071.31,142.0,0.0,29004.92,878.94
ORD-2024-11196,P0598,WH_DELHI_N,12,2608.92,517.51,51.64,0.0,3178.07,264.84
ORD-2024-11197,P0567,WH_DELHI_N,34,12558.24,516.99,146.3,0.0,13221.53,388.87
ORD-2024-11198,P0759,WH_NAGPUR_C,27,14873.76,1216.04,116.18,0.0,16205.98,600.22
ORD-2024-11199,P0712,WH_KOLKATA_E,22,5627.6,1363.96,94.67,0.0,7086.23,322.1
ORD-2024-11200,P0584,WH_BLR_S,18,8641.08,1005.76,77.45,0.0,9724.29,540.24
ORD-2024-11201,P0030,WH_DELHI_N,46,17853.98,95.67,197.94,0.0,18147.59,394.51
ORD-2024-11202,P0708,WH_NAGPUR_C,44,9179.72,715.24,189.33,0.0,10084.29,229.19
ORD-2024-11203,P0487,WH_MUMBAI_W,18,795.6,1559.66,77.45,0.0,2432.71,135.15
ORD-2024-11204,P0160,WH_DELHI_N,37,29574.469999999998,1113.91,159.21,0.0,30847.59,833.72
ORD-2024-11205,P0708,WH_KOLKATA_E,7,1460.4099999999999,1339.83,30.12,0.0,2830.36,404.34
ORD-2024-11206,P0567,WH_NAGPUR_C,4,1477.44,834.16,17.21,0.0,2328.81,582.2
ORD-2024-11207,P0608,WH_BLR_S,45,37588.049999999996,796.78,193.63,0.0,38578.46,857.3
ORD-2024-11208,P0911,WH_MUMBAI_W,16,466.88,996.0,68.85,0.0,1531.73,95.73
ORD-2024-11209,P0088,WH_BLR_S,22,4485.14,1334.54,94.67,0.0,5914.35,268.83
ORD-2024-11210,P0430,WH_DELHI_N,48,26674.08,1493.54,206.54,0.0,28374.16,591.13
ORD-2024-11211,P0962,WH_BLR_S,36,4376.88,1013.89,154.91,0.0,5545.68,154.05
ORD-2024-11212,P0651,WH_BLR_S,20,4693.8,1555.3,86.06,0.0,6335.16,316.76
ORD-2024-11213,P0907,WH_DELHI_N,31,4775.86,1290.98,133.39,0.0,6200.23,200.01
ORD-2024-11214,P0719,WH_BLR_S,33,7731.57,1197.75,142.0,0.0,9071.32,274.89
ORD-2024-11215,P0914,WH_NAGPUR_C,13,5036.849999999999,1548.26,55.94,0.0,6641.05,510.85
ORD-2024-11216,P0294,WH_DELHI_N,20,758.0,337.05,86.06,0.0,1181.11,59.06
ORD-2024-11217,P0080,WH_DELHI_N,41,11995.779999999999,193.84,176.42,0.0,12366.04,301.61
ORD-2024-11218,P0688,WH_BLR_S,42,7935.48,411.42,180.72,0.0,8527.62,203.04
ORD-2024-11219,P0150,WH_NAGPUR_C,38,8532.14,892.26,163.51,0.0,9587.91,252.31
ORD-2024-11220,P0202,WH_MUMBAI_W,22,6345.46,1447.03,94.67,0.0,7887.16,358.51
ORD-2024-11221,P0981,WH_KOLKATA_E,39,2469.48,245.12,167.82,0.0,2882.42,73.91
ORD-2024-11222,P0115,WH_MUMBAI_W,23,17625.129999999997,848.64,98.97,0.0,18572.74,807.51
ORD-2024-11223,P0198,WH_DELHI_N,48,34421.76,998.43,206.54,0.0,35626.73,742.22
ORD-2024-11224,P0097,WH_BLR_S,49,11302.83,1066.79,210.85,0.0,12580.47,256.74
ORD-2024-11225,P0491,WH_NAGPUR_C,33,1885.6200000000001,516.17,142.0,0.0,2543.79,77.08
ORD-2024-11226,P0992,WH_MUMBAI_W,41,20980.11,471.07,176.42,0.0,21627.6,527.5
ORD-2024-11227,P0672,WH_KOLKATA_E,30,7465.8,135.29,129.09,0.0,7730.18,257.67
ORD-2024-11228,P0567,WH_BLR_S,14,5171.04,248.18,60.24,0.0,5479.46,391.39
ORD-2024-11229,P0673,WH_BLR_S,47,23365.579999999998,160.87,202.24,0.0,23728.69,504.87
ORD-2024-11230,P0634,WH_DELHI_N,36,26463.600000000002,805.72,154.91,0.0,27424.23,761.78
ORD-2024-11231,P0152,WH_NAGPUR_C,8,1992.16,1180.94,34.42,0.0,3207.52,400.94
ORD-2024-11232,P0371,WH_DELHI_N,47,8055.329999999999,939.17,202.24,0.0,9196.74,195.68
ORD-2024-11233,P0335,WH_NAGPUR_C,22,18527.739999999998,1204.16,94.67,0.0,19826.57,901.21
ORD-2024-11234,P0198,WH_BLR_S,4,2868.48,207.88,17.21,0.0,3093.57,773.39
ORD-2024-11235,P0479,WH_NAGPUR_C,35,24347.399999999998,927.88,150.6,0.0,25425.88,726.45
ORD-2024-11236,P0056,WH_DELHI_N,8,5448.24,320.84,34.42,0.0,5803.5,725.44
ORD-2024-11237,P0198,WH_KOLKATA_E,34,24382.08,1046.13,146.3,0.0,25574.51,752.19
ORD-2024-11238,P0524,WH_DELHI_N,22,3285.48,1268.98,94.67,0.0,4649.13,211.32
ORD-2024-11239,P0627,WH_DELHI_N,25,21105.0,990.33,107.57,0.0,22202.9,888.12
ORD-2024-11240,P0926,WH_BLR_S,25,13575.25,667.97,107.57,0.0,14350.79,574.03
ORD-2024-11241,P0608,WH_MUMBAI_W,40,33411.6,696.55,172.12,0.0,34280.27,857.01
ORD-2024-11242,P0674,WH_NAGPUR_C,40,10040.800000000001,893.07,172.12,0.0,11105.99,277.65
ORD-2024-11243,P0892,WH_DELHI_N,17,1070.15,1389.37,73.15,0.0,2532.67,148.98
ORD-2024-11244,P0884,WH_MUMBAI_W,16,4549.44,1104.54,68.85,0.0,5722.83,357.68
ORD-2024-11245,P0554,WH_NAGPUR_C,48,35110.56,341.95,206.54,0.0,35659.05,742.9
ORD-2024-11246,P0746,WH_NAGPUR_C,48,28284.96,1379.27,206.54,0.0,29870.77,622.31
ORD-2024-11247,P0103,WH_BLR_S,39,5062.98,139.35,167.82,0.0,5370.15,137.7
ORD-2024-11248,P0161,WH_DELHI_N,15,4296.9,699.9,64.54,0.0,5061.34,337.42
ORD-2024-11249,P0517,WH_NAGPUR_C,17,5065.83,697.92,73.15,0.0,5836.9,343.35
ORD-2024-11250,P0213,WH_NAGPUR_C,35,15070.3,1084.54,150.6,0.0,16305.44,465.87
ORD-2024-11251,P0918,WH_BLR_S,33,14329.59,1397.3,142.0,0.0,15868.89,480.88
ORD-2024-11252,P0663,WH_DELHI_N,40,32760.8,426.61,172.12,0.0,33359.53,833.99
ORD-2024-11253,P0852,WH_KOLKATA_E,39,25790.699999999997,1080.0,167.82,0.0,27038.52,693.3
ORD-2024-11254,P0139,WH_BLR_S,18,10767.6,1003.9,77.45,0.0,11848.95,658.28
ORD-2024-11255,P0492,WH_KOLKATA_E,30,20751.0,1122.75,129.09,0.0,22002.84,733.43
ORD-2024-11256,P0981,WH_DELHI_N,23,1456.36,201.55,98.97,0.0,1756.88,76.39
ORD-2024-11257,P0521,WH_NAGPUR_C,37,21453.710000000003,920.32,159.21,0.0,22533.24,609.01
ORD-2024-11258,P0353,WH_KOLKATA_E,47,38038.98,1434.68,202.24,0.0,39675.9,844.17
ORD-2024-11259,P0634,WH_DELHI_N,7,5145.7,403.92,30.12,0.0,5579.74,797.11
ORD-2024-11260,P0568,WH_BLR_S,10,7564.6,1274.43,43.03,0.0,8882.06,888.21
ORD-2024-11261,P0952,WH_MUMBAI_W,16,7969.44,1331.2,68.85,0.0,9369.49,585.59
ORD-2024-11262,P0673,WH_MUMBAI_W,28,13919.92,1632.7206,120.48,0.0,15673.12,559.75
ORD-2024-11263,P0763,WH_DELHI_N,23,18972.01,720.7,98.97,0.0,19791.68,860.51
ORD-2024-11264,P0719,WH_MUMBAI_W,34,7965.86,1422.16,146.3,0.0,9534.32,280.42
ORD-2024-11265,P0345,WH_NAGPUR_C,18,12664.62,545.05,77.45,0.0,13287.12,738.17
ORD-2024-11266,P0191,WH_BLR_S,47,4309.900000000001,874.9,202.24,0.0,5387.04,114.62
ORD-2024-11267,P0353,WH_MUMBAI_W,23,18614.82,832.11,98.97,0.0,19545.9,849.82
ORD-2024-11268,P0449,WH_MUMBAI_W,20,6253.0,1256.13,86.06,0.0,7595.19,379.76
ORD-2024-11269,P0345,WH_NAGPUR_C,31,21811.29,499.75,133.39,0.0,22444.43,724.01
ORD-2024-11270,P0783,WH_DELHI_N,14,7676.76,530.34,60.24,0.0,8267.34,590.52
ORD-2024-11271,P0907,WH_NAGPUR_C,23,3543.38,1573.7,98.97,0.0,5216.05,226.78
ORD-2024-11272,P0102,WH_DELHI_N,2,186.78,1033.99,8.61,0.0,1229.38,614.69
ORD-2024-11273,P0466,WH_KOLKATA_E,29,6433.36,960.99,124.79,0.0,7519.14,259.28
ORD-2024-11274,P0952,WH_DELHI_N,9,4482.8099999999995,147.25,38.73,0.0,4668.79,518.75
ORD-2024-11275,P0867,WH_DELHI_N,33,25742.640000000003,1612.37,142.0,0.0,27497.01,833.24
ORD-2024-11276,P0041,WH_BLR_S,48,11764.32,1261.01,206.54,0.0,13231.87,275.66
ORD-2024-11277,P0918,WH_DELHI_N,44,19106.120000000003,1609.69,189.33,0.0,20905.14,475.12
ORD-2024-11278,P0712,WH_DELHI_N,12,3069.6000000000004,627.16,51.64,0.0,3748.4,312.37
ORD-2024-11279,P0191,WH_BLR_S,19,1742.3,436.5,81.76,0.0,2260.56,118.98
ORD-2024-11280,P0592,WH_DELHI_N,42,26617.92,1183.09,180.72,0.0,27981.73,666.23
ORD-2024-11281,P0143,WH_BLR_S,20,12661.0,1183.17,86.06,0.0,13930.23,696.51
ORD-2024-11282,P0356,WH_BLR_S,37,30327.42,1488.18,159.21,0.0,31974.81,864.18
ORD-2024-11283,P0544,WH_KOLKATA_E,31,14143.75,204.27,133.39,0.0,14481.41,467.14
ORD-2024-11284,P0449,WH_NAGPUR_C,35,10942.75,1070.22,150.6,0.0,12163.57,347.53
ORD-2024-11285,P0342,WH_DELHI_N,41,5791.66,295.34,176.42,0.0,6263.42,152.77
ORD-2024-11286,P0673,WH_NAGPUR_C,21,10439.94,797.64,90.36,0.0,11327.94,539.43
ORD-2024-11287,P0337,WH_KOLKATA_E,47,15610.11,1503.17,202.24,0.0,17315.52,368.42
ORD-2024-11288,P0097,WH_NAGPUR_C,46,10610.82,1344.96,197.94,0.0,12153.72,264.21
ORD-2024-11289,P0430,WH_KOLKATA_E,43,23895.530000000002,551.18,185.03,0.0,24631.74,572.83
ORD-2024-11290,P0971,WH_DELHI_N,13,7357.610000000001,1075.11,55.94,0.0,8488.66,652.97
ORD-2024-11291,P0927,WH_BLR_S,39,3661.71,801.27,167.82,0.0,4630.8,118.74
ORD-2024-11292,P0553,WH_DELHI_N,27,7233.84,723.33,116.18,0.0,8073.35,299.01
ORD-2024-11293,P0596,WH_NAGPUR_C,25,5962.25,165.79,107.57,0.0,6235.61,249.42
ORD-2024-11294,P0079,WH_KOLKATA_E,2,93.74,1037.76,8.61,0.0,1140.11,570.05
ORD-2024-11295,P0627,WH_NAGPUR_C,35,29547.0,1168.99,150.6,0.0,30866.59,881.9
ORD-2024-11296,P0824,WH_MUMBAI_W,8,6601.44,249.64,34.42,0.0,6885.5,860.69
ORD-2024-11297,P0754,WH_NAGPUR_C,33,23749.109999999997,321.17,142.0,0.0,24212.28,733.71
ORD-2024-11298,P0347,WH_BLR_S,25,20722.0,756.22,107.57,0.0,21585.79,863.43
ORD-2024-11299,P0345,WH_BLR_S,21,14775.390000000001,981.67,90.36,0.0,15847.42,754.64
ORD-2024-11300,P0565,WH_MUMBAI_W,36,4269.96,417.49,154.91,0.0,4842.36,134.51
ORD-2024-11301,P0342,WH_NAGPUR_C,13,1836.3799999999999,1422.36,55.94,0.0,3314.68,254.98
ORD-2024-11302,P0633,WH_NAGPUR_C,46,22437.42,1139.61,197.94,0.0,23774.97,516.85
ORD-2024-11303,P0712,WH_NAGPUR_C,9,2302.2000000000003,447.19,38.73,0.0,2788.12,309.79
ORD-2024-11304,P0809,WH_BLR_S,35,9762.2,1399.35,150.6,0.0,11312.15,323.2
ORD-2024-11305,P0711,WH_MUMBAI_W,46,34678.48,990.51,197.94,0.0,35866.93,779.72
ORD-2024-11306,P0410,WH_NAGPUR_C,36,18479.159999999996,714.09,154.91,0.0,19348.16,537.45
ORD-2024-11307,P0748,WH_BLR_S,49,8829.8,1332.23,210.85,0.0,10372.88,211.69
ORD-2024-11308,P0852,WH_DELHI_N,47,31081.1,848.92,202.24,0.0,32132.26,683.67
ORD-2024-11309,P0449,WH_KOLKATA_E,44,13756.599999999999,722.43,189.33,0.0,14668.36,333.37
ORD-2024-11310,P0069,WH_KOLKATA_E,46,4630.36,95.6674,197.94,0.0,4923.97,107.04
ORD-2024-11311,P0143,WH_MUMBAI_W,10,6330.5,1361.48,43.03,0.0,7735.01,773.5
ORD-2024-11312,P0470,WH_DELHI_N,5,3577.5,564.85,21.51,0.0,4163.86,832.77
ORD-2024-11313,P0465,WH_KOLKATA_E,31,18383.31,496.78,133.39,0.0,19013.48,613.34
ORD-2024-11314,P0545,WH_KOLKATA_E,24,6999.36,1396.84,103.27,0.0,8499.47,354.14
ORD-2024-11315,P0633,WH_KOLKATA_E,32,15608.64,139.61,137.69,0.0,15885.94,496.44
ORD-2024-11316,P0297,WH_DELHI_N,49,21793.73,1487.43,210.85,0.0,23492.01,479.43
ORD-2024-11317,P0195,WH_DELHI_N,49,28266.14,625.3,210.85,0.0,29102.29,593.92
ORD-2024-11318,P0254,WH_KOLKATA_E,3,167.43,695.42,12.91,0.0,875.76,291.92
ORD-2024-11319,P0748,WH_BLR_S,16,2883.2,1173.42,68.85,0.0,4125.47,257.84
ORD-2024-11320,P0202,WH_DELHI_N,41,11825.630000000001,645.05,176.42,0.0,12647.1,308.47
ORD-2024-11321,P0716,WH_NAGPUR_C,49,18187.33,509.3,210.85,0.0,18907.48,385.87
ORD-2024-11322,P0276,WH_KOLKATA_E,20,13181.199999999999,244.38,86.06,0.0,13511.64,675.58
ORD-2024-11323,P0449,WH_KOLKATA_E,44,13756.599999999999,558.71,189.33,0.0,14504.64,329.65
ORD-2024-11324,P0560,WH_MUMBAI_W,24,870.72,1583.44,103.27,0.0,2557.43,106.56
ORD-2024-11325,P0198,WH_MUMBAI_W,34,24382.08,228.6,146.3,0.0,24756.98,728.15
ORD-2024-11326,P0545,WH_BLR_S,48,13998.72,1565.92,206.54,0.0,15771.18,328.57
ORD-2024-11327,P0228,WH_DELHI_N,23,5866.61,1086.38,98.97,0.0,7051.96,306.61
ORD-2024-11328,P0353,WH_KOLKATA_E,38,30754.920000000002,1159.18,163.51,0.0,32077.61,844.15
ORD-2024-11329,P0335,WH_BLR_S,2,1684.34,1324.59,8.61,0.0,3017.54,1508.77
ORD-2024-11330,P0347,WH_NAGPUR_C,41,33984.08,295.95,176.42,0.0,34456.45,840.4
ORD-2024-11331,P0693,WH_NAGPUR_C,5,2041.8000000000002,1497.2,21.51,0.0,3560.51,712.1
ORD-2024-11332,P0584,WH_NAGPUR_C,18,8641.08,1268.67,77.45,0.0,9987.2,554.84
ORD-2024-11333,P0581,WH_MUMBAI_W,29,1121.72,1347.51,124.79,0.0,2594.02,89.45
ORD-2024-11334,P0404,WH_NAGPUR_C,10,6269.299999999999,764.0,43.03,0.0,7076.33,707.63
ORD-2024-11335,P0755,WH_NAGPUR_C,42,25521.3,998.81,180.72,0.0,26700.83,635.73
ORD-2024-11336,P0852,WH_DELHI_N,42,27774.6,1011.6,180.72,0.0,28966.92,689.69
ORD-2024-11337,P0545,WH_MUMBAI_W,16,4666.24,282.36,68.85,0.0,5017.45,313.59
ORD-2024-11338,P0088,WH_KOLKATA_E,23,4689.01,312.92,98.97,0.0,5100.9,221.78
ORD-2024-11339,P0062,WH_DELHI_N,30,3617.7000000000003,1220.59,129.09,0.0,4967.38,165.58
ORD-2024-11340,P0904,WH_MUMBAI_W,6,1329.24,827.76,25.82,0.0,2182.82,363.8
ORD-2024-11341,P0102,WH_DELHI_N,44,4109.16,383.03,189.33,0.0,4681.52,106.4
ORD-2024-11342,P0533,WH_NAGPUR_C,36,6390.0,1498.48,154.91,0.0,8043.39,223.43
ORD-2024-11343,P0154,WH_MUMBAI_W,20,7515.0,280.7,86.06,0.0,7881.76,394.09
ORD-2024-11344,P0353,WH_BLR_S,16,12949.44,1490.05,68.85,0.0,14508.34,906.77
ORD-2024-11345,P0266,WH_DELHI_N,28,5880.56,1317.77,120.48,0.0,7318.81,261.39
ORD-2024-11346,P0907,WH_NAGPUR_C,26,4005.56,1311.13,111.88,0.0,5428.57,208.79
ORD-2024-11347,P0867,WH_NAGPUR_C,22,17161.760000000002,798.18,94.67,0.0,18054.61,820.66
ORD-2024-11348,P0064,WH_KOLKATA_E,11,2768.15,901.42,47.33,0.0,3716.9,337.9
ORD-2024-11349,P0084,WH_NAGPUR_C,1,819.18,352.61,4.3,0.0,1176.09,1176.09
ORD-2024-11350,P0465,WH_MUMBAI_W,5,2965.05,1538.65,21.51,0.0,4525.21,905.04
ORD-2024-11351,P0834,WH_MUMBAI_W,49,31309.530000000002,608.2,210.85,0.0,32128.58,655.69
ORD-2024-11352,P0347,WH_KOLKATA_E,43,35641.84,971.34,185.03,0.0,36798.21,855.77
ORD-2024-11353,P0449,WH_DELHI_N,46,14381.9,209.46,197.94,0.0,14789.3,321.51
ORD-2024-11354,P0988,WH_BLR_S,41,33537.18,403.12,176.42,0.0,34116.72,832.12
ORD-2024-11355,P0915,WH_BLR_S,42,28802.76,1402.01,180.72,0.0,30385.49,723.46
ORD-2024-11356,P0005,WH_DELHI_N,36,12776.039999999999,734.57,154.91,0.0,13665.52,379.6
ORD-2024-11357,P0708,WH_MUMBAI_W,2,417.26,661.21,8.61,0.0,1087.08,543.54
ORD-2024-11358,P0783,WH_DELHI_N,6,3290.04,535.79,25.82,0.0,3851.65,641.94
ORD-2024-11359,P0583,WH_BLR_S,27,11046.24,1601.91,116.18,0.0,12764.33,472.75
ORD-2024-11360,P0316,WH_MUMBAI_W,26,18252.78,1047.05,111.88,0.0,19411.71,746.6
ORD-2024-11361,P0404,WH_KOLKATA_E,35,21942.55,942.16,150.6,0.0,23035.31,658.15
ORD-2024-11362,P0791,WH_KOLKATA_E,13,4426.889999999999,1484.25,55.94,0.0,5967.08,459.01
ORD-2024-11363,P0763,WH_NAGPUR_C,12,9898.44,1003.55,51.64,0.0,10953.63,912.8
ORD-2024-11364,P0927,WH_KOLKATA_E,18,1690.02,1411.51,77.45,0.0,3178.98,176.61
ORD-2024-11365,P0476,WH_MUMBAI_W,38,20257.04,341.63,163.51,0.0,20762.18,546.37
ORD-2024-11366,P0188,WH_MUMBAI_W,42,33636.96,758.82,180.72,0.0,34576.5,823.25
ORD-2024-11367,P0783,WH_DELHI_N,6,3290.04,989.81,25.82,0.0,4305.67,717.61
ORD-2024-11368,P0404,WH_KOLKATA_E,28,17554.039999999997,338.96,120.48,0.0,18013.48,643.34
ORD-2024-11369,P0267,WH_KOLKATA_E,28,5999.0,1133.47,120.48,0.0,7252.95,259.03
ORD-2024-11370,P0971,WH_DELHI_N,25,14149.25,1119.66,107.57,0.0,15376.48,615.06
ORD-2024-11371,P0230,WH_DELHI_N,5,1753.1,532.88,21.51,0.0,2307.49,461.5
ORD-2024-11372,P0005,WH_BLR_S,15,5323.349999999999,779.45,64.54,0.0,6167.34,411.16
ORD-2024-11373,P0429,WH_KOLKATA_E,47,33657.17,1518.05,202.24,0.0,35377.46,752.71
ORD-2024-11374,P0191,WH_KOLKATA_E,44,4034.8,983.09,189.33,0.0,5207.22,118.35
ORD-2024-11375,P0595,WH_BLR_S,9,2140.2000000000003,1184.22,38.73,0.0,3363.15,373.68
ORD-2024-11376,P0824,WH_BLR_S,45,37133.1,1340.87,193.63,0.0,38667.6,859.28
ORD-2024-11377,P0554,WH_BLR_S,48,35110.56,441.21,206.54,0.0,35758.31,744.96
ORD-2024-11378,P0998,WH_NAGPUR_C,2,134.94,1096.96,8.61,0.0,1240.51,620.26
ORD-2024-11379,P0595,WH_MUMBAI_W,49,11652.2,1338.19,210.85,0.0,13201.24,269.41
ORD-2024-11380,P0663,WH_NAGPUR_C,9,7371.18,1548.8,38.73,0.0,8958.71,995.41
ORD-2024-11381,P0135,WH_MUMBAI_W,26,15856.1,240.0,111.88,0.0,16207.98,623.38
ORD-2024-11382,P0161,WH_KOLKATA_E,23,6588.58,454.45,98.97,0.0,7142.0,310.52
ORD-2024-11383,P0005,WH_KOLKATA_E,28,9936.92,96.29,120.48,0.0,10153.69,362.63
ORD-2024-11384,P0927,WH_BLR_S,6,563.34,604.52,25.82,0.0,1193.68,198.95
ORD-2024-11385,P0544,WH_DELHI_N,4,1825.0,518.5,17.21,0.0,2360.71,590.18
ORD-2024-11386,P0189,WH_MUMBAI_W,30,19083.9,917.97,129.09,0.0,20130.96,671.03
ORD-2024-11387,P0711,WH_BLR_S,47,35432.36,561.74,202.24,0.0,36196.34,770.13
ORD-2024-11388,P0266,WH_DELHI_N,18,3780.36,1135.41,77.45,0.0,4993.22,277.4
ORD-2024-11389,P0404,WH_KOLKATA_E,30,18807.899999999998,1541.62,129.09,0.0,20478.61,682.62
ORD-2024-11390,P0892,WH_KOLKATA_E,27,1699.65,315.82,116.18,0.0,2131.65,78.95
ORD-2024-11391,P0634,WH_MUMBAI_W,44,32344.4,348.56,189.33,0.0,32882.29,747.32
ORD-2024-11392,P0904,WH_NAGPUR_C,31,6867.74,449.29,133.39,0.0,7450.42,240.34
ORD-2024-11393,P0965,WH_NAGPUR_C,44,10852.6,1592.81,189.33,0.0,12634.74,287.15
ORD-2024-11394,P0332,WH_NAGPUR_C,49,31178.699999999997,1041.42,210.85,0.0,32430.97,661.86
ORD-2024-11395,P0345,WH_NAGPUR_C,39,27440.010000000002,592.82,167.82,0.0,28200.65,723.09
ORD-2024-11396,P0076,WH_NAGPUR_C,30,6937.799999999999,687.05,129.09,0.0,7753.94,258.46
ORD-2024-11397,P0783,WH_MUMBAI_W,37,20288.58,1303.47,159.21,0.0,21751.26,587.87
ORD-2024-11398,P0176,WH_DELHI_N,12,1356.84,1205.09,51.64,0.0,2613.57,217.8
ORD-2024-11399,P0836,WH_BLR_S,17,6482.950000000001,743.23,73.15,0.0,7299.33,429.37
ORD-2024-11400,P0115,WH_KOLKATA_E,34,26054.539999999997,562.82,146.3,0.0,26763.66,787.17
ORD-2024-11401,P0836,WH_MUMBAI_W,28,10677.800000000001,1559.94,120.48,0.0,12358.22,441.36
ORD-2024-11402,P0410,WH_MUMBAI_W,4,2053.24,1493.5,17.21,0.0,3563.95,890.99
ORD-2024-11403,P0521,WH_NAGPUR_C,34,19714.22,203.69,146.3,0.0,20064.21,590.12
ORD-2024-11404,P0569,WH_DELHI_N,46,28566.92,892.08,197.94,0.0,29656.94,644.72
ORD-2024-11405,P0458,WH_KOLKATA_E,14,11421.199999999999,123.51,60.24,0.0,11604.95,828.92
ORD-2024-11406,P0780,WH_MUMBAI_W,13,8304.92,869.93,55.94,0.0,9230.79,710.06
ORD-2024-11407,P0925,WH_BLR_S,49,11771.76,1527.98,210.85,0.0,13510.59,275.73
ORD-2024-11408,P0458,WH_BLR_S,49,39974.2,167.14,210.85,0.0,40352.19,823.51
ORD-2024-11409,P0914,WH_MUMBAI_W,3,1162.35,546.95,12.91,0.0,1722.21,574.07
ORD-2024-11410,P0852,WH_NAGPUR_C,21,13887.3,974.04,90.36,0.0,14951.7,711.99
ORD-2024-11411,P0131,WH_KOLKATA_E,16,1238.4,537.25,68.85,0.0,1844.5,115.28
ORD-2024-11412,P0011,WH_KOLKATA_E,38,16209.28,221.91,163.51,0.0,16594.7,436.7
ORD-2024-11413,P0857,WH_DELHI_N,26,13452.4,430.88,111.88,0.0,13995.16,538.28
ORD-2024-11414,P0915,WH_BLR_S,6,4114.68,586.41,25.82,0.0,4726.91,787.82
ORD-2024-11415,P0567,WH_DELHI_N,18,6648.4800000000005,579.85,77.45,0.0,7305.78,405.88
ORD-2024-11416,P0109,WH_NAGPUR_C,41,18624.25,1574.88,176.42,0.0,20375.55,496.96
ORD-2024-11417,P0202,WH_NAGPUR_C,6,1730.58,1597.25,25.82,0.0,3353.65,558.94
ORD-2024-11418,P0981,WH_MUMBAI_W,41,2596.12,1020.24,176.42,0.0,3792.78,92.51
ORD-2024-11419,P0430,WH_BLR_S,25,13892.75,215.9,107.57,0.0,14216.22,568.65
ORD-2024-11420,P0022,WH_KOLKATA_E,48,27799.199999999997,219.1,206.54,0.0,28224.84,588.02
ORD-2024-11421,P0837,WH_DELHI_N,24,15605.28,1124.16,103.27,0.0,16832.71,701.36
ORD-2024-11422,P0371,WH_NAGPUR_C,30,5141.7,1086.5,129.09,0.0,6357.29,211.91
ORD-2024-11423,P0540,WH_DELHI_N,23,9109.15,389.28,98.97,0.0,9597.4,417.28
ORD-2024-11424,P0160,WH_MUMBAI_W,45,35968.95,1529.54,193.63,0.0,37692.12,837.6
ORD-2024-11425,P0884,WH_KOLKATA_E,43,12226.619999999999,1304.99,185.03,0.0,13716.64,318.99
ORD-2024-11426,P0834,WH_KOLKATA_E,8,5111.76,443.38,34.42,0.0,5589.56,698.7
ORD-2024-11427,P0918,WH_DELHI_N,49,21277.27,1500.05,210.85,0.0,22988.17,469.15
ORD-2024-11428,P0041,WH_BLR_S,9,2205.81,1275.54,38.73,0.0,3520.08,391.12
ORD-2024-11429,P0220,WH_NAGPUR_C,6,3592.26,1517.71,25.82,0.0,5135.79,855.96
ORD-2024-11430,P0641,WH_NAGPUR_C,33,17473.5,1483.69,142.0,0.0,19099.19,578.76
ORD-2024-11431,P0276,WH_KOLKATA_E,33,21748.98,95.6674,142.0,0.0,21986.65,666.26
ORD-2024-11432,P0754,WH_KOLKATA_E,45,32385.149999999998,897.82,193.63,0.0,33476.6,743.92
ORD-2024-11433,P0218,WH_NAGPUR_C,7,5749.38,321.55,30.12,0.0,6101.05,871.58
ORD-2024-11434,P0297,WH_MUMBAI_W,42,18680.34,692.64,180.72,0.0,19553.7,465.56
ORD-2024-11435,P0755,WH_KOLKATA_E,18,10937.699999999999,585.44,77.45,0.0,11600.59,644.48
ORD-2024-11436,P0892,WH_NAGPUR_C,6,377.70000000000005,783.98,25.82,0.0,1187.5,197.92
ORD-2024-11437,P0364,WH_NAGPUR_C,45,37634.4,1303.35,193.63,0.0,39131.38,869.59
ORD-2024-11438,P0079,WH_BLR_S,37,1734.1899999999998,391.46,159.21,0.0,2284.86,61.75
ORD-2024-11439,P0465,WH_DELHI_N,21,12453.21,887.72,90.36,0.0,13431.29,639.59
ORD-2024-11440,P0907,WH_MUMBAI_W,26,4005.56,1478.31,111.88,0.0,5595.75,215.22
ORD-2024-11441,P0247,WH_DELHI_N,15,572.5500000000001,817.52,64.54,0.0,1454.61,96.97
ORD-2024-11442,P0840,WH_NAGPUR_C,44,14399.0,438.02,189.33,0.0,15026.35,341.51
ORD-2024-11443,P0139,WH_MUMBAI_W,30,17946.0,996.48,129.09,0.0,19071.57,635.72
ORD-2024-11444,P0064,WH_DELHI_N,11,2768.15,154.82,47.33,0.0,2970.3,270.03
ORD-2024-11445,P0342,WH_KOLKATA_E,8,1130.08,867.19,34.42,0.0,2031.69,253.96
ORD-2024-11446,P0583,WH_MUMBAI_W,5,2045.6,909.62,21.51,0.0,2976.73,595.35
ORD-2024-11447,P0530,WH_DELHI_N,8,498.48,471.84,34.42,0.0,1004.74,125.59
ORD-2024-11448,P0975,WH_NAGPUR_C,5,209.89999999999998,570.32,21.51,0.0,801.73,160.35
ORD-2024-11449,P0143,WH_DELHI_N,10,6330.5,402.65,43.03,0.0,6776.18,677.62
ORD-2024-11450,P0994,WH_KOLKATA_E,15,5037.15,1447.95,64.54,0.0,6549.64,436.64
ORD-2024-11451,P0852,WH_DELHI_N,38,25129.399999999998,174.47,163.51,0.0,25467.38,670.19
ORD-2024-11452,P0759,WH_DELHI_N,3,1652.6399999999999,1565.65,12.91,0.0,3231.2,1077.07
ORD-2024-11453,P0279,WH_MUMBAI_W,41,28401.52,1484.91,176.42,0.0,30062.85,733.24
ORD-2024-11454,P0884,WH_DELHI_N,10,2843.3999999999996,1094.52,43.03,0.0,3980.95,398.1
ORD-2024-11455,P0337,WH_NAGPUR_C,7,2324.91,1541.43,30.12,0.0,3896.46,556.64
ORD-2024-11456,P0357,WH_DELHI_N,24,11654.16,867.82,103.27,0.0,12625.25,526.05
ORD-2024-11457,P0432,WH_MUMBAI_W,26,19859.059999999998,176.56,111.88,0.0,20147.5,774.9
ORD-2024-11458,P0079,WH_BLR_S,34,1593.58,496.19,146.3,0.0,2236.07,65.77
ORD-2024-11459,P0569,WH_MUMBAI_W,8,4968.16,1627.92,34.42,0.0,6630.5,828.81
ORD-2024-11460,P0363,WH_MUMBAI_W,39,26833.17,1376.96,167.82,0.0,28377.95,727.64
ORD-2024-11461,P0926,WH_MUMBAI_W,5,2715.05,1514.64,21.51,0.0,4251.2,850.24
ORD-2024-11462,P0492,WH_KOLKATA_E,36,24901.2,683.28,154.91,0.0,25739.39,714.98
ORD-2024-11463,P0834,WH_NAGPUR_C,43,27475.710000000003,463.27,185.03,0.0,28124.01,654.05
ORD-2024-11464,P0372,WH_KOLKATA_E,26,16968.899999999998,569.66,111.88,0.0,17650.44,678.86
ORD-2024-11465,P0596,WH_NAGPUR_C,10,2384.9,1392.45,43.03,0.0,3820.38,382.04
ORD-2024-11466,P0332,WH_KOLKATA_E,33,20997.899999999998,455.11,142.0,0.0,21595.01,654.39
ORD-2024-11467,P0714,WH_MUMBAI_W,36,2609.64,1162.8,154.91,0.0,3927.35,109.09
ORD-2024-11468,P0213,WH_MUMBAI_W,31,13347.98,1422.66,133.39,0.0,14904.03,480.78
ORD-2024-11469,P0911,WH_BLR_S,38,1108.84,1357.81,163.51,0.0,2630.16,69.21
ORD-2024-11470,P0188,WH_NAGPUR_C,25,20022.0,733.92,107.57,0.0,20863.49,834.54
ORD-2024-11471,P0592,WH_BLR_S,45,28519.2,727.07,193.63,0.0,29439.9,654.22
ORD-2024-11472,P0103,WH_NAGPUR_C,13,1687.6599999999999,1118.84,55.94,0.0,2862.44,220.19
ORD-2024-11473,P0276,WH_DELHI_N,1,659.06,783.69,4.3,0.0,1447.05,1447.05
ORD-2024-11474,P0688,WH_MUMBAI_W,36,6801.84,426.48,154.91,0.0,7383.23,205.09
ORD-2024-11475,P0191,WH_NAGPUR_C,36,3301.2000000000003,238.2,154.91,0.0,3694.31,102.62
ORD-2024-11476,P0517,WH_BLR_S,24,7151.76,546.63,103.27,0.0,7801.66,325.07
ORD-2024-11477,P0491,WH_BLR_S,27,1542.78,220.33,116.18,0.0,1879.29,69.6
ORD-2024-11478,P0102,WH_NAGPUR_C,18,1681.02,253.01,77.45,0.0,2011.48,111.75
ORD-2024-11479,P0279,WH_MUMBAI_W,47,32557.84,1416.05,202.24,0.0,34176.13,727.15
ORD-2024-11480,P0159,WH_NAGPUR_C,15,5949.900000000001,1187.81,64.54,0.0,7202.25,480.15
ORD-2024-11481,P0041,WH_NAGPUR_C,17,4166.53,1539.67,73.15,0.0,5779.35,339.96
ORD-2024-11482,P0633,WH_NAGPUR_C,29,14145.33,1217.59,124.79,0.0,15487.71,534.06
ORD-2024-11483,P0083,WH_NAGPUR_C,5,2719.4,1099.19,21.51,0.0,3840.1,768.02
ORD-2024-11484,P0088,WH_MUMBAI_W,11,2242.57,778.39,47.33,0.0,3068.29,278.94
ORD-2024-11485,P0876,WH_NAGPUR_C,16,7069.28,982.33,68.85,0.0,8120.46,507.53
ORD-2024-11486,P0143,WH_BLR_S,34,21523.699999999997,269.95,146.3,0.0,21939.95,645.29
ORD-2024-11487,P0479,WH_KOLKATA_E,17,11825.88,1012.19,73.15,0.0,12911.22,759.48
ORD-2024-11488,P0213,WH_KOLKATA_E,33,14209.14,1011.97,142.0,0.0,15363.11,465.55
ORD-2024-11489,P0634,WH_BLR_S,49,36019.9,978.61,210.85,0.0,37209.36,759.37
ORD-2024-11490,P0231,WH_BLR_S,31,18445.62,1126.6,133.39,0.0,19705.61,635.66
ORD-2024-11491,P0430,WH_NAGPUR_C,18,10002.78,1347.25,77.45,0.0,11427.48,634.86
ORD-2024-11492,P0998,WH_BLR_S,25,1686.75,699.9,107.57,0.0,2494.22,99.77
ORD-2024-11493,P0152,WH_DELHI_N,5,1245.1000000000001,599.15,21.51,0.0,1865.76,373.15
ORD-2024-11494,P0038,WH_KOLKATA_E,30,11901.0,642.11,129.09,0.0,12672.2,422.41
ORD-2024-11495,P0663,WH_BLR_S,45,36855.9,1347.1,193.63,0.0,38396.63,853.26
ORD-2024-11496,P0801,WH_NAGPUR_C,23,13567.699999999999,1500.45,98.97,0.0,15167.12,659.44
ORD-2024-11497,P0914,WH_MUMBAI_W,38,14723.1,1354.92,163.51,0.0,16241.53,427.41
ORD-2024-11498,P0907,WH_KOLKATA_E,45,6932.7,1151.08,193.63,0.0,8277.41,183.94
ORD-2024-11499,P0294,WH_NAGPUR_C,18,682.1999999999999,1264.48,77.45,0.0,2024.13,112.45
ORD-2024-11500,P0852,WH_KOLKATA_E,32,21161.6,1185.05,137.69,0.0,22484.34,702.64
ORD-2024-11501,P0952,WH_BLR_S,30,14942.699999999999,477.77,129.09,0.0,15549.56,518.32
ORD-2024-11502,P0981,WH_MUMBAI_W,29,1836.28,413.78,124.79,0.0,2374.85,81.89
ORD-2024-11503,P0139,WH_MUMBAI_W,36,21535.2,1470.74,154.91,0.0,23160.85,643.36
ORD-2024-11504,P0981,WH_BLR_S,9,569.88,1432.39,38.73,0.0,2041.0,226.78
ORD-2024-11505,P0719,WH_DELHI_N,23,5388.67,582.83,98.97,0.0,6070.47,263.93
ORD-2024-11506,P0084,WH_DELHI_N,3,2457.54,549.97,12.91,0.0,3020.42,1006.81
ORD-2024-11507,P0824,WH_BLR_S,22,18153.96,1632.7206,94.67,0.0,19881.35,903.7
ORD-2024-11508,P0125,WH_MUMBAI_W,40,7701.2,1007.76,172.12,0.0,8881.08,222.03
ORD-2024-11509,P0998,WH_NAGPUR_C,45,3036.15,1200.51,193.63,0.0,4430.29,98.45
ORD-2024-11510,P0279,WH_BLR_S,31,21474.32,95.6674,133.39,0.0,21703.38,700.11
ORD-2024-11511,P0783,WH_MUMBAI_W,22,12063.480000000001,803.08,94.67,0.0,12961.23,589.15
ORD-2024-11512,P0056,WH_BLR_S,11,7491.33,788.02,47.33,0.0,8326.68,756.97
ORD-2024-11513,P0565,WH_DELHI_N,42,4981.62,561.07,180.72,0.0,5723.41,136.27
ORD-2024-11514,P0069,WH_KOLKATA_E,43,4328.38,494.47,185.03,0.0,5007.88,116.46
ORD-2024-11515,P0150,WH_BLR_S,3,673.59,1457.89,12.91,0.0,2144.39,714.8
ORD-2024-11516,P0422,WH_DELHI_N,14,6003.2,168.47,60.24,0.0,6231.91,445.14
ORD-2024-11517,P0642,WH_BLR_S,46,22449.379999999997,1176.31,197.94,0.0,23823.63,517.9
ORD-2024-11518,P0914,WH_BLR_S,19,7361.55,902.16,81.76,0.0,8345.47,439.24
ORD-2024-11519,P0202,WH_BLR_S,31,8941.33,697.13,133.39,0.0,9771.85,315.22
ORD-2024-11520,P0297,WH_KOLKATA_E,36,16011.72,1422.33,154.91,0.0,17588.96,488.58
ORD-2024-11521,P0479,WH_NAGPUR_C,32,22260.48,1330.14,137.69,0.0,23728.31,741.51
ORD-2024-11522,P0759,WH_NAGPUR_C,26,14322.88,1032.82,111.88,0.0,15467.58,594.91
ORD-2024-11523,P0143,WH_KOLKATA_E,1,633.05,718.33,4.3,0.0,1355.68,1355.68
ORD-2024-11524,P0064,WH_BLR_S,2,503.3,1611.53,8.61,0.0,2123.44,1061.72
ORD-2024-11525,P0205,WH_DELHI_N,6,3328.08,1538.54,25.82,0.0,4892.44,815.41
ORD-2024-11526,P0139,WH_KOLKATA_E,45,26919.000000000004,1317.66,193.63,0.0,28430.29,631.78
ORD-2024-11527,P0596,WH_MUMBAI_W,14,3338.86,728.99,60.24,0.0,4128.09,294.86
ORD-2024-11528,P0915,WH_KOLKATA_E,28,19201.84,1622.81,120.48,0.0,20945.13,748.04
ORD-2024-11529,P0662,WH_DELHI_N,33,24193.95,115.77,142.0,0.0,24451.72,740.96
ORD-2024-11530,P0627,WH_MUMBAI_W,25,21105.0,1407.51,107.57,0.0,22620.08,904.8
ORD-2024-11531,P0198,WH_BLR_S,40,28684.8,480.12,172.12,0.0,29337.04,733.43
ORD-2024-11532,P0363,WH_KOLKATA_E,18,12384.539999999999,834.77,77.45,0.0,13296.76,738.71
ORD-2024-11533,P0342,WH_NAGPUR_C,46,6497.959999999999,234.51,197.94,0.0,6930.41,150.66
ORD-2024-11534,P0125,WH_MUMBAI_W,34,6546.02,872.37,146.3,0.0,7564.69,222.49
ORD-2024-11535,P0544,WH_KOLKATA_E,12,5475.0,459.5,51.64,0.0,5986.14,498.84
ORD-2024-11536,P0316,WH_NAGPUR_C,27,18954.809999999998,621.81,116.18,0.0,19692.8,729.36
ORD-2024-11537,P0754,WH_BLR_S,24,17272.079999999998,1011.15,103.27,0.0,18386.5,766.1
ORD-2024-11538,P0220,WH_BLR_S,33,19757.43,1622.8,142.0,0.0,21522.23,652.19
ORD-2024-11539,P0347,WH_BLR_S,15,12433.2,458.13,64.54,0.0,12955.87,863.72
ORD-2024-11540,P0286,WH_NAGPUR_C,43,4409.22,661.81,185.03,0.0,5256.06,122.23
ORD-2024-11541,P0279,WH_NAGPUR_C,32,22167.04,389.48,137.69,0.0,22694.21,709.19
ORD-2024-11542,P0159,WH_BLR_S,17,6743.22,885.83,73.15,0.0,7702.2,453.07
ORD-2024-11543,P0533,WH_DELHI_N,35,6212.5,496.35,150.6,0.0,6859.45,195.98
ORD-2024-11544,P0568,WH_NAGPUR_C,47,35553.62,360.42,202.24,0.0,36116.28,768.43
ORD-2024-11545,P0589,WH_KOLKATA_E,45,12930.750000000002,1079.92,193.63,0.0,14204.3,315.65
ORD-2024-11546,P0824,WH_MUMBAI_W,35,28881.3,392.49,150.6,0.0,29424.39,840.7
ORD-2024-11547,P0545,WH_DELHI_N,13,3791.3199999999997,933.72,55.94,0.0,4780.98,367.77
ORD-2024-11548,P0560,WH_KOLKATA_E,9,326.52,132.26,38.73,0.0,497.51,55.28
ORD-2024-11549,P0596,WH_MUMBAI_W,10,2384.9,1174.47,43.03,0.0,3602.4,360.24
ORD-2024-11550,P0115,WH_KOLKATA_E,1,766.31,100.72,4.3,0.0,871.33,871.33
ORD-2024-11551,P0191,WH_NAGPUR_C,34,3117.8,1226.68,146.3,0.0,4490.78,132.08
ORD-2024-11552,P0783,WH_KOLKATA_E,46,25223.640000000003,333.55,197.94,0.0,25755.13,559.89
ORD-2024-11553,P0567,WH_KOLKATA_E,37,13666.32,1164.25,159.21,0.0,14989.78,405.13
ORD-2024-11554,P0159,WH_BLR_S,25,9916.5,186.13,107.57,0.0,10210.2,408.41
ORD-2024-11555,P0581,WH_MUMBAI_W,22,850.96,578.21,94.67,0.0,1523.84,69.27
ORD-2024-11556,P0796,WH_KOLKATA_E,10,5675.299999999999,1201.82,43.03,0.0,6920.15,692.02
ORD-2024-11557,P0105,WH_MUMBAI_W,26,17698.72,1079.15,111.88,0.0,18889.75,726.53
ORD-2024-11558,P0005,WH_MUMBAI_W,19,6742.91,542.35,81.76,0.0,7367.02,387.74
ORD-2024-11559,P0952,WH_BLR_S,40,19923.6,800.98,172.12,0.0,20896.7,522.42
ORD-2024-11560,P0297,WH_BLR_S,45,20014.649999999998,592.54,193.63,0.0,20800.82,462.24
ORD-2024-11561,P0716,WH_BLR_S,41,15217.970000000001,103.3,176.42,0.0,15497.69,377.99
ORD-2024-11562,P0809,WH_BLR_S,4,1115.68,945.9,17.21,0.0,2078.79,519.7
ORD-2024-11563,P0992,WH_NAGPUR_C,40,20468.399999999998,1593.78,172.12,0.0,22234.3,555.86
ORD-2024-11564,P0342,WH_BLR_S,5,706.3,893.76,21.51,0.0,1621.57,324.31
ORD-2024-11565,P0391,WH_DELHI_N,29,22934.94,763.26,124.79,0.0,23822.99,821.48
ORD-2024-11566,P0159,WH_NAGPUR_C,38,15073.080000000002,796.75,163.51,0.0,16033.34,421.93
ORD-2024-11567,P0466,WH_BLR_S,5,1109.2,1098.98,21.51,0.0,2229.69,445.94
ORD-2024-11568,P0364,WH_BLR_S,1,836.32,168.27,4.3,0.0,1008.89,1008.89
ORD-2024-11569,P0143,WH_BLR_S,28,17725.399999999998,824.35,120.48,0.0,18670.23,666.79
ORD-2024-11570,P0759,WH_KOLKATA_E,19,10466.72,326.0,81.76,0.0,10874.48,572.34
ORD-2024-11571,P0294,WH_BLR_S,36,1364.3999999999999,987.43,154.91,0.0,2506.74,69.63
ORD-2024-11572,P0567,WH_NAGPUR_C,1,369.36,1600.87,4.3,0.0,1974.53,1974.53
ORD-2024-11573,P0404,WH_KOLKATA_E,29,18180.969999999998,473.99,124.79,0.0,18779.75,647.58
ORD-2024-11574,P0791,WH_DELHI_N,36,12259.079999999998,631.15,154.91,0.0,13045.14,362.36
ORD-2024-11575,P0956,WH_KOLKATA_E,32,22796.48,472.15,137.69,0.0,23406.32,731.45
ORD-2024-11576,P0633,WH_BLR_S,14,6828.78,820.39,60.24,0.0,7709.41,550.67
ORD-2024-11577,P0876,WH_BLR_S,32,14138.56,838.78,137.69,0.0,15115.03,472.34
ORD-2024-11578,P0521,WH_NAGPUR_C,46,26672.18,1319.46,197.94,0.0,28189.58,612.82
ORD-2024-11579,P0294,WH_DELHI_N,9,341.09999999999997,860.24,38.73,0.0,1240.07,137.79
ORD-2024-11580,P0276,WH_MUMBAI_W,19,12522.14,845.56,81.76,0.0,13449.46,707.87
ORD-2024-11581,P0971,WH_MUMBAI_W,11,6225.67,206.91,47.33,0.0,6479.91,589.08
ORD-2024-11582,P0247,WH_BLR_S,48,1832.16,207.21,206.54,0.0,2245.91,46.79
ORD-2024-11583,P0790,WH_KOLKATA_E,4,1729.84,1447.86,17.21,0.0,3194.91,798.73
ORD-2024-11584,P0592,WH_DELHI_N,41,25984.16,1487.46,176.42,0.0,27648.04,674.34
ORD-2024-11585,P0836,WH_KOLKATA_E,25,9533.75,348.77,107.57,0.0,9990.09,399.6
ORD-2024-11586,P0918,WH_KOLKATA_E,17,7381.91,1490.48,73.15,0.0,8945.54,526.21
ORD-2024-11587,P0907,WH_KOLKATA_E,47,7240.82,1523.0,202.24,0.0,8966.06,190.77
ORD-2024-11588,P0176,WH_MUMBAI_W,8,904.56,1223.13,34.42,0.0,2162.11,270.26
ORD-2024-11589,P0554,WH_NAGPUR_C,45,32916.15,771.35,193.63,0.0,33881.13,752.91
ORD-2024-11590,P0364,WH_KOLKATA_E,1,836.32,369.66,4.3,0.0,1210.28,1210.28
ORD-2024-11591,P0011,WH_NAGPUR_C,2,853.12,1404.79,8.61,0.0,2266.52,1133.26
ORD-2024-11592,P0893,WH_NAGPUR_C,10,5696.599999999999,575.72,43.03,0.0,6315.35,631.54
ORD-2024-11593,P0368,WH_BLR_S,27,22107.329999999998,460.85,116.18,0.0,22684.36,840.16
ORD-2024-11594,P0432,WH_BLR_S,27,20622.87,1051.53,116.18,0.0,21790.58,807.06
ORD-2024-11595,P0824,WH_KOLKATA_E,13,10727.34,1571.91,55.94,0.0,12355.19,950.4
ORD-2024-11596,P0583,WH_KOLKATA_E,11,4500.32,1456.29,47.33,0.0,6003.94,545.81
ORD-2024-11597,P0596,WH_BLR_S,14,3338.86,1227.2,60.24,0.0,4626.3,330.45
ORD-2024-11598,P0247,WH_DELHI_N,32,1221.44,526.24,137.69,0.0,1885.37,58.92
ORD-2024-11599,P0598,WH_MUMBAI_W,16,3478.56,1202.25,68.85,0.0,4749.66,296.85
ORD-2024-11600,P0565,WH_KOLKATA_E,29,3439.69,1386.95,124.79,0.0,4951.43,170.74
ORD-2024-11601,P0754,WH_DELHI_N,38,27347.46,1325.94,163.51,0.0,28836.91,758.87
ORD-2024-11602,P0131,WH_NAGPUR_C,34,2631.6000000000004,1003.73,146.3,0.0,3781.63,111.22
ORD-2024-11603,P0866,WH_NAGPUR_C,26,14542.84,896.3,111.88,0.0,15551.02,598.12
ORD-2024-11604,P0279,WH_DELHI_N,5,3463.6000000000004,1394.47,21.51,0.0,4879.58,975.92
ORD-2024-11605,P0316,WH_KOLKATA_E,19,13338.57,792.87,81.76,0.0,14213.2,748.06
ORD-2024-11606,P0884,WH_MUMBAI_W,39,11089.259999999998,447.98,167.82,0.0,11705.06,300.13
ORD-2024-11607,P0627,WH_BLR_S,28,23637.600000000002,921.96,120.48,0.0,24680.04,881.43
ORD-2024-11608,P0102,WH_BLR_S,28,2614.92,1393.48,120.48,0.0,4128.88,147.46
ORD-2024-11609,P0070,WH_BLR_S,17,9028.19,130.02,73.15,0.0,9231.36,543.02
ORD-2024-11610,P0754,WH_BLR_S,37,26627.789999999997,700.37,159.21,0.0,27487.37,742.9
ORD-2024-11611,P0125,WH_MUMBAI_W,44,8471.32,1452.83,189.33,0.0,10113.48,229.85
ORD-2024-11612,P0030,WH_DELHI_N,19,7374.47,958.56,81.76,0.0,8414.79,442.88
ORD-2024-11613,P0892,WH_MUMBAI_W,27,1699.65,734.39,116.18,0.0,2550.22,94.45
ORD-2024-11614,P0975,WH_KOLKATA_E,12,503.76,1242.76,51.64,0.0,1798.16,149.85
ORD-2024-11615,P0230,WH_MUMBAI_W,3,1051.8600000000001,1141.65,12.91,0.0,2206.42,735.47
ORD-2024-11616,P0714,WH_NAGPUR_C,4,289.96,944.14,17.21,0.0,1251.31,312.83
ORD-2024-11617,P0335,WH_KOLKATA_E,47,39581.99,488.17,202.24,0.0,40272.4,856.86
ORD-2024-11618,P0410,WH_DELHI_N,47,24125.569999999996,1496.33,202.24,0.0,25824.14,549.45
ORD-2024-11619,P0956,WH_KOLKATA_E,11,7836.29,263.53,47.33,0.0,8147.15,740.65
ORD-2024-11620,P0319,WH_BLR_S,34,2060.74,1204.65,146.3,0.0,3411.69,100.34
ORD-2024-11621,P0754,WH_KOLKATA_E,18,12954.06,1128.41,77.45,0.0,14159.92,786.66
ORD-2024-11622,P0261,WH_BLR_S,35,15403.15,336.14,150.6,0.0,15889.89,454.0
ORD-2024-11623,P0064,WH_DELHI_N,18,4529.7,229.29,77.45,0.0,4836.44,268.69
ORD-2024-11624,P0783,WH_KOLKATA_E,46,25223.640000000003,662.06,197.94,0.0,26083.64,567.04
ORD-2024-11625,P0319,WH_BLR_S,6,363.65999999999997,252.66,25.82,0.0,642.14,107.02
ORD-2024-11626,P0372,WH_DELHI_N,34,22190.1,1632.7206,146.3,0.0,23969.12,704.97
ORD-2024-11627,P0755,WH_DELHI_N,33,20052.45,1424.88,142.0,0.0,21619.33,655.13
ORD-2024-11628,P0700,WH_NAGPUR_C,8,6573.2,1444.73,34.42,0.0,8052.35,1006.54
ORD-2024-11629,P0335,WH_NAGPUR_C,42,35371.14,1489.48,180.72,0.0,37041.34,881.94
ORD-2024-11630,P0154,WH_MUMBAI_W,20,7515.0,548.72,86.06,0.0,8149.78,407.49
ORD-2024-11631,P0909,WH_BLR_S,20,6615.599999999999,1183.17,86.06,0.0,7884.83,394.24
ORD-2024-11632,P0189,WH_MUMBAI_W,43,27353.59,871.11,185.03,0.0,28409.73,660.69
ORD-2024-11633,P0693,WH_KOLKATA_E,18,7350.4800000000005,160.97,77.45,0.0,7588.9,421.61
ORD-2024-11634,P0125,WH_DELHI_N,27,5198.31,876.68,116.18,0.0,6191.17,229.3
ORD-2024-11635,P0634,WH_NAGPUR_C,48,35284.8,206.18,206.54,0.0,35697.52,743.7
ORD-2024-11636,P0852,WH_KOLKATA_E,5,3306.5,1598.6,21.51,0.0,4926.61,985.32
ORD-2024-11637,P0479,WH_KOLKATA_E,7,4869.48,1358.33,30.12,0.0,6257.93,893.99
ORD-2024-11638,P0581,WH_NAGPUR_C,22,850.96,1254.42,94.67,0.0,2200.05,100.0
ORD-2024-11639,P0091,WH_MUMBAI_W,34,22661.68,252.15,146.3,0.0,23060.13,678.24
ORD-2024-11640,P0956,WH_KOLKATA_E,43,30632.77,95.6674,185.03,0.0,30913.47,718.92
ORD-2024-11641,P0584,WH_NAGPUR_C,13,6240.78,488.55,55.94,0.0,6785.27,521.94
ORD-2024-11642,P0408,WH_MUMBAI_W,32,5428.8,1254.36,137.69,0.0,6820.85,213.15
ORD-2024-11643,P0791,WH_KOLKATA_E,24,8172.719999999999,1064.22,103.27,0.0,9340.21,389.18
ORD-2024-11644,P0755,WH_MUMBAI_W,16,9722.4,1130.39,68.85,0.0,10921.64,682.6
ORD-2024-11645,P0714,WH_DELHI_N,14,1014.8599999999999,293.26,60.24,0.0,1368.36,97.74
ORD-2024-11646,P0583,WH_NAGPUR_C,39,15955.68,759.55,167.82,0.0,16883.05,432.9
ORD-2024-11647,P0195,WH_NAGPUR_C,7,4038.02,840.04,30.12,0.0,4908.18,701.17
ORD-2024-11648,P0674,WH_BLR_S,44,11044.880000000001,1557.69,189.33,0.0,12791.9,290.72
ORD-2024-11649,P0429,WH_DELHI_N,12,8593.32,1207.35,51.64,0.0,9852.31,821.03
ORD-2024-11650,P0748,WH_NAGPUR_C,20,3604.0,310.73,86.06,0.0,4000.79,200.04
ORD-2024-11651,P0300,WH_KOLKATA_E,33,13328.039999999999,703.59,142.0,0.0,14173.63,429.5
ORD-2024-11652,P0088,WH_BLR_S,6,1223.22,1338.1,25.82,0.0,2587.14,431.19
ORD-2024-11653,P0076,WH_NAGPUR_C,40,9250.4,1242.91,172.12,0.0,10665.43,266.64
ORD-2024-11654,P0892,WH_KOLKATA_E,27,1699.65,815.66,116.18,0.0,2631.49,97.46
ORD-2024-11655,P0755,WH_BLR_S,13,7899.45,1256.12,55.94,0.0,9211.51,708.58
ORD-2024-11656,P0608,WH_MUMBAI_W,5,4176.45,735.3,21.51,0.0,4933.26,986.65
ORD-2024-11657,P0432,WH_MUMBAI_W,24,18331.44,115.42,103.27,0.0,18550.13,772.92
ORD-2024-11658,P0479,WH_KOLKATA_E,10,6956.4,1245.82,43.03,0.0,8245.25,824.52
ORD-2024-11659,P0884,WH_MUMBAI_W,46,13079.64,1632.7206,197.94,0.0,14910.3,324.14
ORD-2024-11660,P0714,WH_DELHI_N,32,2319.68,660.51,137.69,0.0,3117.88,97.43
ORD-2024-11661,P0176,WH_BLR_S,9,1017.6299999999999,1027.95,38.73,0.0,2084.31,231.59
ORD-2024-11662,P0038,WH_KOLKATA_E,49,19438.3,694.12,210.85,0.0,20343.27,415.17
ORD-2024-11663,P0801,WH_DELHI_N,35,20646.5,757.81,150.6,0.0,21554.91,615.85
ORD-2024-11664,P0205,WH_DELHI_N,44,24405.92,1557.95,189.33,0.0,26153.2,594.39
ORD-2024-11665,P0466,WH_KOLKATA_E,12,2662.08,1513.05,51.64,0.0,4226.77,352.23
ORD-2024-11666,P0545,WH_KOLKATA_E,11,3208.04,224.71,47.33,0.0,3480.08,316.37
ORD-2024-11667,P0408,WH_BLR_S,36,6107.400000000001,1182.56,154.91,0.0,7444.87,206.8
ORD-2024-11668,P0711,WH_DELHI_N,8,6031.04,501.92,34.42,0.0,6567.38,820.92
ORD-2024-11669,P0965,WH_BLR_S,10,2466.5,872.41,43.03,0.0,3381.94,338.19
ORD-2024-11670,P0371,WH_KOLKATA_E,14,2399.46,1220.83,60.24,0.0,3680.53,262.9
ORD-2024-11671,P0824,WH_NAGPUR_C,30,24755.399999999998,453.6,129.09,0.0,25338.09,844.6
ORD-2024-11672,P0884,WH_BLR_S,1,284.34,639.09,4.3,0.0,927.73,927.73
ORD-2024-11673,P0662,WH_KOLKATA_E,12,8797.8,1537.54,51.64,0.0,10386.98,865.58
ORD-2024-11674,P0627,WH_DELHI_N,5,4221.0,740.11,21.51,0.0,4982.62,996.52
ORD-2024-11675,P0476,WH_DELHI_N,14,7463.120000000001,188.13,60.24,0.0,7711.49,550.82
ORD-2024-11676,P0809,WH_MUMBAI_W,36,10041.12,776.7,154.91,0.0,10972.73,304.8
ORD-2024-11677,P0125,WH_KOLKATA_E,17,3273.01,874.86,73.15,0.0,4221.02,248.3
ORD-2024-11678,P0584,WH_BLR_S,22,10561.32,1281.11,94.67,0.0,11937.1,542.6
ORD-2024-11679,P0449,WH_BLR_S,31,9692.15,591.16,133.39,0.0,10416.7,336.02
ORD-2024-11680,P0634,WH_KOLKATA_E,26,19112.600000000002,329.16,111.88,0.0,19553.64,752.06
ORD-2024-11681,P0711,WH_KOLKATA_E,13,9800.44,1182.54,55.94,0.0,11038.92,849.15
ORD-2024-11682,P0981,WH_NAGPUR_C,3,189.96,617.14,12.91,0.0,820.01,273.34
ORD-2024-11683,P0581,WH_BLR_S,43,1663.24,137.11,185.03,0.0,1985.38,46.17
ORD-2024-11684,P0822,WH_NAGPUR_C,11,4681.93,1374.53,47.33,0.0,6103.79,554.89
ORD-2024-11685,P0714,WH_NAGPUR_C,5,362.45,1583.4,21.51,0.0,1967.36,393.47
ORD-2024-11686,P0633,WH_KOLKATA_E,38,18535.26,1553.17,163.51,0.0,20251.94,532.95
ORD-2024-11687,P0511,WH_DELHI_N,4,2450.48,1171.93,17.21,0.0,3639.62,909.9
ORD-2024-11688,P0975,WH_KOLKATA_E,32,1343.36,469.63,137.69,0.0,1950.68,60.96
ORD-2024-11689,P0364,WH_NAGPUR_C,10,8363.2,1532.54,43.03,0.0,9938.77,993.88
ORD-2024-11690,P0554,WH_KOLKATA_E,10,7314.700000000001,413.08,43.03,0.0,7770.81,777.08
ORD-2024-11691,P0202,WH_MUMBAI_W,44,12690.92,1298.05,189.33,0.0,14178.3,322.23
ORD-2024-11692,P0230,WH_BLR_S,18,6311.16,1530.62,77.45,0.0,7919.23,439.96
ORD-2024-11693,P0449,WH_KOLKATA_E,47,14694.55,1523.91,202.24,0.0,16420.7,349.38
ORD-2024-11694,P0998,WH_BLR_S,23,1551.81,919.89,98.97,0.0,2570.67,111.77
ORD-2024-11695,P0592,WH_BLR_S,18,11407.68,1460.39,77.45,0.0,12945.52,719.2
ORD-2024-11696,P0763,WH_DELHI_N,35,28870.45,232.93,150.6,0.0,29253.98,835.83
ORD-2024-11697,P0115,WH_MUMBAI_W,3,2298.93,113.33,12.91,0.0,2425.17,808.39
ORD-2024-11698,P0152,WH_NAGPUR_C,1,249.02,1253.9,4.3,0.0,1507.22,1507.22
ORD-2024-11699,P0191,WH_BLR_S,17,1558.9,1541.08,73.15,0.0,3173.13,186.65
ORD-2024-11700,P0356,WH_DELHI_N,42,34425.72,237.64,180.72,0.0,34844.08,829.62
ORD-2024-11701,P0300,WH_KOLKATA_E,6,2423.2799999999997,684.67,25.82,0.0,3133.77,522.29
ORD-2024-11702,P0892,WH_BLR_S,11,692.45,1632.7206,47.33,0.0,2372.5,215.68
ORD-2024-11703,P0116,WH_MUMBAI_W,14,2468.34,1442.56,60.24,0.0,3971.14,283.65
ORD-2024-11704,P0160,WH_DELHI_N,49,39166.189999999995,675.54,210.85,0.0,40052.58,817.4
ORD-2024-11705,P0160,WH_MUMBAI_W,28,22380.68,1507.51,120.48,0.0,24008.67,857.45
ORD-2024-11706,P0998,WH_DELHI_N,39,2631.33,696.81,167.82,0.0,3495.96,89.64
ORD-2024-11707,P0567,WH_BLR_S,36,13296.960000000001,669.72,154.91,0.0,14121.59,392.27
ORD-2024-11708,P0748,WH_DELHI_N,11,1982.1999999999998,902.85,47.33,0.0,2932.38,266.58
ORD-2024-11709,P0840,WH_NAGPUR_C,41,13417.25,540.66,176.42,0.0,14134.33,344.74
ORD-2024-11710,P0641,WH_KOLKATA_E,40,21180.0,1053.18,172.12,0.0,22405.3,560.13
ORD-2024-11711,P0540,WH_NAGPUR_C,4,1584.2,546.01,17.21,0.0,2147.42,536.86
ORD-2024-11712,P0213,WH_KOLKATA_E,48,20667.84,1000.92,206.54,0.0,21875.3,455.74
ORD-2024-11713,P0662,WH_MUMBAI_W,6,4398.9,1393.88,25.82,0.0,5818.6,969.77
ORD-2024-11714,P0693,WH_NAGPUR_C,38,15517.68,1309.47,163.51,0.0,16990.66,447.12
ORD-2024-11715,P0119,WH_NAGPUR_C,19,4373.8,123.52,81.76,0.0,4579.08,241.0
ORD-2024-11716,P0267,WH_MUMBAI_W,31,6641.75,1133.05,133.39,0.0,7908.19,255.1
ORD-2024-11717,P0011,WH_MUMBAI_W,2,853.12,1444.22,8.61,0.0,2305.95,1152.97
ORD-2024-11718,P0581,WH_NAGPUR_C,43,1663.24,1189.16,185.03,0.0,3037.43,70.64
ORD-2024-11719,P0876,WH_MUMBAI_W,25,11045.75,502.58,107.57,0.0,11655.9,466.24
ORD-2024-11720,P0300,WH_KOLKATA_E,41,16559.079999999998,1267.78,176.42,0.0,18003.28,439.1
ORD-2024-11721,P0909,WH_KOLKATA_E,48,15877.439999999999,1342.18,206.54,0.0,17426.16,363.04
ORD-2024-11722,P0700,WH_BLR_S,11,9038.15,458.61,47.33,0.0,9544.09,867.64
ORD-2024-11723,P0892,WH_KOLKATA_E,46,2895.7000000000003,1511.19,197.94,0.0,4604.83,100.1
ORD-2024-11724,P0925,WH_NAGPUR_C,40,9609.6,518.6,172.12,0.0,10300.32,257.51
ORD-2024-11725,P0391,WH_NAGPUR_C,45,35588.7,1632.7206,193.63,0.0,37415.05,831.45
ORD-2024-11726,P0205,WH_KOLKATA_E,42,23296.559999999998,805.19,180.72,0.0,24282.47,578.15
ORD-2024-11727,P0608,WH_KOLKATA_E,44,36752.759999999995,309.65,189.33,0.0,37251.74,846.63
ORD-2024-11728,P0076,WH_MUMBAI_W,21,4856.46,1269.72,90.36,0.0,6216.54,296.03
ORD-2024-11729,P0568,WH_NAGPUR_C,3,2269.38,1080.2,12.91,0.0,3362.49,1120.83
ORD-2024-11730,P0279,WH_DELHI_N,2,1385.44,1173.04,8.61,0.0,2567.09,1283.54
ORD-2024-11731,P0981,WH_MUMBAI_W,11,696.52,528.3,47.33,0.0,1272.15,115.65
ORD-2024-11732,P0254,WH_KOLKATA_E,24,1339.44,190.87,103.27,0.0,1633.58,68.07
ORD-2024-11733,P0584,WH_BLR_S,24,11521.44,391.86,103.27,0.0,12016.57,500.69
ORD-2024-11734,P0595,WH_BLR_S,21,4993.8,756.69,90.36,0.0,5840.85,278.14
ORD-2024-11735,P0693,WH_NAGPUR_C,25,10209.0,203.37,107.57,0.0,10519.94,420.8
ORD-2024-11736,P0852,WH_BLR_S,4,2645.2,1066.34,17.21,0.0,3728.75,932.19
ORD-2024-11737,P0918,WH_KOLKATA_E,40,17369.2,959.97,172.12,0.0,18501.29,462.53
ORD-2024-11738,P0022,WH_MUMBAI_W,43,24903.45,354.92,185.03,0.0,25443.4,591.71
ORD-2024-11739,P0714,WH_BLR_S,47,3407.0299999999997,1381.28,202.24,0.0,4990.55,106.18
ORD-2024-11740,P0911,WH_NAGPUR_C,23,671.14,1147.16,98.97,0.0,1917.27,83.36
ORD-2024-11741,P0319,WH_DELHI_N,24,1454.6399999999999,977.88,103.27,0.0,2535.79,105.66
ORD-2024-11742,P0840,WH_NAGPUR_C,21,6872.25,1185.63,90.36,0.0,8148.24,388.01
ORD-2024-11743,P0139,WH_MUMBAI_W,2,1196.4,989.51,8.61,0.0,2194.52,1097.26
ORD-2024-11744,P0342,WH_NAGPUR_C,23,3248.9799999999996,95.6674,98.97,0.0,3443.62,149.72
ORD-2024-11745,P0160,WH_DELHI_N,15,11989.65,828.88,64.54,0.0,12883.07,858.87
ORD-2024-11746,P0637,WH_NAGPUR_C,26,9615.06,614.08,111.88,0.0,10341.02,397.73
ORD-2024-11747,P0824,WH_BLR_S,26,21454.68,1295.43,111.88,0.0,22861.99,879.31
ORD-2024-11748,P0476,WH_NAGPUR_C,28,14926.240000000002,1165.67,120.48,0.0,16212.39,579.01
ORD-2024-11749,P0097,WH_BLR_S,26,5997.42,1059.32,111.88,0.0,7168.62,275.72
ORD-2024-11750,P0554,WH_MUMBAI_W,45,32916.15,982.58,193.63,0.0,34092.36,757.61
ORD-2024-11751,P0674,WH_NAGPUR_C,2,502.04,564.66,8.61,0.0,1075.31,537.66
ORD-2024-11752,P0176,WH_MUMBAI_W,35,3957.45,1013.08,150.6,0.0,5121.13,146.32
ORD-2024-11753,P0673,WH_DELHI_N,32,15908.48,1379.74,137.69,0.0,17425.91,544.56
ORD-2024-11754,P0432,WH_BLR_S,30,22914.3,667.06,129.09,0.0,23710.45,790.35
ORD-2024-11755,P0809,WH_DELHI_N,46,12830.320000000002,638.7,197.94,0.0,13666.96,297.11
ORD-2024-11756,P0884,WH_NAGPUR_C,20,5686.799999999999,1592.11,86.06,0.0,7364.97,368.25
ORD-2024-11757,P0524,WH_BLR_S,13,1941.42,1335.21,55.94,0.0,3332.57,256.35
ORD-2024-11758,P0176,WH_KOLKATA_E,27,3052.89,121.55,116.18,0.0,3290.62,121.87
ORD-2024-11759,P0222,WH_KOLKATA_E,23,4347.92,620.61,98.97,0.0,5067.5,220.33
ORD-2024-11760,P0109,WH_BLR_S,16,7268.0,1355.4,68.85,0.0,8692.25,543.27
ORD-2024-11761,P0297,WH_BLR_S,31,13787.869999999999,1221.72,133.39,0.0,15142.98,488.48
ORD-2024-11762,P0465,WH_KOLKATA_E,12,7116.12,329.92,51.64,0.0,7497.68,624.81
ORD-2024-11763,P0139,WH_DELHI_N,33,19740.600000000002,840.13,142.0,0.0,20722.73,627.96
ORD-2024-11764,P0866,WH_NAGPUR_C,38,21254.920000000002,394.3,163.51,0.0,21812.73,574.02
ORD-2024-11765,P0581,WH_NAGPUR_C,45,1740.6,1058.76,193.63,0.0,2992.99,66.51
ORD-2024-11766,P0230,WH_MUMBAI_W,32,11219.84,185.63,137.69,0.0,11543.16,360.72
ORD-2024-11767,P0907,WH_KOLKATA_E,2,308.12,538.23,8.61,0.0,854.96,427.48
ORD-2024-11768,P0994,WH_DELHI_N,49,16454.69,215.43,210.85,0.0,16880.97,344.51
ORD-2024-11769,P0595,WH_BLR_S,23,5469.400000000001,1569.66,98.97,0.0,7138.03,310.35
ORD-2024-11770,P0422,WH_KOLKATA_E,32,13721.6,421.05,137.69,0.0,14280.34,446.26
ORD-2024-11771,P0139,WH_DELHI_N,15,8973.0,856.94,64.54,0.0,9894.48,659.63
ORD-2024-11772,P0279,WH_MUMBAI_W,40,27708.800000000003,308.05,172.12,0.0,28188.97,704.72
ORD-2024-11773,P0139,WH_KOLKATA_E,41,24526.2,199.26,176.42,0.0,24901.88,607.36
ORD-2024-11774,P0553,WH_MUMBAI_W,40,10716.800000000001,124.73,172.12,0.0,11013.65,275.34
ORD-2024-11775,P0642,WH_KOLKATA_E,8,3904.24,192.09,34.42,0.0,4130.75,516.34
ORD-2024-11776,P0116,WH_DELHI_N,43,7581.33,830.67,185.03,0.0,8597.03,199.93
ORD-2024-11777,P0458,WH_MUMBAI_W,49,39974.2,899.41,210.85,0.0,41084.46,838.46
ORD-2024-11778,P0796,WH_MUMBAI_W,22,12485.66,583.2,94.67,0.0,13163.53,598.34
ORD-2024-11779,P0102,WH_KOLKATA_E,38,3548.82,1448.3,163.51,0.0,5160.63,135.81
ORD-2024-11780,P0161,WH_MUMBAI_W,34,9739.64,854.06,146.3,0.0,10740.0,315.88
ORD-2024-11781,P0135,WH_NAGPUR_C,1,609.85,1333.18,4.3,0.0,1947.33,1947.33
ORD-2024-11782,P0364,WH_BLR_S,10,8363.2,850.7,43.03,0.0,9256.93,925.69
ORD-2024-11783,P0364,WH_NAGPUR_C,40,33452.8,491.63,172.12,0.0,34116.55,852.91
ORD-2024-11784,P0021,WH_BLR_S,16,3956.32,416.9,68.85,0.0,4442.07,277.63
ORD-2024-11785,P0356,WH_DELHI_N,24,19671.84,390.08,103.27,0.0,20165.19,840.22
ORD-2024-11786,P0700,WH_KOLKATA_E,46,37795.9,1158.57,197.94,0.0,39152.41,851.14
ORD-2024-11787,P0152,WH_NAGPUR_C,24,5976.4800000000005,1222.99,103.27,0.0,7302.74,304.28
ORD-2024-11788,P0866,WH_MUMBAI_W,48,26848.32,259.44,206.54,0.0,27314.3,569.05
ORD-2024-11789,P0391,WH_BLR_S,14,11072.04,1600.61,60.24,0.0,12732.89,909.49
ORD-2024-11790,P0801,WH_NAGPUR_C,26,15337.4,1539.81,111.88,0.0,16989.09,653.43
ORD-2024-11791,P0319,WH_NAGPUR_C,39,2363.79,484.27,167.82,0.0,3015.88,77.33
ORD-2024-11792,P0926,WH_NAGPUR_C,18,9774.18,710.79,77.45,0.0,10562.42,586.8
ORD-2024-11793,P0709,WH_KOLKATA_E,20,9664.6,1575.64,86.06,0.0,11326.3,566.31
ORD-2024-11794,P0962,WH_MUMBAI_W,41,4984.78,1632.7206,176.42,0.0,6793.92,165.71
ORD-2024-11795,P0834,WH_KOLKATA_E,36,23002.920000000002,722.6,154.91,0.0,23880.43,663.35
ORD-2024-11796,P0131,WH_KOLKATA_E,24,1857.6000000000001,1382.31,103.27,0.0,3343.18,139.3
ORD-2024-11797,P0836,WH_KOLKATA_E,26,9915.1,1524.24,111.88,0.0,11551.22,444.28
ORD-2024-11798,P0674,WH_DELHI_N,29,7279.58,1367.38,124.79,0.0,8771.75,302.47
ORD-2024-11799,P0866,WH_DELHI_N,48,26848.32,1144.58,206.54,0.0,28199.44,587.49
ORD-2024-11800,P0666,WH_KOLKATA_E,22,13767.16,749.8,94.67,0.0,14611.63,664.16
ORD-2024-11801,P0517,WH_KOLKATA_E,11,3277.8900000000003,834.35,47.33,0.0,4159.57,378.14
ORD-2024-11802,P0672,WH_KOLKATA_E,41,10203.26,1271.14,176.42,0.0,11650.82,284.17
ORD-2024-11803,P0319,WH_NAGPUR_C,49,2969.89,457.87,210.85,0.0,3638.61,74.26
ORD-2024-11804,P0083,WH_MUMBAI_W,11,5982.68,1197.22,47.33,0.0,7227.23,657.02
ORD-2024-11805,P0909,WH_DELHI_N,3,992.3399999999999,862.33,12.91,0.0,1867.58,622.53
ORD-2024-11806,P0152,WH_NAGPUR_C,21,5229.42,947.22,90.36,0.0,6267.0,298.43
ORD-2024-11807,P0801,WH_NAGPUR_C,11,6488.9,1484.4,47.33,0.0,8020.63,729.15
ORD-2024-11808,P0755,WH_DELHI_N,8,4861.2,1585.33,34.42,0.0,6480.95,810.12
ORD-2024-11809,P0125,WH_NAGPUR_C,31,5968.43,610.72,133.39,0.0,6712.54,216.53
ORD-2024-11810,P0598,WH_BLR_S,10,2174.1,1338.84,43.03,0.0,3555.97,355.6
ORD-2024-11811,P0011,WH_BLR_S,6,2559.36,1014.16,25.82,0.0,3599.34,599.89
ORD-2024-11812,P0926,WH_KOLKATA_E,17,9231.17,582.54,73.15,0.0,9886.86,581.58
ORD-2024-11813,P0857,WH_NAGPUR_C,38,19661.2,1084.54,163.51,0.0,20909.25,550.24
ORD-2024-11814,P0822,WH_BLR_S,7,2979.41,1096.25,30.12,0.0,4105.78,586.54
ORD-2024-11815,P0159,WH_KOLKATA_E,32,12693.12,1326.52,137.69,0.0,14157.33,442.42
ORD-2024-11816,P0125,WH_DELHI_N,13,2502.89,787.32,55.94,0.0,3346.15,257.4
ORD-2024-11817,P0064,WH_DELHI_N,6,1509.9,1258.86,25.82,0.0,2794.58,465.76
ORD-2024-11818,P0700,WH_KOLKATA_E,3,2464.95,484.86,12.91,0.0,2962.72,987.57
ORD-2024-11819,P0634,WH_BLR_S,27,19847.7,817.56,116.18,0.0,20781.44,769.68
ORD-2024-11820,P0962,WH_DELHI_N,45,5471.1,1019.42,193.63,0.0,6684.15,148.54
ORD-2024-11821,P0084,WH_DELHI_N,42,34405.56,981.3,180.72,0.0,35567.58,846.85
ORD-2024-11822,P0596,WH_BLR_S,26,6200.74,297.55,111.88,0.0,6610.17,254.24
ORD-2024-11823,P0198,WH_BLR_S,4,2868.48,670.59,17.21,0.0,3556.28,889.07
ORD-2024-11824,P0279,WH_NAGPUR_C,37,25630.64,583.34,159.21,0.0,26373.19,712.79
ORD-2024-11825,P0131,WH_KOLKATA_E,21,1625.4,1480.25,90.36,0.0,3196.01,152.19
ORD-2024-11826,P0913,WH_KOLKATA_E,28,18188.52,1632.7206,120.48,0.0,19941.72,712.2
ORD-2024-11827,P0711,WH_DELHI_N,18,13569.84,601.77,77.45,0.0,14249.06,791.61
ORD-2024-11828,P0759,WH_DELHI_N,32,17628.16,1417.09,137.69,0.0,19182.94,599.47
ORD-2024-11829,P0119,WH_BLR_S,39,8977.8,893.86,167.82,0.0,10039.48,257.42
ORD-2024-11830,P0357,WH_NAGPUR_C,33,16024.47,697.09,142.0,0.0,16863.56,511.02
ORD-2024-11831,P0755,WH_MUMBAI_W,26,15798.9,1277.16,111.88,0.0,17187.94,661.07
ORD-2024-11832,P0633,WH_DELHI_N,17,8292.09,1575.69,73.15,0.0,9940.93,584.76
ORD-2024-11833,P0115,WH_DELHI_N,29,22222.989999999998,610.14,124.79,0.0,22957.92,791.65
ORD-2024-11834,P0449,WH_BLR_S,20,6253.0,346.85,86.06,0.0,6685.91,334.3
ORD-2024-11835,P0470,WH_BLR_S,30,21465.0,1632.7206,129.09,0.0,23226.81,774.23
ORD-2024-11836,P0524,WH_NAGPUR_C,5,746.7,1183.3,21.51,0.0,1951.51,390.3
ORD-2024-11837,P0790,WH_DELHI_N,6,2594.7599999999998,495.29,25.82,0.0,3115.87,519.31
ORD-2024-11838,P0884,WH_MUMBAI_W,42,11942.279999999999,151.73,180.72,0.0,12274.73,292.26
ORD-2024-11839,P0530,WH_BLR_S,10,623.1,1100.08,43.03,0.0,1766.21,176.62
ORD-2024-11840,P0965,WH_BLR_S,6,1479.9,954.24,25.82,0.0,2459.96,409.99
ORD-2024-11841,P0202,WH_BLR_S,10,2884.3,557.88,43.03,0.0,3485.21,348.52
ORD-2024-11842,P0189,WH_MUMBAI_W,42,26717.46,1040.67,180.72,0.0,27938.85,665.21
ORD-2024-11843,P0608,WH_MUMBAI_W,21,17541.09,273.41,90.36,0.0,17904.86,852.61
ORD-2024-11844,P0913,WH_KOLKATA_E,44,28581.960000000003,624.48,189.33,0.0,29395.77,668.09
ORD-2024-11845,P0596,WH_NAGPUR_C,4,953.96,610.9,17.21,0.0,1582.07,395.52
ORD-2024-11846,P0159,WH_NAGPUR_C,13,5156.58,1396.79,55.94,0.0,6609.31,508.41
ORD-2024-11847,P0069,WH_MUMBAI_W,10,1006.5999999999999,543.86,43.03,0.0,1593.49,159.35
ORD-2024-11848,P0876,WH_KOLKATA_E,16,7069.28,570.27,68.85,0.0,7708.4,481.78
ORD-2024-11849,P0083,WH_KOLKATA_E,19,10333.72,1197.42,81.76,0.0,11612.9,611.21
ORD-2024-11850,P0716,WH_MUMBAI_W,6,2227.02,158.76,25.82,0.0,2411.6,401.93
ORD-2024-11851,P0038,WH_KOLKATA_E,26,10314.199999999999,1207.45,111.88,0.0,11633.53,447.44
ORD-2024-11852,P0530,WH_DELHI_N,9,560.79,150.62,38.73,0.0,750.14,83.35
ORD-2024-11853,P0892,WH_MUMBAI_W,46,2895.7000000000003,241.79,197.94,0.0,3335.43,72.51
ORD-2024-11854,P0193,WH_BLR_S,10,3581.6000000000004,767.96,43.03,0.0,4392.59,439.26
ORD-2024-11855,P0247,WH_MUMBAI_W,40,1526.8000000000002,1543.93,172.12,0.0,3242.85,81.07
ORD-2024-11856,P0913,WH_DELHI_N,3,1948.77,286.94,12.91,0.0,2248.62,749.54
ORD-2024-11857,P0867,WH_DELHI_N,49,38223.920000000006,472.43,210.85,0.0,38907.2,794.02
ORD-2024-11858,P0852,WH_KOLKATA_E,19,12564.699999999999,1143.9,81.76,0.0,13790.36,725.81
ORD-2024-11859,P0719,WH_MUMBAI_W,35,8200.15,1571.47,150.6,0.0,9922.22,283.49
ORD-2024-11860,P0712,WH_KOLKATA_E,46,11766.800000000001,837.26,197.94,0.0,12802.0,278.3
ORD-2024-11861,P0925,WH_DELHI_N,6,1441.44,885.34,25.82,0.0,2352.6,392.1
ORD-2024-11862,P0836,WH_BLR_S,29,11059.150000000001,570.04,124.79,0.0,11753.98,405.31
ORD-2024-11863,P0852,WH_KOLKATA_E,19,12564.699999999999,786.93,81.76,0.0,13433.39,707.02
ORD-2024-11864,P0637,WH_BLR_S,44,16271.64,320.49,189.33,0.0,16781.46,381.4
ORD-2024-11865,P0642,WH_NAGPUR_C,15,7320.45,277.55,64.54,0.0,7662.54,510.84
ORD-2024-11866,P0491,WH_KOLKATA_E,38,2171.32,1206.62,163.51,0.0,3541.45,93.2
ORD-2024-11867,P0056,WH_NAGPUR_C,21,14301.63,829.58,90.36,0.0,15221.57,724.84
ORD-2024-11868,P0790,WH_DELHI_N,44,19028.239999999998,1315.79,189.33,0.0,20533.36,466.67
ORD-2024-11869,P0909,WH_KOLKATA_E,39,12900.419999999998,1106.84,167.82,0.0,14175.08,363.46
ORD-2024-11870,P0347,WH_NAGPUR_C,23,19064.24,95.6674,98.97,0.0,19258.88,837.34
ORD-2024-11871,P0666,WH_BLR_S,20,12515.599999999999,856.07,86.06,0.0,13457.73,672.89
ORD-2024-11872,P0294,WH_NAGPUR_C,42,1591.8,975.43,180.72,0.0,2747.95,65.43
ORD-2024-11873,P0280,WH_MUMBAI_W,2,1085.48,214.68,8.61,0.0,1308.77,654.38
ORD-2024-11874,P0852,WH_KOLKATA_E,45,29758.499999999996,1437.86,193.63,0.0,31389.99,697.56
ORD-2024-11875,P0975,WH_DELHI_N,32,1343.36,1220.43,137.69,0.0,2701.48,84.42
ORD-2024-11876,P0641,WH_NAGPUR_C,47,24886.5,1363.88,202.24,0.0,26452.62,562.82
ORD-2024-11877,P0335,WH_KOLKATA_E,28,23580.76,1054.41,120.48,0.0,24755.65,884.13
ORD-2024-11878,P0125,WH_MUMBAI_W,4,770.12,1489.15,17.21,0.0,2276.48,569.12
ORD-2024-11879,P0030,WH_MUMBAI_W,7,2716.91,295.5,30.12,0.0,3042.53,434.65
ORD-2024-11880,P0837,WH_KOLKATA_E,3,1950.66,1384.39,12.91,0.0,3347.96,1115.99
ORD-2024-11881,P0852,WH_DELHI_N,25,16532.5,1510.02,107.57,0.0,18150.09,726.0
ORD-2024-11882,P0708,WH_KOLKATA_E,48,10014.24,138.77,206.54,0.0,10359.55,215.82
ORD-2024-11883,P0337,WH_KOLKATA_E,9,2989.17,1090.72,38.73,0.0,4118.62,457.62
ORD-2024-11884,P0893,WH_DELHI_N,23,13102.179999999998,266.56,98.97,0.0,13467.71,585.55
ORD-2024-11885,P0404,WH_DELHI_N,23,14419.39,1096.44,98.97,0.0,15614.8,678.9
ORD-2024-11886,P0430,WH_BLR_S,49,27229.79,1565.1,210.85,0.0,29005.74,591.95
ORD-2024-11887,P0867,WH_BLR_S,26,20282.08,464.03,111.88,0.0,20857.99,802.23
ORD-2024-11888,P0195,WH_KOLKATA_E,40,23074.4,776.08,172.12,0.0,24022.6,600.56
ORD-2024-11889,P0530,WH_MUMBAI_W,18,1121.58,228.66,77.45,0.0,1427.69,79.32
ORD-2024-11890,P0688,WH_DELHI_N,24,4534.5599999999995,1134.92,103.27,0.0,5772.75,240.53
ORD-2024-11891,P0022,WH_NAGPUR_C,27,15637.05,310.64,116.18,0.0,16063.87,594.96
ORD-2024-11892,P0297,WH_NAGPUR_C,45,20014.649999999998,1587.44,193.63,0.0,21795.72,484.35
ORD-2024-11893,P0261,WH_DELHI_N,2,880.18,610.24,8.61,0.0,1499.03,749.52
ORD-2024-11894,P0584,WH_DELHI_N,1,480.06,376.15,4.3,0.0,860.51,860.51
ORD-2024-11895,P0161,WH_NAGPUR_C,48,13750.079999999998,1519.35,206.54,0.0,15475.97,322.42
ORD-2024-11896,P0027,WH_KOLKATA_E,16,8292.32,1051.13,68.85,0.0,9412.3,588.27
ORD-2024-11897,P0567,WH_KOLKATA_E,43,15882.480000000001,896.87,185.03,0.0,16964.38,394.52
ORD-2024-11898,P0568,WH_KOLKATA_E,24,18155.04,1331.38,103.27,0.0,19589.69,816.24
ORD-2024-11899,P0824,WH_NAGPUR_C,36,29706.48,1463.43,154.91,0.0,31324.82,870.13
ORD-2024-11900,P0195,WH_DELHI_N,11,6345.46,1287.79,47.33,0.0,7680.58,698.23
ORD-2024-11901,P0116,WH_NAGPUR_C,26,4584.06,720.64,111.88,0.0,5416.58,208.33
ORD-2024-11902,P0458,WH_BLR_S,6,4894.799999999999,752.02,25.82,0.0,5672.64,945.44
ORD-2024-11903,P0091,WH_NAGPUR_C,26,17329.52,831.77,111.88,0.0,18273.17,702.81
ORD-2024-11904,P0109,WH_KOLKATA_E,29,13173.25,970.45,124.79,0.0,14268.49,492.02
ORD-2024-11905,P0316,WH_MUMBAI_W,43,30187.289999999997,542.53,185.03,0.0,30914.85,718.95
ORD-2024-11906,P0353,WH_DELHI_N,1,809.34,273.09,4.3,0.0,1086.73,1086.73
ORD-2024-11907,P0666,WH_BLR_S,9,5632.0199999999995,737.38,38.73,0.0,6408.13,712.01
ORD-2024-11908,P0476,WH_DELHI_N,27,14393.160000000002,1292.74,116.18,0.0,15802.08,585.26
ORD-2024-11909,P0834,WH_KOLKATA_E,7,4472.79,502.72,30.12,0.0,5005.63,715.09
ORD-2024-11910,P0030,WH_DELHI_N,3,1164.3899999999999,612.79,12.91,0.0,1790.09,596.7
ORD-2024-11911,P0927,WH_BLR_S,9,845.01,562.73,38.73,0.0,1446.47,160.72
ORD-2024-11912,P0560,WH_KOLKATA_E,2,72.56,1011.24,8.61,0.0,1092.41,546.21
ORD-2024-11913,P0119,WH_KOLKATA_E,10,2302.0,1455.0,43.03,0.0,3800.03,380.0
ORD-2024-11914,P0231,WH_NAGPUR_C,17,10115.34,440.84,73.15,0.0,10629.33,625.25
ORD-2024-11915,P0342,WH_MUMBAI_W,31,4379.0599999999995,1277.29,133.39,0.0,5789.74,186.77
ORD-2024-11916,P0218,WH_NAGPUR_C,1,821.34,1145.45,4.3,0.0,1971.09,1971.09
ORD-2024-11917,P0159,WH_KOLKATA_E,18,7139.88,1601.3,77.45,0.0,8818.63,489.92
ORD-2024-11918,P0154,WH_BLR_S,6,2254.5,283.44,25.82,0.0,2563.76,427.29
ORD-2024-11919,P0030,WH_BLR_S,38,14748.94,1371.1,163.51,0.0,16283.55,428.51
ORD-2024-11920,P0688,WH_MUMBAI_W,41,7746.54,1309.11,176.42,0.0,9232.07,225.17
ORD-2024-11921,P0554,WH_NAGPUR_C,42,30721.74,1383.75,180.72,0.0,32286.21,768.72
ORD-2024-11922,P0524,WH_NAGPUR_C,47,7018.9800000000005,1328.93,202.24,0.0,8550.15,181.92
ORD-2024-11923,P0280,WH_BLR_S,4,2170.96,608.69,17.21,0.0,2796.86,699.22
ORD-2024-11924,P0876,WH_KOLKATA_E,40,17673.2,676.68,172.12,0.0,18522.0,463.05
ORD-2024-11925,P0230,WH_MUMBAI_W,4,1402.48,300.97,17.21,0.0,1720.66,430.16
ORD-2024-11926,P0041,WH_NAGPUR_C,35,8578.15,95.6674,150.6,0.0,8824.42,252.13
ORD-2024-11927,P0005,WH_BLR_S,4,1419.56,1463.27,17.21,0.0,2900.04,725.01
ORD-2024-11928,P0790,WH_MUMBAI_W,1,432.46,1282.36,4.3,0.0,1719.12,1719.12
ORD-2024-11929,P0688,WH_NAGPUR_C,41,7746.54,305.16,176.42,0.0,8228.12,200.69
ORD-2024-11930,P0280,WH_DELHI_N,43,23337.82,789.99,185.03,0.0,24312.84,565.41
ORD-2024-11931,P0193,WH_BLR_S,31,11102.960000000001,488.67,133.39,0.0,11725.02,378.23
ORD-2024-11932,P0633,WH_KOLKATA_E,19,9267.63,560.08,81.76,0.0,9909.47,521.55
ORD-2024-11933,P0316,WH_NAGPUR_C,21,14742.63,1490.73,90.36,0.0,16323.72,777.32
ORD-2024-11934,P0230,WH_NAGPUR_C,30,10518.6,1559.51,129.09,0.0,12207.2,406.91
ORD-2024-11935,P0913,WH_DELHI_N,7,4547.13,833.47,30.12,0.0,5410.72,772.96
ORD-2024-11936,P0220,WH_DELHI_N,5,2993.55,1333.05,21.51,0.0,4348.11,869.62
ORD-2024-11937,P0801,WH_BLR_S,2,1179.8,356.68,8.61,0.0,1545.09,772.54
ORD-2024-11938,P0218,WH_DELHI_N,3,2464.02,1372.65,12.91,0.0,3849.58,1283.19
ORD-2024-11939,P0524,WH_KOLKATA_E,15,2240.1,188.4,64.54,0.0,2493.04,166.2
ORD-2024-11940,P0213,WH_BLR_S,39,16792.62,761.25,167.82,0.0,17721.69,454.4
ORD-2024-11941,P0316,WH_BLR_S,37,25975.11,991.32,159.21,0.0,27125.64,733.13
ORD-2024-11942,P0202,WH_DELHI_N,10,2884.3,240.59,43.03,0.0,3167.92,316.79
ORD-2024-11943,P0634,WH_BLR_S,9,6615.900000000001,239.94,38.73,0.0,6894.57,766.06
ORD-2024-11944,P0030,WH_DELHI_N,23,8926.99,679.75,98.97,0.0,9705.71,421.99
ORD-2024-11945,P0714,WH_BLR_S,14,1014.8599999999999,820.35,60.24,0.0,1895.45,135.39
ORD-2024-11946,P0633,WH_KOLKATA_E,45,21949.649999999998,421.6,193.63,0.0,22564.88,501.44
ORD-2024-11947,P0596,WH_BLR_S,33,7870.17,486.57,142.0,0.0,8498.74,257.54
ORD-2024-11948,P0261,WH_MUMBAI_W,16,7041.44,453.11,68.85,0.0,7563.4,472.71
ORD-2024-11949,P0195,WH_KOLKATA_E,20,11537.2,335.92,86.06,0.0,11959.18,597.96
ORD-2024-11950,P0840,WH_BLR_S,8,2618.0,719.09,34.42,0.0,3371.51,421.44
ORD-2024-11951,P0834,WH_MUMBAI_W,49,31309.530000000002,444.12,210.85,0.0,31964.5,652.34
ORD-2024-11952,P0176,WH_NAGPUR_C,38,4296.66,1013.82,163.51,0.0,5473.99,144.05
ORD-2024-11953,P0131,WH_KOLKATA_E,34,2631.6000000000004,543.2,146.3,0.0,3321.1,97.68
ORD-2024-11954,P0449,WH_NAGPUR_C,31,9692.15,294.09,133.39,0.0,10119.63,326.44
ORD-2024-11955,P0592,WH_BLR_S,45,28519.2,558.84,193.63,0.0,29271.67,650.48
ORD-2024-11956,P0430,WH_KOLKATA_E,8,4445.68,265.69,34.42,0.0,4745.79,593.22
ORD-2024-11957,P0711,WH_KOLKATA_E,25,18847.0,97.21,107.57,0.0,19051.78,762.07
ORD-2024-11958,P0554,WH_NAGPUR_C,41,29990.27,1149.9,176.42,0.0,31316.59,763.82
ORD-2024-11959,P0637,WH_MUMBAI_W,13,4807.53,454.89,55.94,0.0,5318.36,409.1
ORD-2024-11960,P0231,WH_KOLKATA_E,18,10710.36,989.79,77.45,0.0,11777.6,654.31
ORD-2024-11961,P0554,WH_BLR_S,41,29990.27,516.54,176.42,0.0,30683.23,748.37
ORD-2024-11962,P0027,WH_DELHI_N,34,17621.18,495.43,146.3,0.0,18262.91,537.14
ORD-2024-11963,P0154,WH_NAGPUR_C,36,13527.0,304.55,154.91,0.0,13986.46,388.51
ORD-2024-11964,P0231,WH_DELHI_N,17,10115.34,475.43,73.15,0.0,10663.92,627.29
ORD-2024-11965,P0011,WH_MUMBAI_W,12,5118.72,1051.59,51.64,0.0,6221.95,518.5
ORD-2024-11966,P0763,WH_KOLKATA_E,16,13197.92,934.26,68.85,0.0,14201.03,887.56
ORD-2024-11967,P0651,WH_MUMBAI_W,13,3050.97,658.0,55.94,0.0,3764.91,289.61
ORD-2024-11968,P0834,WH_NAGPUR_C,11,7028.67,450.18,47.33,0.0,7526.18,684.2
ORD-2024-11969,P0404,WH_DELHI_N,14,8777.019999999999,639.13,60.24,0.0,9476.39,676.88
ORD-2024-11970,P0981,WH_DELHI_N,42,2659.44,275.28,180.72,0.0,3115.44,74.18
ORD-2024-11971,P0866,WH_BLR_S,28,15661.52,945.87,120.48,0.0,16727.87,597.42
ORD-2024-11972,P0642,WH_KOLKATA_E,24,11712.72,1278.75,103.27,0.0,13094.74,545.61
ORD-2024-11973,P0286,WH_DELHI_N,17,1743.18,998.09,73.15,0.0,2814.42,165.55
ORD-2024-11974,P0356,WH_NAGPUR_C,9,7376.94,198.67,38.73,0.0,7614.34,846.04
ORD-2024-11975,P0487,WH_MUMBAI_W,46,2033.2,519.68,197.94,0.0,2750.82,59.8
ORD-2024-11976,P0981,WH_NAGPUR_C,30,1899.6,761.66,129.09,0.0,2790.35,93.01
ORD-2024-11977,P0347,WH_BLR_S,37,30668.56,1443.41,159.21,0.0,32271.18,872.19
ORD-2024-11978,P0711,WH_NAGPUR_C,3,2261.64,311.25,12.91,0.0,2585.8,861.93
ORD-2024-11979,P0492,WH_BLR_S,8,5533.6,177.05,34.42,0.0,5745.07,718.13
ORD-2024-11980,P0876,WH_DELHI_N,18,7952.94,967.81,77.45,0.0,8998.2,499.9
ORD-2024-11981,P0911,WH_NAGPUR_C,30,875.4,1072.12,129.09,0.0,2076.61,69.22
ORD-2024-11982,P0408,WH_DELHI_N,3,508.95000000000005,1595.25,12.91,0.0,2117.11,705.7
ORD-2024-11983,P0634,WH_MUMBAI_W,34,24993.4,956.77,146.3,0.0,26096.47,767.54
ORD-2024-11984,P0909,WH_BLR_S,43,14223.539999999999,95.6674,185.03,0.0,14504.24,337.31
ORD-2024-11985,P0796,WH_MUMBAI_W,28,15890.84,1075.31,120.48,0.0,17086.63,610.24
ORD-2024-11986,P0998,WH_BLR_S,37,2496.39,415.13,159.21,0.0,3070.73,82.99
ORD-2024-11987,P0276,WH_DELHI_N,25,16476.5,1398.86,107.57,0.0,17982.93,719.32
ORD-2024-11988,P0161,WH_NAGPUR_C,30,8593.8,826.83,129.09,0.0,9549.72,318.32
ORD-2024-11989,P0202,WH_BLR_S,7,2019.01,1319.24,30.12,0.0,3368.37,481.2
ORD-2024-11990,P0410,WH_MUMBAI_W,46,23612.26,353.24,197.94,0.0,24163.44,525.29
ORD-2024-11991,P0102,WH_DELHI_N,29,2708.31,1038.45,124.79,0.0,3871.55,133.5
ORD-2024-11992,P0909,WH_NAGPUR_C,2,661.56,1218.19,8.61,0.0,1888.36,944.18
ORD-2024-11993,P0135,WH_MUMBAI_W,26,15856.1,191.92,111.88,0.0,16159.9,621.53
ORD-2024-11994,P0857,WH_KOLKATA_E,41,21213.399999999998,903.19,176.42,0.0,22293.01,543.73
ORD-2024-11995,P0642,WH_NAGPUR_C,42,20497.26,1043.91,180.72,0.0,21721.89,517.19
ORD-2024-11996,P0755,WH_KOLKATA_E,49,29774.85,1139.94,210.85,0.0,31125.64,635.22
ORD-2024-11997,P0410,WH_BLR_S,7,3593.1699999999996,257.33,30.12,0.0,3880.62,554.37
ORD-2024-11998,P0822,WH_BLR_S,18,7661.34,149.4,77.45,0.0,7888.19,438.23
ORD-2024-11999,P0893,WH_MUMBAI_W,6,3417.96,475.9,25.82,0.0,3919.68,653.28
ORD-2024-12000,P0143,WH_KOLKATA_E,41,25955.05,400.27,176.42,0.0,26531.74,647.12
ORD-2024-12001,P0069,WH_KOLKATA_E,40,4026.3999999999996,1004.56,172.12,0.0,5203.08,130.08
ORD-2024-12002,P0583,WH_MUMBAI_W,27,11046.24,163.85,116.18,0.0,11326.27,419.49
ORD-2024-12003,P0064,WH_MUMBAI_W,41,10317.65,552.81,176.42,0.0,11046.88,269.44
ORD-2024-12004,P0834,WH_MUMBAI_W,24,15335.28,406.9,103.27,0.0,15845.45,660.23
ORD-2024-12005,P0583,WH_MUMBAI_W,33,13500.960000000001,1391.43,142.0,0.0,15034.39,455.59
ORD-2024-12006,P0673,WH_MUMBAI_W,31,15411.34,581.79,133.39,0.0,16126.52,520.21
ORD-2024-12007,P0280,WH_MUMBAI_W,34,18453.16,1198.28,146.3,0.0,19797.74,582.29
ORD-2024-12008,P0213,WH_NAGPUR_C,22,9472.76,1295.02,94.67,0.0,10862.45,493.75
ORD-2024-12009,P0466,WH_MUMBAI_W,24,5324.16,1236.56,103.27,0.0,6663.99,277.67
ORD-2024-12010,P0103,WH_DELHI_N,36,4673.5199999999995,231.41,154.91,0.0,5059.84,140.55
ORD-2024-12011,P0837,WH_NAGPUR_C,28,18206.16,1297.88,120.48,0.0,19624.52,700.88
ORD-2024-12012,P0220,WH_BLR_S,20,11974.2,1382.89,86.06,0.0,13443.15,672.16
ORD-2024-12013,P0545,WH_MUMBAI_W,18,5249.5199999999995,644.97,77.45,0.0,5971.94,331.77
ORD-2024-12014,P0198,WH_MUMBAI_W,42,30119.04,1376.85,180.72,0.0,31676.61,754.2
ORD-2024-12015,P0662,WH_MUMBAI_W,32,23460.8,1234.12,137.69,0.0,24832.61,776.02
ORD-2024-12016,P0022,WH_KOLKATA_E,33,19111.95,1157.59,142.0,0.0,20411.54,618.53
ORD-2024-12017,P0693,WH_KOLKATA_E,10,4083.6000000000004,848.58,43.03,0.0,4975.21,497.52
ORD-2024-12018,P0491,WH_DELHI_N,9,514.26,695.05,38.73,0.0,1248.04,138.67
ORD-2024-12019,P0840,WH_BLR_S,25,8181.25,485.9,107.57,0.0,8774.72,350.99
ORD-2024-12020,P0116,WH_DELHI_N,13,2292.03,1271.24,55.94,0.0,3619.21,278.4
ORD-2024-12021,P0205,WH_NAGPUR_C,47,26069.96,1416.01,202.24,0.0,27688.21,589.11
ORD-2024-12022,P0583,WH_NAGPUR_C,45,18410.4,540.27,193.63,0.0,19144.3,425.43
ORD-2024-12023,P0909,WH_DELHI_N,5,1653.8999999999999,1067.55,21.51,0.0,2742.96,548.59
ORD-2024-12024,P0492,WH_NAGPUR_C,31,21442.7,1162.32,133.39,0.0,22738.41,733.5
ORD-2024-12025,P0465,WH_MUMBAI_W,31,18383.31,439.31,133.39,0.0,18956.01,611.48
ORD-2024-12026,P0005,WH_BLR_S,34,12066.26,1133.71,146.3,0.0,13346.27,392.54
ORD-2024-12027,P0554,WH_DELHI_N,26,19018.22,759.8,111.88,0.0,19889.9,765.0
ORD-2024-12028,P0267,WH_MUMBAI_W,7,1499.75,424.84,30.12,0.0,1954.71,279.24
ORD-2024-12029,P0161,WH_DELHI_N,41,11744.859999999999,658.51,176.42,0.0,12579.79,306.82
ORD-2024-12030,P0581,WH_DELHI_N,46,1779.28,625.36,197.94,0.0,2602.58,56.58
ORD-2024-12031,P0195,WH_DELHI_N,49,28266.14,863.91,210.85,0.0,29340.9,598.79
ORD-2024-12032,P0581,WH_DELHI_N,20,773.6,747.95,86.06,0.0,1607.61,80.38
ORD-2024-12033,P0056,WH_DELHI_N,43,29284.289999999997,1239.71,185.03,0.0,30709.03,714.16
ORD-2024-12034,P0746,WH_BLR_S,22,12963.939999999999,1471.18,94.67,0.0,14529.79,660.44
ORD-2024-12035,P0836,WH_NAGPUR_C,5,1906.75,1276.73,21.51,0.0,3204.99,641.0
ORD-2024-12036,P0195,WH_BLR_S,12,6922.32,836.46,51.64,0.0,7810.42,650.87
ORD-2024-12037,P0988,WH_BLR_S,21,17177.58,1128.27,90.36,0.0,18396.21,876.01
ORD-2024-12038,P0491,WH_NAGPUR_C,9,514.26,1444.8,38.73,0.0,1997.79,221.98
ORD-2024-12039,P0666,WH_KOLKATA_E,29,18147.62,1066.45,124.79,0.0,19338.86,666.86
ORD-2024-12040,P0530,WH_DELHI_N,27,1682.3700000000001,309.86,116.18,0.0,2108.41,78.09
ORD-2024-12041,P0143,WH_KOLKATA_E,17,10761.849999999999,622.12,73.15,0.0,11457.12,673.95
ORD-2024-12042,P0746,WH_KOLKATA_E,40,23570.8,653.68,172.12,0.0,24396.6,609.92
ORD-2024-12043,P0300,WH_KOLKATA_E,24,9693.119999999999,1547.79,103.27,0.0,11344.18,472.67
ORD-2024-12044,P0746,WH_NAGPUR_C,27,15910.289999999999,1143.93,116.18,0.0,17170.4,635.94
ORD-2024-12045,P0492,WH_MUMBAI_W,8,5533.6,671.25,34.42,0.0,6239.27,779.91
ORD-2024-12046,P0131,WH_DELHI_N,44,3405.6000000000004,752.64,189.33,0.0,4347.57,98.81
ORD-2024-12047,P0103,WH_BLR_S,29,3764.7799999999997,1472.98,124.79,0.0,5362.55,184.92
ORD-2024-12048,P0247,WH_KOLKATA_E,19,725.23,1230.64,81.76,0.0,2037.63,107.24
ORD-2024-12049,P0159,WH_MUMBAI_W,10,3966.6000000000004,329.11,43.03,0.0,4338.74,433.87
ORD-2024-12050,P0188,WH_BLR_S,24,19221.12,755.78,103.27,0.0,20080.17,836.67
ORD-2024-12051,P0159,WH_KOLKATA_E,34,13486.44,447.54,146.3,0.0,14080.28,414.13
ORD-2024-12052,P0335,WH_BLR_S,40,33686.799999999996,1503.63,172.12,0.0,35362.55,884.06
ORD-2024-12053,P0342,WH_MUMBAI_W,31,4379.0599999999995,937.82,133.39,0.0,5450.27,175.82
ORD-2024-12054,P0866,WH_BLR_S,46,25729.640000000003,256.25,197.94,0.0,26183.83,569.21
ORD-2024-12055,P0213,WH_KOLKATA_E,4,1722.32,715.43,17.21,0.0,2454.96,613.74
ORD-2024-12056,P0458,WH_NAGPUR_C,41,33447.799999999996,894.92,176.42,0.0,34519.14,841.93
ORD-2024-12057,P0783,WH_NAGPUR_C,45,24675.300000000003,931.79,193.63,0.0,25800.72,573.35
ORD-2024-12058,P0926,WH_KOLKATA_E,31,16833.31,418.19,133.39,0.0,17384.89,560.8
ORD-2024-12059,P0088,WH_BLR_S,9,1834.83,1103.51,38.73,0.0,2977.07,330.79
ORD-2024-12060,P0487,WH_DELHI_N,26,1149.2,451.26,111.88,0.0,1712.34,65.86
ORD-2024-12061,P0837,WH_NAGPUR_C,13,8452.86,1600.56,55.94,0.0,10109.36,777.64
ORD-2024-12062,P0041,WH_KOLKATA_E,48,11764.32,1279.5,206.54,0.0,13250.36,276.05
ORD-2024-12063,P0070,WH_DELHI_N,26,13807.820000000002,853.06,111.88,0.0,14772.76,568.18
ORD-2024-12064,P0404,WH_NAGPUR_C,1,626.93,649.96,4.3,0.0,1281.19,1281.19
ORD-2024-12065,P0663,WH_KOLKATA_E,40,32760.8,502.89,172.12,0.0,33435.81,835.9
ORD-2024-12066,P0589,WH_MUMBAI_W,9,2586.15,267.36,38.73,0.0,2892.24,321.36
ORD-2024-12067,P0011,WH_DELHI_N,31,13223.36,1183.3,133.39,0.0,14540.05,469.03
ORD-2024-12068,P0809,WH_NAGPUR_C,24,6694.08,1334.39,103.27,0.0,8131.74,338.82
ORD-2024-12069,P0432,WH_BLR_S,45,34371.45,873.68,193.63,0.0,35438.76,787.53
ORD-2024-12070,P0069,WH_MUMBAI_W,49,4932.34,1400.38,210.85,0.0,6543.57,133.54
ORD-2024-12071,P0884,WH_BLR_S,22,6255.48,1566.23,94.67,0.0,7916.38,359.84
ORD-2024-12072,P0189,WH_DELHI_N,9,5725.17,1105.1,38.73,0.0,6869.0,763.22
ORD-2024-12073,P0422,WH_KOLKATA_E,39,16723.2,525.4,167.82,0.0,17416.42,446.57
ORD-2024-12074,P0254,WH_DELHI_N,23,1283.63,1392.45,98.97,0.0,2775.05,120.65
ORD-2024-12075,P0364,WH_KOLKATA_E,20,16726.4,382.58,86.06,0.0,17195.04,859.75
ORD-2024-12076,P0316,WH_KOLKATA_E,42,29485.26,1481.74,180.72,0.0,31147.72,741.61
ORD-2024-12077,P0470,WH_DELHI_N,21,15025.5,392.66,90.36,0.0,15508.52,738.5
ORD-2024-12078,P0544,WH_KOLKATA_E,27,12318.75,747.01,116.18,0.0,13181.94,488.22
ORD-2024-12079,P0560,WH_KOLKATA_E,5,181.4,340.2,21.51,0.0,543.11,108.62
ORD-2024-12080,P0230,WH_KOLKATA_E,17,5960.54,450.88,73.15,0.0,6484.57,381.45
ORD-2024-12081,P0345,WH_DELHI_N,34,23922.06,817.09,146.3,0.0,24885.45,731.92
ORD-2024-12082,P0709,WH_MUMBAI_W,9,4349.07,591.38,38.73,0.0,4979.18,553.24
ORD-2024-12083,P0135,WH_BLR_S,34,20734.9,991.05,146.3,0.0,21872.25,643.3
ORD-2024-12084,P0971,WH_BLR_S,10,5659.700000000001,667.74,43.03,0.0,6370.47,637.05
ORD-2024-12085,P0911,WH_NAGPUR_C,44,1283.92,911.85,189.33,0.0,2385.1,54.21
ORD-2024-12086,P0545,WH_NAGPUR_C,2,583.28,953.74,8.61,0.0,1545.63,772.82
ORD-2024-12087,P0821,WH_DELHI_N,47,23279.100000000002,1587.47,202.24,0.0,25068.81,533.38
ORD-2024-12088,P0598,WH_KOLKATA_E,25,5435.25,1452.47,107.57,0.0,6995.29,279.81
ORD-2024-12089,P0994,WH_BLR_S,3,1007.4300000000001,450.2,12.91,0.0,1470.54,490.18
ORD-2024-12090,P0560,WH_MUMBAI_W,34,1233.52,770.55,146.3,0.0,2150.37,63.25
ORD-2024-12091,P0218,WH_MUMBAI_W,7,5749.38,285.11,30.12,0.0,6064.61,866.37
ORD-2024-12092,P0202,WH_KOLKATA_E,28,8076.04,486.49,120.48,0.0,8683.01,310.11
ORD-2024-12093,P0884,WH_MUMBAI_W,9,2559.06,532.57,38.73,0.0,3130.36,347.82
ORD-2024-12094,P0975,WH_MUMBAI_W,11,461.78,1632.7206,47.33,0.0,2141.83,194.71
ORD-2024-12095,P0754,WH_NAGPUR_C,29,20870.43,1219.75,124.79,0.0,22214.97,766.03
ORD-2024-12096,P0261,WH_NAGPUR_C,16,7041.44,1485.03,68.85,0.0,8595.32,537.21
ORD-2024-12097,P0540,WH_KOLKATA_E,39,15445.95,665.35,167.82,0.0,16279.12,417.41
ORD-2024-12098,P0131,WH_DELHI_N,29,2244.6000000000004,1423.47,124.79,0.0,3792.86,130.79
ORD-2024-12099,P0565,WH_NAGPUR_C,13,1541.93,1246.95,55.94,0.0,2844.82,218.83
ORD-2024-12100,P0193,WH_KOLKATA_E,35,12535.6,296.3,150.6,0.0,12982.5,370.93
ORD-2024-12101,P0748,WH_NAGPUR_C,11,1982.1999999999998,619.07,47.33,0.0,2648.6,240.78
ORD-2024-12102,P0347,WH_MUMBAI_W,35,29010.8,1189.72,150.6,0.0,30351.12,867.17
ORD-2024-12103,P0189,WH_KOLKATA_E,47,29898.11,623.23,202.24,0.0,30723.58,653.69
ORD-2024-12104,P0254,WH_NAGPUR_C,8,446.48,580.48,34.42,0.0,1061.38,132.67
ORD-2024-12105,P0719,WH_MUMBAI_W,7,1640.03,1632.7206,30.12,0.0,3302.87,471.84
ORD-2024-12106,P0592,WH_MUMBAI_W,5,3168.8,839.09,21.51,0.0,4029.4,805.88
ORD-2024-12107,P0279,WH_KOLKATA_E,6,4156.32,693.04,25.82,0.0,4875.18,812.53
ORD-2024-12108,P0620,WH_BLR_S,35,4151.7,770.26,150.6,0.0,5072.56,144.93
ORD-2024-12109,P0790,WH_BLR_S,30,12973.8,974.12,129.09,0.0,14077.01,469.23
ORD-2024-12110,P0927,WH_MUMBAI_W,11,1032.79,1101.41,47.33,0.0,2181.53,198.32
ORD-2024-12111,P0719,WH_BLR_S,38,8903.02,1526.26,163.51,0.0,10592.79,278.76
ORD-2024-12112,P0116,WH_MUMBAI_W,27,4760.37,1080.61,116.18,0.0,5957.16,220.64
ORD-2024-12113,P0125,WH_MUMBAI_W,21,4043.13,1543.4,90.36,0.0,5676.89,270.33
ORD-2024-12114,P0319,WH_DELHI_N,14,848.54,968.62,60.24,0.0,1877.4,134.1
ORD-2024-12115,P0907,WH_DELHI_N,49,7548.9400000000005,852.66,210.85,0.0,8612.45,175.76
ORD-2024-12116,P0994,WH_MUMBAI_W,35,11753.35,1288.64,150.6,0.0,13192.59,376.93
ORD-2024-12117,P0925,WH_NAGPUR_C,29,6966.96,329.82,124.79,0.0,7421.57,255.92
ORD-2024-12118,P0159,WH_KOLKATA_E,24,9519.84,1057.39,103.27,0.0,10680.5,445.02
ORD-2024-12119,P0316,WH_MUMBAI_W,36,25273.079999999998,844.92,154.91,0.0,26272.91,729.8
ORD-2024-12120,P0154,WH_BLR_S,41,15405.75,309.26,176.42,0.0,15891.43,387.6
ORD-2024-12121,P0139,WH_BLR_S,45,26919.000000000004,503.42,193.63,0.0,27616.05,613.69
ORD-2024-12122,P0027,WH_BLR_S,32,16584.64,1043.2,137.69,0.0,17765.53,555.17
ORD-2024-12123,P0466,WH_NAGPUR_C,6,1331.04,1488.68,25.82,0.0,2845.54,474.26
ORD-2024-12124,P0641,WH_MUMBAI_W,10,5295.0,862.76,43.03,0.0,6200.79,620.08
ORD-2024-12125,P0294,WH_BLR_S,20,758.0,731.74,86.06,0.0,1575.8,78.79
ORD-2024-12126,P0005,WH_DELHI_N,20,7097.799999999999,1382.93,86.06,0.0,8566.79,428.34
ORD-2024-12127,P0926,WH_NAGPUR_C,26,14118.26,397.8,111.88,0.0,14627.94,562.61
ORD-2024-12128,P0188,WH_BLR_S,21,16818.48,261.24,90.36,0.0,17170.08,817.62
ORD-2024-12129,P0363,WH_BLR_S,45,30961.35,670.62,193.63,0.0,31825.6,707.24
ORD-2024-12130,P0220,WH_MUMBAI_W,23,13770.330000000002,301.57,98.97,0.0,14170.87,616.12
ORD-2024-12131,P0247,WH_DELHI_N,46,1755.8200000000002,701.57,197.94,0.0,2655.33,57.72
ORD-2024-12132,P0266,WH_BLR_S,12,2520.2400000000002,596.0,51.64,0.0,3167.88,263.99
ORD-2024-12133,P0857,WH_KOLKATA_E,13,6726.2,317.42,55.94,0.0,7099.56,546.12
ORD-2024-12134,P0837,WH_DELHI_N,10,6502.200000000001,439.28,43.03,0.0,6984.51,698.45
ORD-2024-12135,P0884,WH_NAGPUR_C,7,1990.3799999999999,459.31,30.12,0.0,2479.81,354.26
ORD-2024-12136,P0150,WH_NAGPUR_C,37,8307.61,960.81,159.21,0.0,9427.63,254.8
ORD-2024-12137,P0834,WH_NAGPUR_C,12,7667.64,138.77,51.64,0.0,7858.05,654.84
ORD-2024-12138,P0492,WH_KOLKATA_E,25,17292.5,1020.22,107.57,0.0,18420.29,736.81
ORD-2024-12139,P0581,WH_KOLKATA_E,2,77.36,1189.18,8.61,0.0,1275.15,637.58
ORD-2024-12140,P0524,WH_BLR_S,40,5973.6,1186.46,172.12,0.0,7332.18,183.3
ORD-2024-12141,P0925,WH_DELHI_N,26,6246.24,882.98,111.88,0.0,7241.1,278.5
ORD-2024-12142,P0056,WH_DELHI_N,40,27241.199999999997,724.17,172.12,0.0,28137.49,703.44
ORD-2024-12143,P0247,WH_DELHI_N,5,190.85000000000002,1099.54,21.51,0.0,1311.9,262.38
ORD-2024-12144,P0195,WH_DELHI_N,8,4614.88,580.77,34.42,0.0,5230.07,653.76
ORD-2024-12145,P0430,WH_MUMBAI_W,42,23339.82,259.19,180.72,0.0,23779.73,566.18
ORD-2024-12146,P0357,WH_MUMBAI_W,45,21851.55,780.6,193.63,0.0,22825.78,507.24
ORD-2024-12147,P0876,WH_MUMBAI_W,9,3976.47,1357.66,38.73,0.0,5372.86,596.98
ORD-2024-12148,P0693,WH_BLR_S,39,15926.04,930.31,167.82,0.0,17024.17,436.52
ORD-2024-12149,P0391,WH_DELHI_N,20,15817.2,544.92,86.06,0.0,16448.18,822.41
ORD-2024-12150,P0222,WH_DELHI_N,11,2079.44,461.76,47.33,0.0,2588.53,235.32
ORD-2024-12151,P0620,WH_NAGPUR_C,40,4744.8,334.89,172.12,0.0,5251.81,131.3
ORD-2024-12152,P0119,WH_NAGPUR_C,22,5064.4,1423.68,94.67,0.0,6582.75,299.22
ORD-2024-12153,P0160,WH_DELHI_N,16,12788.96,524.85,68.85,0.0,13382.66,836.42
ORD-2024-12154,P0038,WH_MUMBAI_W,42,16661.399999999998,1387.27,180.72,0.0,18229.39,434.03
ORD-2024-12155,P0102,WH_NAGPUR_C,38,3548.82,1564.04,163.51,0.0,5276.37,138.85
ORD-2024-12156,P0584,WH_NAGPUR_C,42,20162.52,816.86,180.72,0.0,21160.1,503.81
ORD-2024-12157,P0719,WH_BLR_S,10,2342.9,883.93,43.03,0.0,3269.86,326.99
ORD-2024-12158,P0866,WH_MUMBAI_W,25,13983.5,681.13,107.57,0.0,14772.2,590.89
ORD-2024-12159,P0521,WH_NAGPUR_C,19,11016.77,1023.05,81.76,0.0,12121.58,637.98
ORD-2024-12160,P0567,WH_NAGPUR_C,4,1477.44,549.03,17.21,0.0,2043.68,510.92
ORD-2024-12161,P0517,WH_MUMBAI_W,19,5661.81,740.14,81.76,0.0,6483.71,341.25
ORD-2024-12162,P0637,WH_BLR_S,3,1109.43,489.82,12.91,0.0,1612.16,537.39
ORD-2024-12163,P0791,WH_MUMBAI_W,17,5789.009999999999,608.21,73.15,0.0,6470.37,380.61
ORD-2024-12164,P0022,WH_DELHI_N,14,8108.099999999999,264.07,60.24,0.0,8432.41,602.31
ORD-2024-12165,P0716,WH_DELHI_N,10,3711.7000000000003,886.72,43.03,0.0,4641.45,464.14
ORD-2024-12166,P0247,WH_DELHI_N,6,229.02,291.7,25.82,0.0,546.54,91.09
ORD-2024-12167,P0796,WH_KOLKATA_E,31,17593.43,1322.35,133.39,0.0,19049.17,614.49
ORD-2024-12168,P0230,WH_DELHI_N,31,10869.22,782.45,133.39,0.0,11785.06,380.16
ORD-2024-12169,P0791,WH_DELHI_N,48,16345.439999999999,1233.92,206.54,0.0,17785.9,370.54
ORD-2024-12170,P0911,WH_NAGPUR_C,9,262.62,322.22,38.73,0.0,623.57,69.29
ORD-2024-12171,P0821,WH_KOLKATA_E,12,5943.6,1045.51,51.64,0.0,7040.75,586.73
ORD-2024-12172,P0254,WH_MUMBAI_W,44,2455.6400000000003,477.98,189.33,0.0,3122.95,70.98
ORD-2024-12173,P0353,WH_KOLKATA_E,46,37229.64,923.67,197.94,0.0,38351.25,833.72
ORD-2024-12174,P0674,WH_DELHI_N,26,6526.52,766.44,111.88,0.0,7404.84,284.8
ORD-2024-12175,P0540,WH_KOLKATA_E,2,792.1,998.95,8.61,0.0,1799.66,899.83
ORD-2024-12176,P0005,WH_DELHI_N,42,14905.38,261.64,180.72,0.0,15347.74,365.42
ORD-2024-12177,P0627,WH_MUMBAI_W,4,3376.8,1401.24,17.21,0.0,4795.25,1198.81
ORD-2024-12178,P0353,WH_MUMBAI_W,32,25898.88,778.01,137.69,0.0,26814.58,837.96
ORD-2024-12179,P0191,WH_MUMBAI_W,28,2567.6,1043.31,120.48,0.0,3731.39,133.26
ORD-2024-12180,P0231,WH_BLR_S,6,3570.12,524.25,25.82,0.0,4120.19,686.7
ORD-2024-12181,P0716,WH_KOLKATA_E,30,11135.1,1251.13,129.09,0.0,12515.32,417.18
ORD-2024-12182,P0222,WH_MUMBAI_W,28,5293.12,1430.09,120.48,0.0,6843.69,244.42
ORD-2024-12183,P0408,WH_KOLKATA_E,13,2205.4500000000003,1527.16,55.94,0.0,3788.55,291.43
ORD-2024-12184,P0152,WH_NAGPUR_C,46,11454.92,1388.06,197.94,0.0,13040.92,283.5
ORD-2024-12185,P0332,WH_MUMBAI_W,36,22906.8,763.96,154.91,0.0,23825.67,661.82
ORD-2024-12186,P0867,WH_MUMBAI_W,10,7800.8,425.65,43.03,0.0,8269.48,826.95
ORD-2024-12187,P0332,WH_MUMBAI_W,10,6363.0,495.59,43.03,0.0,6901.62,690.16
ORD-2024-12188,P0545,WH_DELHI_N,5,1458.1999999999998,1205.97,21.51,0.0,2685.68,537.14
ORD-2024-12189,P0892,WH_KOLKATA_E,29,1825.5500000000002,491.51,124.79,0.0,2441.85,84.2
ORD-2024-12190,P0589,WH_MUMBAI_W,36,10344.6,516.73,154.91,0.0,11016.24,306.01
ORD-2024-12191,P0422,WH_KOLKATA_E,12,5145.6,546.28,51.64,0.0,5743.52,478.63
ORD-2024-12192,P0470,WH_KOLKATA_E,22,15741.0,499.28,94.67,0.0,16334.95,742.5
ORD-2024-12193,P0056,WH_NAGPUR_C,46,31327.379999999997,823.52,197.94,0.0,32348.84,703.24
ORD-2024-12194,P0491,WH_NAGPUR_C,39,2228.46,1235.14,167.82,0.0,3631.42,93.11
ORD-2024-12195,P0754,WH_BLR_S,2,1439.34,637.85,8.61,0.0,2085.8,1042.9
ORD-2024-12196,P0560,WH_BLR_S,14,507.92,801.85,60.24,0.0,1370.01,97.86
ORD-2024-12197,P0202,WH_DELHI_N,10,2884.3,1412.92,43.03,0.0,4340.25,434.02
ORD-2024-12198,P0465,WH_MUMBAI_W,48,28464.48,430.89,206.54,0.0,29101.91,606.29
ORD-2024-12199,P0266,WH_KOLKATA_E,3,630.0600000000001,1091.11,12.91,0.0,1734.08,578.03
ORD-2024-12200,P0430,WH_KOLKATA_E,8,4445.68,1063.39,34.42,0.0,5543.49,692.94
ORD-2024-12201,P0884,WH_NAGPUR_C,17,4833.78,791.71,73.15,0.0,5698.64,335.21
ORD-2024-12202,P0540,WH_KOLKATA_E,4,1584.2,1491.95,17.21,0.0,3093.36,773.34
ORD-2024-12203,P0294,WH_MUMBAI_W,21,795.9,142.64,90.36,0.0,1028.9,49.0
ORD-2024-12204,P0852,WH_BLR_S,30,19839.0,1306.25,129.09,0.0,21274.34,709.14
ORD-2024-12205,P0353,WH_NAGPUR_C,19,15377.460000000001,652.33,81.76,0.0,16111.55,847.98
ORD-2024-12206,P0837,WH_DELHI_N,15,9753.300000000001,1358.43,64.54,0.0,11176.27,745.08
ORD-2024-12207,P0544,WH_KOLKATA_E,20,9125.0,841.19,86.06,0.0,10052.25,502.61
ORD-2024-12208,P0809,WH_NAGPUR_C,42,11714.640000000001,473.1,180.72,0.0,12368.46,294.49
ORD-2024-12209,P0364,WH_MUMBAI_W,30,25089.600000000002,872.12,129.09,0.0,26090.81,869.69
ORD-2024-12210,P0150,WH_DELHI_N,10,2245.3,1530.14,43.03,0.0,3818.47,381.85
ORD-2024-12211,P0410,WH_NAGPUR_C,23,11806.13,363.83,98.97,0.0,12268.93,533.43
ORD-2024-12212,P0347,WH_BLR_S,24,19893.12,1576.8,103.27,0.0,21573.19,898.88
ORD-2024-12213,P0159,WH_KOLKATA_E,12,4759.92,1079.66,51.64,0.0,5891.22,490.94
ORD-2024-12214,P0540,WH_KOLKATA_E,9,3564.4500000000003,1377.31,38.73,0.0,4980.49,553.39
ORD-2024-12215,P0801,WH_BLR_S,15,8848.5,1341.32,64.54,0.0,10254.36,683.62
ORD-2024-12216,P0080,WH_BLR_S,29,8484.82,285.7,124.79,0.0,8895.31,306.73
ORD-2024-12217,P0261,WH_NAGPUR_C,18,7921.62,830.49,77.45,0.0,8829.56,490.53
ORD-2024-12218,P0193,WH_MUMBAI_W,20,7163.200000000001,980.53,86.06,0.0,8229.79,411.49
ORD-2024-12219,P0852,WH_NAGPUR_C,1,661.3,1325.71,4.3,0.0,1991.31,1991.31
ORD-2024-12220,P0091,WH_BLR_S,3,1999.56,634.54,12.91,0.0,2647.01,882.34
ORD-2024-12221,P0125,WH_BLR_S,8,1540.24,1560.97,34.42,0.0,3135.63,391.95
ORD-2024-12222,P0584,WH_KOLKATA_E,39,18722.34,128.79,167.82,0.0,19018.95,487.67
ORD-2024-12223,P0627,WH_MUMBAI_W,31,26170.2,1088.88,133.39,0.0,27392.47,883.63
ORD-2024-12224,P0267,WH_DELHI_N,47,10069.75,1196.46,202.24,0.0,11468.45,244.01
ORD-2024-12225,P0521,WH_BLR_S,8,4638.64,924.9,34.42,0.0,5597.96,699.74
ORD-2024-12226,P0220,WH_KOLKATA_E,15,8980.650000000001,158.07,64.54,0.0,9203.26,613.55
ORD-2024-12227,P0097,WH_DELHI_N,22,5074.74,742.09,94.67,0.0,5911.5,268.7
ORD-2024-12228,P0195,WH_KOLKATA_E,32,18459.52,456.97,137.69,0.0,19054.18,595.44
ORD-2024-12229,P0521,WH_DELHI_N,5,2899.15,913.47,21.51,0.0,3834.13,766.83
ORD-2024-12230,P0079,WH_NAGPUR_C,44,2062.2799999999997,627.24,189.33,0.0,2878.85,65.43
ORD-2024-12231,P0261,WH_KOLKATA_E,44,19363.96,1381.52,189.33,0.0,20934.81,475.79
ORD-2024-12232,P0866,WH_DELHI_N,9,5034.06,223.05,38.73,0.0,5295.84,588.43
ORD-2024-12233,P0511,WH_KOLKATA_E,41,25117.420000000002,789.25,176.42,0.0,26083.09,636.17
ORD-2024-12234,P0796,WH_BLR_S,15,8512.949999999999,1302.83,64.54,0.0,9880.32,658.69
ORD-2024-12235,P0267,WH_KOLKATA_E,47,10069.75,1152.65,202.24,0.0,11424.64,243.08
ORD-2024-12236,P0476,WH_BLR_S,44,23455.52,414.47,189.33,0.0,24059.32,546.8
ORD-2024-12237,P0837,WH_KOLKATA_E,37,24058.14,1313.25,159.21,0.0,25530.6,690.02
ORD-2024-12238,P0005,WH_DELHI_N,33,11711.369999999999,540.82,142.0,0.0,12394.19,375.58
ORD-2024-12239,P0569,WH_BLR_S,22,13662.439999999999,897.2,94.67,0.0,14654.31,666.1
ORD-2024-12240,P0915,WH_BLR_S,11,7543.58,1055.08,47.33,0.0,8645.99,786.0
ORD-2024-12241,P0005,WH_MUMBAI_W,6,2129.34,231.21,25.82,0.0,2386.37,397.73
ORD-2024-12242,P0708,WH_NAGPUR_C,17,3546.71,1048.41,73.15,0.0,4668.27,274.6
ORD-2024-12243,P0189,WH_NAGPUR_C,46,29261.98,1209.4,197.94,0.0,30669.32,666.72
ORD-2024-12244,P0286,WH_BLR_S,44,4511.76,1050.55,189.33,0.0,5751.64,130.72
ORD-2024-12245,P0160,WH_BLR_S,5,3996.5499999999997,1160.14,21.51,0.0,5178.2,1035.64
ORD-2024-12246,P0276,WH_BLR_S,39,25703.339999999997,433.2,167.82,0.0,26304.36,674.47
ORD-2024-12247,P0867,WH_KOLKATA_E,48,37443.840000000004,454.19,206.54,0.0,38104.57,793.85
ORD-2024-12248,P0372,WH_NAGPUR_C,9,5873.849999999999,501.72,38.73,0.0,6414.3,712.7
ORD-2024-12249,P0038,WH_BLR_S,29,11504.3,509.66,124.79,0.0,12138.75,418.58
ORD-2024-12250,P0783,WH_MUMBAI_W,23,12611.820000000002,548.53,98.97,0.0,13259.32,576.49
ORD-2024-12251,P0837,WH_BLR_S,47,30560.34,518.29,202.24,0.0,31280.87,665.55
ORD-2024-12252,P0627,WH_BLR_S,36,30391.2,1587.6,154.91,0.0,32133.71,892.6
ORD-2024-12253,P0755,WH_KOLKATA_E,31,18837.149999999998,249.35,133.39,0.0,19219.89,620.0
ORD-2024-12254,P0465,WH_MUMBAI_W,20,11860.2,1358.01,86.06,0.0,13304.27,665.21
ORD-2024-12255,P0876,WH_NAGPUR_C,23,10162.09,730.12,98.97,0.0,10991.18,477.88
ORD-2024-12256,P0294,WH_MUMBAI_W,7,265.3,1007.31,30.12,0.0,1302.73,186.1
ORD-2024-12257,P0487,WH_MUMBAI_W,46,2033.2,513.54,197.94,0.0,2744.68,59.67
ORD-2024-12258,P0567,WH_NAGPUR_C,36,13296.960000000001,1476.95,154.91,0.0,14928.82,414.69
ORD-2024-12259,P0084,WH_MUMBAI_W,4,3276.72,114.65,17.21,0.0,3408.58,852.14
ORD-2024-12260,P0911,WH_DELHI_N,24,700.3199999999999,647.87,103.27,0.0,1451.46,60.48
ORD-2024-12261,P0554,WH_DELHI_N,14,10240.58,1513.38,60.24,0.0,11814.2,843.87
ORD-2024-12262,P0391,WH_KOLKATA_E,25,19771.5,576.36,107.57,0.0,20455.43,818.22
ORD-2024-12263,P0634,WH_DELHI_N,7,5145.7,471.57,30.12,0.0,5647.39,806.77
ORD-2024-12264,P0965,WH_MUMBAI_W,15,3699.75,508.44,64.54,0.0,4272.73,284.85
ORD-2024-12265,P0642,WH_MUMBAI_W,44,21473.32,191.52,189.33,0.0,21854.17,496.69
ORD-2024-12266,P0353,WH_NAGPUR_C,46,37229.64,598.46,197.94,0.0,38026.04,826.65
ORD-2024-12267,P0458,WH_DELHI_N,13,10605.4,686.81,55.94,0.0,11348.15,872.93
ORD-2024-12268,P0517,WH_MUMBAI_W,19,5661.81,542.3,81.76,0.0,6285.87,330.84
ORD-2024-12269,P0076,WH_NAGPUR_C,12,2775.12,197.66,51.64,0.0,3024.42,252.04
ORD-2024-12270,P0041,WH_DELHI_N,48,11764.32,1075.21,206.54,0.0,13046.07,271.79
ORD-2024-12271,P0021,WH_MUMBAI_W,26,6429.02,1148.58,111.88,0.0,7689.48,295.75
ORD-2024-12272,P0150,WH_NAGPUR_C,48,10777.44,1081.18,206.54,0.0,12065.16,251.36
ORD-2024-12273,P0254,WH_DELHI_N,33,1841.73,361.93,142.0,0.0,2345.66,71.08
ORD-2024-12274,P0673,WH_KOLKATA_E,15,7457.099999999999,1137.81,64.54,0.0,8659.45,577.3
ORD-2024-12275,P0479,WH_DELHI_N,37,25738.68,1445.92,159.21,0.0,27343.81,739.02
ORD-2024-12276,P0064,WH_KOLKATA_E,6,1509.9,1477.02,25.82,0.0,3012.74,502.12
ORD-2024-12277,P0913,WH_NAGPUR_C,25,16239.75,1379.6,107.57,0.0,17726.92,709.08
ORD-2024-12278,P0809,WH_BLR_S,17,4741.64,295.77,73.15,0.0,5110.56,300.62
ORD-2024-12279,P0449,WH_MUMBAI_W,43,13443.949999999999,1564.21,185.03,0.0,15193.19,353.33
ORD-2024-12280,P0205,WH_NAGPUR_C,36,19968.48,556.34,154.91,0.0,20679.73,574.44
ORD-2024-12281,P0410,WH_DELHI_N,46,23612.26,123.81,197.94,0.0,23934.01,520.3
ORD-2024-12282,P0356,WH_KOLKATA_E,9,7376.94,623.8,38.73,0.0,8039.47,893.27
ORD-2024-12283,P0391,WH_BLR_S,28,22144.08,561.9,120.48,0.0,22826.46,815.23
ORD-2024-12284,P0176,WH_NAGPUR_C,35,3957.45,1104.33,150.6,0.0,5212.38,148.93
ORD-2024-12285,P0700,WH_MUMBAI_W,3,2464.95,1591.59,12.91,0.0,4069.45,1356.48
ORD-2024-12286,P0205,WH_KOLKATA_E,11,6101.48,1213.34,47.33,0.0,7362.15,669.29
ORD-2024-12287,P0822,WH_MUMBAI_W,20,8512.6,1071.08,86.06,0.0,9669.74,483.49
ORD-2024-12288,P0598,WH_DELHI_N,23,5000.43,359.42,98.97,0.0,5458.82,237.34
ORD-2024-12289,P0608,WH_KOLKATA_E,30,25058.699999999997,1235.84,129.09,0.0,26423.63,880.79
ORD-2024-12290,P0279,WH_MUMBAI_W,37,25630.64,480.23,159.21,0.0,26270.08,710.0
ORD-2024-12291,P0925,WH_NAGPUR_C,36,8648.64,558.62,154.91,0.0,9362.17,260.06
ORD-2024-12292,P0286,WH_DELHI_N,44,4511.76,766.04,189.33,0.0,5467.13,124.25
ORD-2024-12293,P0988,WH_NAGPUR_C,12,9815.76,1577.63,51.64,0.0,11445.03,953.75
ORD-2024-12294,P0286,WH_BLR_S,36,3691.44,370.69,154.91,0.0,4217.04,117.14
ORD-2024-12295,P0533,WH_NAGPUR_C,35,6212.5,1543.07,150.6,0.0,7906.17,225.89
ORD-2024-12296,P0809,WH_NAGPUR_C,34,9483.28,862.4,146.3,0.0,10491.98,308.59
ORD-2024-12297,P0011,WH_MUMBAI_W,4,1706.24,248.97,17.21,0.0,1972.42,493.1
ORD-2024-12298,P0335,WH_NAGPUR_C,24,20212.079999999998,1123.15,103.27,0.0,21438.5,893.27
ORD-2024-12299,P0672,WH_KOLKATA_E,36,8958.960000000001,1147.14,154.91,0.0,10261.01,285.03
ORD-2024-12300,P0105,WH_MUMBAI_W,28,19060.16,1517.82,120.48,0.0,20698.46,739.23
ORD-2024-12301,P0759,WH_NAGPUR_C,39,21484.32,620.85,167.82,0.0,22272.99,571.1
ORD-2024-12302,P0337,WH_BLR_S,2,664.26,252.46,8.61,0.0,925.33,462.66
ORD-2024-12303,P0915,WH_MUMBAI_W,43,29488.539999999997,848.13,185.03,0.0,30521.7,709.81
ORD-2024-12304,P0711,WH_MUMBAI_W,5,3769.4,474.12,21.51,0.0,4265.03,853.01
ORD-2024-12305,P0998,WH_KOLKATA_E,28,1889.1599999999999,937.36,120.48,0.0,2947.0,105.25
ORD-2024-12306,P0633,WH_KOLKATA_E,13,6341.01,876.0,55.94,0.0,7272.95,559.46
ORD-2024-12307,P0391,WH_MUMBAI_W,36,28470.96,745.54,154.91,0.0,29371.41,815.87
ORD-2024-12308,P0466,WH_KOLKATA_E,9,1996.56,1512.23,38.73,0.0,3547.52,394.17
ORD-2024-12309,P0429,WH_KOLKATA_E,39,27928.29,273.26,167.82,0.0,28369.37,727.42
ORD-2024-12310,P0911,WH_KOLKATA_E,30,875.4,370.36,129.09,0.0,1374.85,45.83
ORD-2024-12311,P0633,WH_KOLKATA_E,27,13169.789999999999,655.91,116.18,0.0,13941.88,516.37
ORD-2024-12312,P0466,WH_KOLKATA_E,13,2883.92,939.17,55.94,0.0,3879.03,298.39
ORD-2024-12313,P0952,WH_KOLKATA_E,42,20919.78,967.92,180.72,0.0,22068.42,525.44
ORD-2024-12314,P0458,WH_BLR_S,39,31816.199999999997,1143.19,167.82,0.0,33127.21,849.42
ORD-2024-12315,P0524,WH_DELHI_N,28,4181.52,352.58,120.48,0.0,4654.58,166.24
ORD-2024-12316,P0230,WH_KOLKATA_E,18,6311.16,1538.04,77.45,0.0,7926.65,440.37
ORD-2024-12317,P0410,WH_KOLKATA_E,34,17452.539999999997,178.82,146.3,0.0,17777.66,522.87
ORD-2024-12318,P0545,WH_DELHI_N,21,6124.44,990.35,90.36,0.0,7205.15,343.1
ORD-2024-12319,P0544,WH_KOLKATA_E,1,456.25,888.99,4.3,0.0,1349.54,1349.54
ORD-2024-12320,P0220,WH_NAGPUR_C,45,26941.95,542.03,193.63,0.0,27677.61,615.06
ORD-2024-12321,P0286,WH_BLR_S,23,2358.42,631.56,98.97,0.0,3088.95,134.3
ORD-2024-12322,P0981,WH_NAGPUR_C,34,2152.88,810.29,146.3,0.0,3109.47,91.46
ORD-2024-12323,P0641,WH_KOLKATA_E,36,19062.0,207.62,154.91,0.0,19424.53,539.57
ORD-2024-12324,P0992,WH_BLR_S,9,4605.389999999999,710.2,38.73,0.0,5354.32,594.92
ORD-2024-12325,P0763,WH_NAGPUR_C,8,6598.96,682.76,34.42,0.0,7316.14,914.52
ORD-2024-12326,P0115,WH_NAGPUR_C,30,22989.3,770.17,129.09,0.0,23888.56,796.29
ORD-2024-12327,P0064,WH_NAGPUR_C,48,12079.2,910.17,206.54,0.0,13195.91,274.91
ORD-2024-12328,P0280,WH_MUMBAI_W,36,19538.64,1600.35,154.91,0.0,21293.9,591.5
ORD-2024-12329,P0840,WH_MUMBAI_W,36,11781.0,1417.74,154.91,0.0,13353.65,370.93
ORD-2024-12330,P0300,WH_NAGPUR_C,18,7269.84,1155.06,77.45,0.0,8502.35,472.35
ORD-2024-12331,P0569,WH_NAGPUR_C,2,1242.04,1519.63,8.61,0.0,2770.28,1385.14
ORD-2024-12332,P0294,WH_NAGPUR_C,11,416.9,660.62,47.33,0.0,1124.85,102.26
ORD-2024-12333,P0554,WH_NAGPUR_C,36,26332.920000000002,462.89,154.91,0.0,26950.72,748.63
ORD-2024-12334,P0021,WH_BLR_S,31,7665.37,714.54,133.39,0.0,8513.3,274.62
ORD-2024-12335,P0064,WH_NAGPUR_C,31,7801.150000000001,1218.97,133.39,0.0,9153.51,295.27
ORD-2024-12336,P0809,WH_NAGPUR_C,24,6694.08,1062.92,103.27,0.0,7860.27,327.51
ORD-2024-12337,P0470,WH_NAGPUR_C,46,32913.0,1094.92,197.94,0.0,34205.86,743.61
ORD-2024-12338,P0592,WH_DELHI_N,21,13308.96,447.42,90.36,0.0,13846.74,659.37
ORD-2024-12339,P0143,WH_DELHI_N,32,20257.6,374.77,137.69,0.0,20770.06,649.06
ORD-2024-12340,P0714,WH_NAGPUR_C,49,3552.0099999999998,680.01,210.85,0.0,4442.87,90.67
ORD-2024-12341,P0159,WH_MUMBAI_W,30,11899.800000000001,781.61,129.09,0.0,12810.5,427.02
ORD-2024-12342,P0674,WH_KOLKATA_E,8,2008.16,614.73,34.42,0.0,2657.31,332.16
ORD-2024-12343,P0021,WH_MUMBAI_W,33,8159.910000000001,1102.63,142.0,0.0,9404.54,284.99
ORD-2024-12344,P0884,WH_MUMBAI_W,39,11089.259999999998,1136.19,167.82,0.0,12393.27,317.78
ORD-2024-12345,P0589,WH_DELHI_N,1,287.35,616.56,4.3,0.0,908.21,908.21
ORD-2024-12346,P0030,WH_BLR_S,33,12808.289999999999,1208.13,142.0,0.0,14158.42,429.04
ORD-2024-12347,P0080,WH_KOLKATA_E,42,12288.359999999999,591.04,180.72,0.0,13060.12,310.96
ORD-2024-12348,P0176,WH_DELHI_N,13,1469.9099999999999,201.73,55.94,0.0,1727.58,132.89
ORD-2024-12349,P0188,WH_NAGPUR_C,22,17619.36,1047.2,94.67,0.0,18761.23,852.78
ORD-2024-12350,P0357,WH_DELHI_N,5,2427.95,1320.41,21.51,0.0,3769.87,753.97
ORD-2024-12351,P0634,WH_KOLKATA_E,12,8821.2,1055.37,51.64,0.0,9928.21,827.35
ORD-2024-12352,P0754,WH_DELHI_N,29,20870.43,473.48,124.79,0.0,21468.7,740.3
ORD-2024-12353,P0693,WH_DELHI_N,3,1225.08,861.42,12.91,0.0,2099.41,699.8
ORD-2024-12354,P0627,WH_KOLKATA_E,36,30391.2,1267.9,154.91,0.0,31814.01,883.72
ORD-2024-12355,P0027,WH_MUMBAI_W,47,24358.69,222.0,202.24,0.0,24782.93,527.3
ORD-2024-12356,P0521,WH_BLR_S,45,26092.350000000002,1573.54,193.63,0.0,27859.52,619.1
ORD-2024-12357,P0152,WH_KOLKATA_E,11,2739.2200000000003,194.36,47.33,0.0,2980.91,270.99
ORD-2024-12358,P0796,WH_NAGPUR_C,26,14755.779999999999,385.72,111.88,0.0,15253.38,586.67
ORD-2024-12359,P0567,WH_BLR_S,2,738.72,966.65,8.61,0.0,1713.98,856.99
ORD-2024-12360,P0592,WH_NAGPUR_C,29,18379.04,903.33,124.79,0.0,19407.16,669.21
ORD-2024-12361,P0476,WH_NAGPUR_C,41,21856.280000000002,1042.48,176.42,0.0,23075.18,562.81
ORD-2024-12362,P0466,WH_KOLKATA_E,29,6433.36,792.29,124.79,0.0,7350.44,253.46
ORD-2024-12363,P0342,WH_MUMBAI_W,44,6215.44,1285.41,189.33,0.0,7690.18,174.78
ORD-2024-12364,P0914,WH_NAGPUR_C,36,13948.199999999999,1632.7206,154.91,0.0,15735.83,437.11
ORD-2024-12365,P0663,WH_MUMBAI_W,19,15561.38,1238.71,81.76,0.0,16881.85,888.52
ORD-2024-12366,P0030,WH_KOLKATA_E,10,3881.3,1080.45,43.03,0.0,5004.78,500.48
ORD-2024-12367,P0608,WH_NAGPUR_C,11,9188.189999999999,811.34,47.33,0.0,10046.86,913.35
ORD-2024-12368,P0027,WH_NAGPUR_C,7,3627.89,1011.31,30.12,0.0,4669.32,667.05
ORD-2024-12369,P0335,WH_BLR_S,13,10948.21,1302.01,55.94,0.0,12306.16,946.63
ORD-2024-12370,P0533,WH_MUMBAI_W,41,7277.5,1412.43,176.42,0.0,8866.35,216.25
ORD-2024-12371,P0372,WH_BLR_S,44,28716.6,106.79,189.33,0.0,29012.72,659.38
ORD-2024-12372,P0266,WH_MUMBAI_W,2,420.04,1192.14,8.61,0.0,1620.79,810.4
ORD-2024-12373,P0925,WH_DELHI_N,30,7207.200000000001,382.49,129.09,0.0,7718.78,257.29
ORD-2024-12374,P0965,WH_BLR_S,22,5426.3,816.07,94.67,0.0,6337.04,288.05
ORD-2024-12375,P0592,WH_MUMBAI_W,1,633.76,1262.64,4.3,0.0,1900.7,1900.7
ORD-2024-12376,P0511,WH_MUMBAI_W,27,16540.74,1544.78,116.18,0.0,18201.7,674.14
ORD-2024-12377,P0688,WH_KOLKATA_E,7,1322.58,147.46,30.12,0.0,1500.16,214.31
ORD-2024-12378,P0708,WH_MUMBAI_W,1,208.63,536.43,4.3,0.0,749.36,749.36
ORD-2024-12379,P0470,WH_KOLKATA_E,25,17887.5,327.95,107.57,0.0,18323.02,732.92
ORD-2024-12380,P0544,WH_DELHI_N,48,21900.0,1296.27,206.54,0.0,23402.81,487.56
ORD-2024-12381,P0487,WH_NAGPUR_C,4,176.8,503.83,17.21,0.0,697.84,174.46
ORD-2024-12382,P0904,WH_DELHI_N,30,6646.2,309.22,129.09,0.0,7084.51,236.15
ORD-2024-12383,P0103,WH_NAGPUR_C,8,1038.56,244.18,34.42,0.0,1317.16,164.64
ORD-2024-12384,P0719,WH_NAGPUR_C,49,11480.21,1153.01,210.85,0.0,12844.07,262.12
ORD-2024-12385,P0755,WH_DELHI_N,21,12760.65,281.21,90.36,0.0,13132.22,625.34
ORD-2024-12386,P0432,WH_NAGPUR_C,4,3055.24,743.21,17.21,0.0,3815.66,953.92
ORD-2024-12387,P0857,WH_MUMBAI_W,4,2069.6,391.66,17.21,0.0,2478.47,619.62
ORD-2024-12388,P0748,WH_MUMBAI_W,8,1441.6,1111.45,34.42,0.0,2587.47,323.43
ORD-2024-12389,P0822,WH_BLR_S,42,17876.46,386.87,180.72,0.0,18444.05,439.14
ORD-2024-12390,P0988,WH_DELHI_N,26,21267.48,370.42,111.88,0.0,21749.78,836.53
ORD-2024-12391,P0673,WH_DELHI_N,29,14417.06,1369.87,124.79,0.0,15911.72,548.68
ORD-2024-12392,P0391,WH_KOLKATA_E,16,12653.76,95.6674,68.85,0.0,12818.28,801.14
ORD-2024-12393,P0821,WH_MUMBAI_W,19,9410.7,184.29,81.76,0.0,9676.75,509.3
ORD-2024-12394,P0836,WH_DELHI_N,1,381.35,1266.53,4.3,0.0,1652.18,1652.18
ORD-2024-12395,P0651,WH_BLR_S,37,8683.53,405.14,159.21,0.0,9247.88,249.94
ORD-2024-12396,P0754,WH_NAGPUR_C,34,24468.78,446.26,146.3,0.0,25061.34,737.1
ORD-2024-12397,P0115,WH_KOLKATA_E,29,22222.989999999998,155.49,124.79,0.0,22503.27,775.97
ORD-2024-12398,P0125,WH_DELHI_N,27,5198.31,769.61,116.18,0.0,6084.1,225.34
ORD-2024-12399,P0335,WH_NAGPUR_C,48,40424.159999999996,691.89,206.54,0.0,41322.59,860.89
ORD-2024-12400,P0598,WH_BLR_S,45,9783.45,1312.55,193.63,0.0,11289.63,250.88
ORD-2024-12401,P0228,WH_DELHI_N,30,7652.099999999999,402.68,129.09,0.0,8183.87,272.8
ORD-2024-12402,P0709,WH_KOLKATA_E,6,2899.38,1601.71,25.82,0.0,4526.91,754.48
ORD-2024-12403,P0422,WH_DELHI_N,36,15436.800000000001,227.39,154.91,0.0,15819.1,439.42
ORD-2024-12404,P0319,WH_MUMBAI_W,39,2363.79,435.85,167.82,0.0,2967.46,76.09
ORD-2024-12405,P0560,WH_MUMBAI_W,2,72.56,216.28,8.61,0.0,297.45,148.72
ORD-2024-12406,P0363,WH_NAGPUR_C,42,28897.26,1311.44,180.72,0.0,30389.42,723.56
ORD-2024-12407,P0584,WH_BLR_S,14,6720.84,545.79,60.24,0.0,7326.87,523.35
ORD-2024-12408,P0914,WH_KOLKATA_E,8,3099.6,181.09,34.42,0.0,3315.11,414.39
ORD-2024-12409,P0195,WH_MUMBAI_W,3,1730.58,906.68,12.91,0.0,2650.17,883.39
ORD-2024-12410,P0965,WH_DELHI_N,35,8632.75,408.32,150.6,0.0,9191.67,262.62
ORD-2024-12411,P0716,WH_BLR_S,27,10021.59,1041.49,116.18,0.0,11179.26,414.05
ORD-2024-12412,P0836,WH_DELHI_N,34,12965.900000000001,776.2,146.3,0.0,13888.4,408.48
ORD-2024-12413,P0998,WH_MUMBAI_W,28,1889.1599999999999,325.83,120.48,0.0,2335.47,83.41
ORD-2024-12414,P0915,WH_MUMBAI_W,31,21259.18,1383.43,133.39,0.0,22776.0,734.71
ORD-2024-12415,P0220,WH_DELHI_N,17,10178.07,429.56,73.15,0.0,10680.78,628.28
ORD-2024-12416,P0892,WH_DELHI_N,19,1196.05,155.47,81.76,0.0,1433.28,75.44
ORD-2024-12417,P0088,WH_KOLKATA_E,42,8562.54,982.39,180.72,0.0,9725.65,231.56
ORD-2024-12418,P0103,WH_MUMBAI_W,44,5712.08,1487.17,189.33,0.0,7388.58,167.92
ORD-2024-12419,P0567,WH_MUMBAI_W,11,4062.96,879.44,47.33,0.0,4989.73,453.61
ORD-2024-12420,P0693,WH_KOLKATA_E,9,3675.2400000000002,1486.9,38.73,0.0,5200.87,577.87
ORD-2024-12421,P0335,WH_NAGPUR_C,30,25265.1,172.81,129.09,0.0,25567.0,852.23
ORD-2024-12422,P0837,WH_KOLKATA_E,45,29259.9,538.35,193.63,0.0,29991.88,666.49
ORD-2024-12423,P0069,WH_KOLKATA_E,6,603.96,1166.11,25.82,0.0,1795.89,299.32
ORD-2024-12424,P0716,WH_BLR_S,14,5196.38,1217.01,60.24,0.0,6473.63,462.4
ORD-2024-12425,P0027,WH_MUMBAI_W,31,16066.369999999999,234.17,133.39,0.0,16433.93,530.13
ORD-2024-12426,P0918,WH_NAGPUR_C,11,4776.530000000001,1160.04,47.33,0.0,5983.9,543.99
ORD-2024-12427,P0294,WH_BLR_S,5,189.5,1247.18,21.51,0.0,1458.19,291.64
ORD-2024-12428,P0840,WH_MUMBAI_W,31,10144.75,292.82,133.39,0.0,10570.96,341.0
ORD-2024-12429,P0030,WH_KOLKATA_E,2,776.26,327.83,8.61,0.0,1112.7,556.35
ORD-2024-12430,P0791,WH_KOLKATA_E,39,13280.669999999998,856.22,167.82,0.0,14304.71,366.79
ORD-2024-12431,P0213,WH_KOLKATA_E,17,7319.86,778.78,73.15,0.0,8171.79,480.69
ORD-2024-12432,P0408,WH_KOLKATA_E,38,6446.7,811.93,163.51,0.0,7422.14,195.32
ORD-2024-12433,P0925,WH_MUMBAI_W,46,11051.04,1315.77,197.94,0.0,12564.75,273.15
ORD-2024-12434,P0319,WH_BLR_S,36,2181.96,209.68,154.91,0.0,2546.55,70.74
ORD-2024-12435,P0554,WH_DELHI_N,3,2194.41,1133.02,12.91,0.0,3340.34,1113.45
ORD-2024-12436,P0565,WH_BLR_S,43,5100.23,1397.49,185.03,0.0,6682.75,155.41
ORD-2024-12437,P0545,WH_KOLKATA_E,29,8457.56,721.93,124.79,0.0,9304.28,320.84
ORD-2024-12438,P0143,WH_NAGPUR_C,33,20890.649999999998,1152.3,142.0,0.0,22184.95,672.27
ORD-2024-12439,P0553,WH_MUMBAI_W,14,3750.88,946.34,60.24,0.0,4757.46,339.82
ORD-2024-12440,P0884,WH_KOLKATA_E,38,10804.919999999998,434.96,163.51,0.0,11403.39,300.09
ORD-2024-12441,P0608,WH_NAGPUR_C,29,24223.41,922.76,124.79,0.0,25270.96,871.41
ORD-2024-12442,P0193,WH_DELHI_N,23,8237.68,115.62,98.97,0.0,8452.27,367.49
ORD-2024-12443,P0565,WH_MUMBAI_W,17,2016.37,1366.23,73.15,0.0,3455.75,203.28
ORD-2024-12444,P0533,WH_NAGPUR_C,49,8697.5,158.16,210.85,0.0,9066.51,185.03
ORD-2024-12445,P0926,WH_MUMBAI_W,11,5973.11,574.43,47.33,0.0,6594.87,599.53
ORD-2024-12446,P0524,WH_KOLKATA_E,28,4181.52,618.71,120.48,0.0,4920.71,175.74
ORD-2024-12447,P0368,WH_KOLKATA_E,7,5731.53,924.34,30.12,0.0,6685.99,955.14
ORD-2024-12448,P0391,WH_DELHI_N,45,35588.7,922.33,193.63,0.0,36704.66,815.66
ORD-2024-12449,P0432,WH_DELHI_N,40,30552.399999999998,1043.2,172.12,0.0,31767.72,794.19
ORD-2024-12450,P0458,WH_DELHI_N,8,6526.4,1500.04,34.42,0.0,8060.86,1007.61
ORD-2024-12451,P0719,WH_NAGPUR_C,41,9605.89,739.1,176.42,0.0,10521.41,256.62
ORD-2024-12452,P0070,WH_BLR_S,29,15401.03,1014.4,124.79,0.0,16540.22,570.35
ORD-2024-12453,P0150,WH_NAGPUR_C,25,5613.25,249.99,107.57,0.0,5970.81,238.83
ORD-2024-12454,P0867,WH_MUMBAI_W,7,5460.56,1409.87,30.12,0.0,6900.55,985.79
ORD-2024-12455,P0545,WH_MUMBAI_W,22,6416.08,611.1,94.67,0.0,7121.85,323.72
ORD-2024-12456,P0754,WH_NAGPUR_C,9,6477.03,928.85,38.73,0.0,7444.61,827.18
ORD-2024-12457,P0410,WH_KOLKATA_E,11,5646.41,1632.7206,47.33,0.0,7326.46,666.04
ORD-2024-12458,P0837,WH_DELHI_N,34,22107.48,1230.19,146.3,0.0,23483.97,690.7
ORD-2024-12459,P0952,WH_NAGPUR_C,27,13448.429999999998,826.65,116.18,0.0,14391.26,533.01
ORD-2024-12460,P0069,WH_BLR_S,22,2214.52,726.62,94.67,0.0,3035.81,137.99
ORD-2024-12461,P0176,WH_DELHI_N,3,339.21,338.67,12.91,0.0,690.79,230.26
ORD-2024-12462,P0884,WH_BLR_S,48,13648.32,1131.18,206.54,0.0,14986.04,312.21
ORD-2024-12463,P0466,WH_NAGPUR_C,40,8873.6,945.89,172.12,0.0,9991.61,249.79
ORD-2024-12464,P0119,WH_KOLKATA_E,8,1841.6,914.18,34.42,0.0,2790.2,348.78
ORD-2024-12465,P0633,WH_KOLKATA_E,6,2926.62,512.12,25.82,0.0,3464.56,577.43
ORD-2024-12466,P0909,WH_MUMBAI_W,25,8269.5,1160.23,107.57,0.0,9537.3,381.49
ORD-2024-12467,P0981,WH_KOLKATA_E,2,126.64,567.56,8.61,0.0,702.81,351.4
ORD-2024-12468,P0083,WH_DELHI_N,16,8702.08,709.35,68.85,0.0,9480.28,592.52
ORD-2024-12469,P0266,WH_DELHI_N,41,8610.82,234.78,176.42,0.0,9022.02,220.05
ORD-2024-12470,P0822,WH_NAGPUR_C,21,8938.23,1214.1,90.36,0.0,10242.69,487.75
ORD-2024-12471,P0091,WH_BLR_S,15,9997.8,410.53,64.54,0.0,10472.87,698.19
ORD-2024-12472,P0714,WH_BLR_S,34,2464.66,934.96,146.3,0.0,3545.92,104.29
ORD-2024-12473,P0857,WH_DELHI_N,47,24317.8,1316.73,202.24,0.0,25836.77,549.72
ORD-2024-12474,P0231,WH_MUMBAI_W,43,25585.86,980.9,185.03,0.0,26751.79,622.13
ORD-2024-12475,P0544,WH_KOLKATA_E,20,9125.0,993.04,86.06,0.0,10204.1,510.21
ORD-2024-12476,P0836,WH_MUMBAI_W,44,16779.4,1543.62,189.33,0.0,18512.35,420.74
ORD-2024-12477,P0569,WH_DELHI_N,31,19251.62,1533.41,133.39,0.0,20918.42,674.79
ORD-2024-12478,P0432,WH_KOLKATA_E,15,11457.15,345.31,64.54,0.0,11867.0,791.13
ORD-2024-12479,P0595,WH_KOLKATA_E,48,11414.400000000001,837.46,206.54,0.0,12458.4,259.55
ORD-2024-12480,P0363,WH_NAGPUR_C,28,19264.84,570.55,120.48,0.0,19955.87,712.71
ORD-2024-12481,P0716,WH_MUMBAI_W,6,2227.02,198.51,25.82,0.0,2451.35,408.56
ORD-2024-12482,P0925,WH_MUMBAI_W,3,720.72,699.51,12.91,0.0,1433.14,477.71
ORD-2024-12483,P0368,WH_MUMBAI_W,38,31114.019999999997,1062.61,163.51,0.0,32340.14,851.06
ORD-2024-12484,P0356,WH_MUMBAI_W,23,18852.18,1349.57,98.97,0.0,20300.72,882.64
ORD-2024-12485,P0218,WH_BLR_S,3,2464.02,1300.5,12.91,0.0,3777.43,1259.14
ORD-2024-12486,P0131,WH_KOLKATA_E,45,3483.0000000000005,120.62,193.63,0.0,3797.25,84.38
ORD-2024-12487,P0634,WH_NAGPUR_C,44,32344.4,697.49,189.33,0.0,33231.22,755.26
ORD-2024-12488,P0533,WH_MUMBAI_W,8,1420.0,1439.26,34.42,0.0,2893.68,361.71
ORD-2024-12489,P0608,WH_NAGPUR_C,2,1670.58,1063.93,8.61,0.0,2743.12,1371.56
ORD-2024-12490,P0286,WH_DELHI_N,7,717.7800000000001,1563.17,30.12,0.0,2311.07,330.15
ORD-2024-12491,P0363,WH_NAGPUR_C,17,11696.51,653.9,73.15,0.0,12423.56,730.8
ORD-2024-12492,P0404,WH_MUMBAI_W,7,4388.509999999999,795.76,30.12,0.0,5214.39,744.91
ORD-2024-12493,P0368,WH_DELHI_N,33,27020.07,801.04,142.0,0.0,27963.11,847.37
ORD-2024-12494,P0759,WH_NAGPUR_C,36,19831.68,1402.41,154.91,0.0,21389.0,594.14
ORD-2024-12495,P0914,WH_NAGPUR_C,47,18210.149999999998,627.0,202.24,0.0,19039.39,405.09
ORD-2024-12496,P0135,WH_MUMBAI_W,4,2439.4,671.93,17.21,0.0,3128.54,782.14
ORD-2024-12497,P0719,WH_NAGPUR_C,44,10308.76,1221.08,189.33,0.0,11719.17,266.34
ORD-2024-12498,P0316,WH_NAGPUR_C,16,11232.48,630.33,68.85,0.0,11931.66,745.73
ORD-2024-12499,P0205,WH_KOLKATA_E,21,11648.279999999999,764.32,90.36,0.0,12502.96,595.38
ORD-2024-12500,P0487,WH_NAGPUR_C,18,795.6,1403.16,77.45,0.0,2276.21,126.46
ORD-2024-12501,P0135,WH_KOLKATA_E,46,28053.100000000002,629.06,197.94,0.0,28880.1,627.83
ORD-2024-12502,P0693,WH_DELHI_N,46,18784.56,938.92,197.94,0.0,19921.42,433.07
ORD-2024-12503,P0357,WH_DELHI_N,28,13596.519999999999,295.8,120.48,0.0,14012.8,500.46
ORD-2024-12504,P0356,WH_MUMBAI_W,43,35245.38,1428.51,185.03,0.0,36858.92,857.18
ORD-2024-12505,P0965,WH_DELHI_N,16,3946.4,1199.5,68.85,0.0,5214.75,325.92
ORD-2024-12506,P0700,WH_NAGPUR_C,47,38617.549999999996,1527.54,202.24,0.0,40347.33,858.45
ORD-2024-12507,P0545,WH_NAGPUR_C,22,6416.08,1293.75,94.67,0.0,7804.5,354.75
ORD-2024-12508,P0524,WH_DELHI_N,6,896.04,1384.74,25.82,0.0,2306.6,384.43
ORD-2024-12509,P0430,WH_DELHI_N,30,16671.300000000003,408.55,129.09,0.0,17208.94,573.63
ORD-2024-12510,P0131,WH_DELHI_N,45,3483.0000000000005,789.65,193.63,0.0,4466.28,99.25
ORD-2024-12511,P0160,WH_MUMBAI_W,28,22380.68,132.92,120.48,0.0,22634.08,808.36
ORD-2024-12512,P0220,WH_BLR_S,17,10178.07,925.32,73.15,0.0,11176.54,657.44
ORD-2024-12513,P0688,WH_MUMBAI_W,36,6801.84,1562.97,154.91,0.0,8519.72,236.66
ORD-2024-12514,P0909,WH_NAGPUR_C,12,3969.3599999999997,761.17,51.64,0.0,4782.17,398.51
ORD-2024-12515,P0952,WH_MUMBAI_W,40,19923.6,771.07,172.12,0.0,20866.79,521.67
ORD-2024-12516,P0005,WH_NAGPUR_C,12,4258.68,462.02,51.64,0.0,4772.34,397.7
ORD-2024-12517,P0992,WH_KOLKATA_E,36,18421.559999999998,1037.49,154.91,0.0,19613.96,544.83
ORD-2024-12518,P0193,WH_NAGPUR_C,40,14326.400000000001,1475.52,172.12,0.0,15974.04,399.35
ORD-2024-12519,P0595,WH_MUMBAI_W,29,6896.200000000001,1101.79,124.79,0.0,8122.78,280.1
ORD-2024-12520,P0589,WH_KOLKATA_E,2,574.7,1238.91,8.61,0.0,1822.22,911.11
ORD-2024-12521,P0925,WH_BLR_S,29,6966.96,638.24,124.79,0.0,7729.99,266.55
ORD-2024-12522,P0666,WH_MUMBAI_W,30,18773.399999999998,768.96,129.09,0.0,19671.45,655.72
ORD-2024-12523,P0300,WH_MUMBAI_W,36,14539.68,420.42,154.91,0.0,15115.01,419.86
ORD-2024-12524,P0276,WH_DELHI_N,44,28998.64,240.64,189.33,0.0,29428.61,668.83
ORD-2024-12525,P0357,WH_BLR_S,25,12139.75,1356.03,107.57,0.0,13603.35,544.13
ORD-2024-12526,P0430,WH_NAGPUR_C,21,11669.91,1166.2,90.36,0.0,12926.47,615.55
ORD-2024-12527,P0220,WH_DELHI_N,22,13171.62,335.36,94.67,0.0,13601.65,618.26
ORD-2024-12528,P0857,WH_NAGPUR_C,10,5174.0,934.1,43.03,0.0,6151.13,615.11
ORD-2024-12529,P0286,WH_DELHI_N,31,3178.7400000000002,1074.89,133.39,0.0,4387.02,141.52
ORD-2024-12530,P0544,WH_KOLKATA_E,47,21443.75,1419.02,202.24,0.0,23065.01,490.74
ORD-2024-12531,P0279,WH_BLR_S,9,6234.4800000000005,367.53,38.73,0.0,6640.74,737.86
ORD-2024-12532,P0062,WH_DELHI_N,41,4944.1900000000005,368.48,176.42,0.0,5489.09,133.88
ORD-2024-12533,P0893,WH_BLR_S,39,22216.739999999998,539.02,167.82,0.0,22923.58,587.78
ORD-2024-12534,P0005,WH_NAGPUR_C,34,12066.26,558.22,146.3,0.0,12770.78,375.61
ORD-2024-12535,P0069,WH_BLR_S,39,3925.74,265.92,167.82,0.0,4359.48,111.78
ORD-2024-12536,P0589,WH_NAGPUR_C,41,11781.35,1345.99,176.42,0.0,13303.76,324.48
ORD-2024-12537,P0994,WH_MUMBAI_W,23,7723.63,1632.7206,98.97,0.0,9455.32,411.1
ORD-2024-12538,P0914,WH_NAGPUR_C,12,4649.4,1113.83,51.64,0.0,5814.87,484.57
ORD-2024-12539,P0109,WH_KOLKATA_E,7,3179.75,1224.38,30.12,0.0,4434.25,633.46
ORD-2024-12540,P0822,WH_KOLKATA_E,32,13620.16,894.41,137.69,0.0,14652.26,457.88
ORD-2024-12541,P0517,WH_DELHI_N,19,5661.81,1060.78,81.76,0.0,6804.35,358.12
ORD-2024-12542,P0567,WH_BLR_S,22,8125.92,1306.17,94.67,0.0,9526.76,433.03
ORD-2024-12543,P0783,WH_KOLKATA_E,16,8773.44,1384.04,68.85,0.0,10226.33,639.15
ORD-2024-12544,P0103,WH_BLR_S,8,1038.56,517.1,34.42,0.0,1590.08,198.76
ORD-2024-12545,P0479,WH_DELHI_N,30,20869.2,1219.11,129.09,0.0,22217.4,740.58
ORD-2024-12546,P0755,WH_KOLKATA_E,6,3645.8999999999996,95.6674,25.82,0.0,3767.39,627.9
ORD-2024-12547,P0408,WH_NAGPUR_C,2,339.3,307.27,8.61,0.0,655.18,327.59
ORD-2024-12548,P0783,WH_NAGPUR_C,34,18643.56,674.96,146.3,0.0,19464.82,572.49
ORD-2024-12549,P0904,WH_BLR_S,29,6424.66,834.83,124.79,0.0,7384.28,254.63
ORD-2024-12550,P0159,WH_DELHI_N,40,15866.400000000001,491.34,172.12,0.0,16529.86,413.25
ORD-2024-12551,P0876,WH_DELHI_N,42,18556.86,1308.0,180.72,0.0,20045.58,477.28
ORD-2024-12552,P0904,WH_MUMBAI_W,43,9526.22,860.3,185.03,0.0,10571.55,245.85
ORD-2024-12553,P0371,WH_MUMBAI_W,20,3427.7999999999997,711.14,86.06,0.0,4225.0,211.25
ORD-2024-12554,P0487,WH_NAGPUR_C,3,132.60000000000002,1376.37,12.91,0.0,1521.88,507.29
ORD-2024-12555,P0300,WH_KOLKATA_E,48,19386.239999999998,1193.23,206.54,0.0,20786.01,433.04
ORD-2024-12556,P0904,WH_BLR_S,35,7753.9,1248.58,150.6,0.0,9153.08,261.52
ORD-2024-12557,P0062,WH_DELHI_N,8,964.72,652.87,34.42,0.0,1652.01,206.5
ORD-2024-12558,P0672,WH_KOLKATA_E,12,2986.32,608.04,51.64,0.0,3646.0,303.83
ORD-2024-12559,P0161,WH_BLR_S,45,12890.699999999999,457.46,193.63,0.0,13541.79,300.93
ORD-2024-12560,P0907,WH_MUMBAI_W,43,6624.58,1193.66,185.03,0.0,8003.27,186.12
ORD-2024-12561,P0198,WH_MUMBAI_W,32,22947.84,729.32,137.69,0.0,23814.85,744.21
ORD-2024-12562,P0716,WH_KOLKATA_E,29,10763.93,217.78,124.79,0.0,11106.5,382.98
ORD-2024-12563,P0160,WH_MUMBAI_W,45,35968.95,904.31,193.63,0.0,37066.89,823.71
ORD-2024-12564,P0198,WH_KOLKATA_E,21,15059.52,499.71,90.36,0.0,15649.59,745.22
ORD-2024-12565,P0754,WH_MUMBAI_W,3,2159.0099999999998,939.49,12.91,0.0,3111.41,1037.14
ORD-2024-12566,P0429,WH_MUMBAI_W,38,27212.18,933.16,163.51,0.0,28308.85,744.97
ORD-2024-12567,P0408,WH_DELHI_N,27,4580.55,457.83,116.18,0.0,5154.56,190.91
ORD-2024-12568,P0062,WH_DELHI_N,3,361.77,1431.6,12.91,0.0,1806.28,602.09
ORD-2024-12569,P0952,WH_KOLKATA_E,1,498.09,783.81,4.3,0.0,1286.2,1286.2
ORD-2024-12570,P0195,WH_MUMBAI_W,46,26535.56,935.26,197.94,0.0,27668.76,601.49
ORD-2024-12571,P0809,WH_KOLKATA_E,20,5578.400000000001,1187.22,86.06,0.0,6851.68,342.58
ORD-2024-12572,P0069,WH_NAGPUR_C,7,704.62,1077.3,30.12,0.0,1812.04,258.86
ORD-2024-12573,P0992,WH_NAGPUR_C,41,20980.11,125.73,176.42,0.0,21282.26,519.08
ORD-2024-12574,P0404,WH_DELHI_N,1,626.93,886.23,4.3,0.0,1517.46,1517.46
ORD-2024-12575,P0410,WH_MUMBAI_W,10,5133.099999999999,1458.28,43.03,0.0,6634.41,663.44
ORD-2024-12576,P0956,WH_DELHI_N,45,32057.55,1531.81,193.63,0.0,33782.99,750.73
ORD-2024-12577,P0097,WH_MUMBAI_W,12,2768.04,331.55,51.64,0.0,3151.23,262.6
ORD-2024-12578,P0076,WH_DELHI_N,4,925.04,491.13,17.21,0.0,1433.38,358.34
ORD-2024-12579,P0914,WH_DELHI_N,7,2712.15,434.48,30.12,0.0,3176.75,453.82
ORD-2024-12580,P0521,WH_MUMBAI_W,10,5798.3,1461.34,43.03,0.0,7302.67,730.27
ORD-2024-12581,P0465,WH_BLR_S,22,13046.22,1506.91,94.67,0.0,14647.8,665.81
ORD-2024-12582,P0620,WH_BLR_S,25,2965.5,783.08,107.57,0.0,3856.15,154.25
ORD-2024-12583,P0254,WH_KOLKATA_E,29,1618.49,1172.01,124.79,0.0,2915.29,100.53
ORD-2024-12584,P0569,WH_KOLKATA_E,39,24219.78,355.88,167.82,0.0,24743.48,634.45
ORD-2024-12585,P0857,WH_MUMBAI_W,15,7761.0,1006.44,64.54,0.0,8831.98,588.8
ORD-2024-12586,P0038,WH_MUMBAI_W,19,7537.3,184.57,81.76,0.0,7803.63,410.72
ORD-2024-12587,P0337,WH_NAGPUR_C,39,12953.07,301.35,167.82,0.0,13422.24,344.16
ORD-2024-12588,P0595,WH_KOLKATA_E,46,10938.800000000001,597.76,197.94,0.0,11734.5,255.1
ORD-2024-12589,P0712,WH_NAGPUR_C,46,11766.800000000001,1362.47,197.94,0.0,13327.21,289.72
ORD-2024-12590,P0479,WH_MUMBAI_W,18,12521.52,216.07,77.45,0.0,12815.04,711.95
ORD-2024-12591,P0521,WH_DELHI_N,42,24352.86,533.17,180.72,0.0,25066.75,596.83
ORD-2024-12592,P0143,WH_NAGPUR_C,3,1899.1499999999999,1191.89,12.91,0.0,3103.95,1034.65
ORD-2024-12593,P0965,WH_KOLKATA_E,6,1479.9,660.35,25.82,0.0,2166.07,361.01
ORD-2024-12594,P0783,WH_KOLKATA_E,22,12063.480000000001,154.19,94.67,0.0,12312.34,559.65
ORD-2024-12595,P0116,WH_NAGPUR_C,41,7228.71,1034.16,176.42,0.0,8439.29,205.84
ORD-2024-12596,P0119,WH_NAGPUR_C,46,10589.199999999999,201.6,197.94,0.0,10988.74,238.89
ORD-2024-12597,P0069,WH_NAGPUR_C,31,3120.46,525.76,133.39,0.0,3779.61,121.92
ORD-2024-12598,P0627,WH_KOLKATA_E,21,17728.2,1388.74,90.36,0.0,19207.3,914.63
ORD-2024-12599,P0466,WH_KOLKATA_E,8,1774.72,971.7,34.42,0.0,2780.84,347.6
ORD-2024-12600,P0276,WH_KOLKATA_E,1,659.06,1186.72,4.3,0.0,1850.08,1850.08
ORD-2024-12601,P0524,WH_BLR_S,3,448.02,367.93,12.91,0.0,828.86,276.29
ORD-2024-12602,P0568,WH_BLR_S,29,21937.34,1353.1,124.79,0.0,23415.23,807.42
ORD-2024-12603,P0159,WH_BLR_S,6,2379.96,291.66,25.82,0.0,2697.44,449.57
ORD-2024-12604,P0545,WH_MUMBAI_W,33,9624.119999999999,1421.9,142.0,0.0,11188.02,339.03
ORD-2024-12605,P0363,WH_BLR_S,18,12384.539999999999,1156.35,77.45,0.0,13618.34,756.57
ORD-2024-12606,P0834,WH_MUMBAI_W,42,26836.74,1223.48,180.72,0.0,28240.94,672.4
ORD-2024-12607,P0011,WH_BLR_S,49,20901.44,514.77,210.85,0.0,21627.06,441.37
ORD-2024-12608,P0088,WH_NAGPUR_C,1,203.87,665.38,4.3,0.0,873.55,873.55
ORD-2024-12609,P0544,WH_KOLKATA_E,22,10037.5,132.2,94.67,0.0,10264.37,466.56
ORD-2024-12610,P0755,WH_KOLKATA_E,31,18837.149999999998,635.97,133.39,0.0,19606.51,632.47
ORD-2024-12611,P0755,WH_NAGPUR_C,23,13975.949999999999,247.99,98.97,0.0,14322.91,622.74
ORD-2024-12612,P0491,WH_NAGPUR_C,8,457.12,138.14,34.42,0.0,629.68,78.71
ORD-2024-12613,P0595,WH_BLR_S,29,6896.200000000001,417.58,124.79,0.0,7438.57,256.5
ORD-2024-12614,P0796,WH_BLR_S,44,24971.32,1213.7,189.33,0.0,26374.35,599.42
ORD-2024-12615,P0836,WH_KOLKATA_E,46,17542.100000000002,529.66,197.94,0.0,18269.7,397.17
ORD-2024-12616,P0712,WH_MUMBAI_W,19,4860.2,1474.57,81.76,0.0,6416.53,337.71
ORD-2024-12617,P0247,WH_NAGPUR_C,49,1870.3300000000002,939.85,210.85,0.0,3021.03,61.65
ORD-2024-12618,P0205,WH_BLR_S,16,8874.88,854.04,68.85,0.0,9797.77,612.36
ORD-2024-12619,P0466,WH_KOLKATA_E,19,4214.96,847.92,81.76,0.0,5144.64,270.77
ORD-2024-12620,P0952,WH_DELHI_N,37,18429.329999999998,758.74,159.21,0.0,19347.28,522.9
ORD-2024-12621,P0119,WH_MUMBAI_W,22,5064.4,372.46,94.67,0.0,5531.53,251.43
ORD-2024-12622,P0620,WH_KOLKATA_E,19,2253.78,756.56,81.76,0.0,3092.1,162.74
ORD-2024-12623,P0553,WH_MUMBAI_W,4,1071.68,138.39,17.21,0.0,1227.28,306.82
ORD-2024-12624,P0430,WH_BLR_S,5,2778.55,815.97,21.51,0.0,3616.03,723.21
ORD-2024-12625,P0119,WH_KOLKATA_E,5,1151.0,662.73,21.51,0.0,1835.24,367.05
ORD-2024-12626,P0540,WH_DELHI_N,25,9901.25,95.6674,107.57,0.0,10104.49,404.18
ORD-2024-12627,P0791,WH_BLR_S,24,8172.719999999999,996.85,103.27,0.0,9272.84,386.37
ORD-2024-12628,P0342,WH_BLR_S,1,141.26,1307.42,4.3,0.0,1452.98,1452.98
ORD-2024-12629,P0064,WH_KOLKATA_E,28,7046.2,368.85,120.48,0.0,7535.53,269.13
ORD-2024-12630,P0342,WH_NAGPUR_C,47,6639.219999999999,757.21,202.24,0.0,7598.67,161.67
ORD-2024-12631,P0998,WH_MUMBAI_W,21,1416.87,1557.54,90.36,0.0,3064.77,145.94
ORD-2024-12632,P0642,WH_NAGPUR_C,19,9272.57,1433.7,81.76,0.0,10788.03,567.79
ORD-2024-12633,P0719,WH_BLR_S,23,5388.67,587.82,98.97,0.0,6075.46,264.15
ORD-2024-12634,P0651,WH_NAGPUR_C,14,3285.66,512.86,60.24,0.0,3858.76,275.63
ORD-2024-12635,P0247,WH_MUMBAI_W,6,229.02,478.13,25.82,0.0,732.97,122.16
ORD-2024-12636,P0429,WH_DELHI_N,32,22915.52,912.59,137.69,0.0,23965.8,748.93
ORD-2024-12637,P0763,WH_NAGPUR_C,32,26395.84,1403.04,137.69,0.0,27936.57,873.02
ORD-2024-12638,P0796,WH_DELHI_N,8,4540.24,431.64,34.42,0.0,5006.3,625.79
ORD-2024-12639,P0998,WH_NAGPUR_C,37,2496.39,1093.64,159.21,0.0,3749.24,101.33
ORD-2024-12640,P0925,WH_BLR_S,22,5285.280000000001,1165.16,94.67,0.0,6545.11,297.5
ORD-2024-12641,P0712,WH_MUMBAI_W,8,2046.4,383.86,34.42,0.0,2464.68,308.08
ORD-2024-12642,P0316,WH_MUMBAI_W,38,26677.14,379.23,163.51,0.0,27219.88,716.31
ORD-2024-12643,P0356,WH_DELHI_N,10,8196.6,295.47,43.03,0.0,8535.1,853.51
ORD-2024-12644,P0491,WH_NAGPUR_C,3,171.42000000000002,841.87,12.91,0.0,1026.2,342.07
ORD-2024-12645,P0342,WH_NAGPUR_C,13,1836.3799999999999,518.09,55.94,0.0,2410.41,185.42
ORD-2024-12646,P0335,WH_KOLKATA_E,39,32844.63,675.81,167.82,0.0,33688.26,863.8
ORD-2024-12647,P0592,WH_BLR_S,30,19012.8,1632.7206,129.09,0.0,20774.61,692.49
ORD-2024-12648,P0487,WH_KOLKATA_E,4,176.8,647.8,17.21,0.0,841.81,210.45
ORD-2024-12649,P0952,WH_MUMBAI_W,45,22414.05,690.29,193.63,0.0,23297.97,517.73
ORD-2024-12650,P0965,WH_DELHI_N,6,1479.9,1199.57,25.82,0.0,2705.29,450.88
ORD-2024-12651,P0342,WH_DELHI_N,16,2260.16,1611.29,68.85,0.0,3940.3,246.27
ORD-2024-12652,P0790,WH_MUMBAI_W,22,9514.119999999999,1014.44,94.67,0.0,10623.23,482.87
ORD-2024-12653,P0608,WH_BLR_S,27,22552.829999999998,1289.79,116.18,0.0,23958.8,887.36
ORD-2024-12654,P0088,WH_NAGPUR_C,21,4281.27,468.56,90.36,0.0,4840.19,230.49
ORD-2024-12655,P0131,WH_KOLKATA_E,29,2244.6000000000004,365.85,124.79,0.0,2735.24,94.32
ORD-2024-12656,P0159,WH_MUMBAI_W,1,396.66,1632.7206,4.3,0.0,2033.68,2033.68
ORD-2024-12657,P0404,WH_BLR_S,30,18807.899999999998,1553.85,129.09,0.0,20490.84,683.03
ORD-2024-12658,P0079,WH_MUMBAI_W,24,1124.8799999999999,556.4,103.27,0.0,1784.55,74.36
ORD-2024-12659,P0189,WH_BLR_S,13,8269.69,1288.0,55.94,0.0,9613.63,739.51
ORD-2024-12660,P0161,WH_KOLKATA_E,30,8593.8,478.07,129.09,0.0,9200.96,306.7
ORD-2024-12661,P0335,WH_DELHI_N,26,21896.42,216.73,111.88,0.0,22225.03,854.81
ORD-2024-12662,P0517,WH_KOLKATA_E,34,10131.66,1066.68,146.3,0.0,11344.64,333.67
ORD-2024-12663,P0266,WH_MUMBAI_W,20,4200.400000000001,983.98,86.06,0.0,5270.44,263.52
ORD-2024-12664,P0540,WH_BLR_S,6,2376.3,196.08,25.82,0.0,2598.2,433.03
ORD-2024-12665,P0432,WH_DELHI_N,43,32843.829999999994,729.49,185.03,0.0,33758.35,785.08
ORD-2024-12666,P0524,WH_NAGPUR_C,49,7317.66,1027.98,210.85,0.0,8556.49,174.62
ORD-2024-12667,P0709,WH_BLR_S,9,4349.07,712.8,38.73,0.0,5100.6,566.73
ORD-2024-12668,P0491,WH_MUMBAI_W,37,2114.18,154.98,159.21,0.0,2428.37,65.63
ORD-2024-12669,P0909,WH_MUMBAI_W,37,12238.859999999999,1471.5,159.21,0.0,13869.57,374.85
ORD-2024-12670,P0230,WH_BLR_S,16,5609.92,1424.72,68.85,0.0,7103.49,443.97
ORD-2024-12671,P0080,WH_BLR_S,4,1170.32,1523.59,17.21,0.0,2711.12,677.78
ORD-2024-12672,P0430,WH_KOLKATA_E,32,17782.72,1229.76,137.69,0.0,19150.17,598.44
ORD-2024-12673,P0524,WH_KOLKATA_E,20,2986.8,1484.68,86.06,0.0,4557.54,227.88
ORD-2024-12674,P0521,WH_DELHI_N,29,16815.07,1467.35,124.79,0.0,18407.21,634.73
ORD-2024-12675,P0517,WH_DELHI_N,31,9237.69,1007.66,133.39,0.0,10378.74,334.8
ORD-2024-12676,P0160,WH_DELHI_N,45,35968.95,892.77,193.63,0.0,37055.35,823.45
ORD-2024-12677,P0927,WH_BLR_S,17,1596.13,1002.05,73.15,0.0,2671.33,157.14
ORD-2024-12678,P0791,WH_DELHI_N,41,13961.73,534.26,176.42,0.0,14672.41,357.86
ORD-2024-12679,P0391,WH_MUMBAI_W,25,19771.5,311.3,107.57,0.0,20190.37,807.61
ORD-2024-12680,P0430,WH_NAGPUR_C,45,25006.95,1399.94,193.63,0.0,26600.52,591.12
ORD-2024-12681,P0261,WH_MUMBAI_W,16,7041.44,858.96,68.85,0.0,7969.25,498.08
ORD-2024-12682,P0981,WH_BLR_S,20,1266.4,235.78,86.06,0.0,1588.24,79.41
ORD-2024-12683,P0267,WH_BLR_S,42,8998.5,1538.26,180.72,0.0,10717.48,255.18
ORD-2024-12684,P0598,WH_NAGPUR_C,10,2174.1,1409.59,43.03,0.0,3626.72,362.67
ORD-2024-12685,P0422,WH_DELHI_N,48,20582.4,1023.49,206.54,0.0,21812.43,454.43
ORD-2024-12686,P0105,WH_BLR_S,23,15656.560000000001,1567.09,98.97,0.0,17322.62,753.16
ORD-2024-12687,P0918,WH_KOLKATA_E,33,14329.59,1292.08,142.0,0.0,15763.67,477.69
ORD-2024-12688,P0641,WH_KOLKATA_E,43,22768.5,167.65,185.03,0.0,23121.18,537.7
ORD-2024-12689,P0952,WH_NAGPUR_C,13,6475.17,1266.37,55.94,0.0,7797.48,599.81
ORD-2024-12690,P0205,WH_NAGPUR_C,25,13866.999999999998,308.51,107.57,0.0,14283.08,571.32
ORD-2024-12691,P0470,WH_NAGPUR_C,37,26473.5,1179.29,159.21,0.0,27812.0,751.68
ORD-2024-12692,P0479,WH_BLR_S,36,25043.04,504.05,154.91,0.0,25702.0,713.94
ORD-2024-12693,P0907,WH_DELHI_N,24,3697.44,644.6,103.27,0.0,4445.31,185.22
ORD-2024-12694,P0836,WH_NAGPUR_C,6,2288.1000000000004,1341.37,25.82,0.0,3655.29,609.22
ORD-2024-12695,P0796,WH_DELHI_N,15,8512.949999999999,325.09,64.54,0.0,8902.58,593.51
ORD-2024-12696,P0904,WH_MUMBAI_W,34,7532.36,1496.48,146.3,0.0,9175.14,269.86
ORD-2024-12697,P0135,WH_NAGPUR_C,4,2439.4,254.41,17.21,0.0,2711.02,677.76
ORD-2024-12698,P0975,WH_DELHI_N,14,587.7199999999999,187.48,60.24,0.0,835.44,59.67
ORD-2024-12699,P0975,WH_MUMBAI_W,4,167.92,200.21,17.21,0.0,385.34,96.34
ORD-2024-12700,P0583,WH_NAGPUR_C,28,11455.36,1324.62,120.48,0.0,12900.46,460.73
ORD-2024-12701,P0139,WH_NAGPUR_C,29,17347.800000000003,860.94,124.79,0.0,18333.53,632.19
ORD-2024-12702,P0596,WH_BLR_S,18,4292.82,894.89,77.45,0.0,5265.16,292.51
ORD-2024-12703,P0568,WH_BLR_S,20,15129.2,1357.86,86.06,0.0,16573.12,828.66
ORD-2024-12704,P0583,WH_BLR_S,48,19637.760000000002,818.14,206.54,0.0,20662.44,430.47
ORD-2024-12705,P0476,WH_KOLKATA_E,41,21856.280000000002,1570.29,176.42,0.0,23602.99,575.68
ORD-2024-12706,P0511,WH_NAGPUR_C,32,19603.84,95.6674,137.69,0.0,19837.2,619.91
ORD-2024-12707,P0511,WH_NAGPUR_C,8,4900.96,419.14,34.42,0.0,5354.52,669.32
ORD-2024-12708,P0719,WH_BLR_S,43,10074.47,1195.84,185.03,0.0,11455.34,266.4
ORD-2024-12709,P0476,WH_KOLKATA_E,46,24521.68,1439.02,197.94,0.0,26158.64,568.67
ORD-2024-12710,P0834,WH_MUMBAI_W,49,31309.530000000002,1255.99,210.85,0.0,32776.37,668.91
ORD-2024-12711,P0267,WH_MUMBAI_W,13,2785.25,573.88,55.94,0.0,3415.07,262.7
ORD-2024-12712,P0449,WH_DELHI_N,40,12506.0,1306.89,172.12,0.0,13985.01,349.63
ORD-2024-12713,P0893,WH_NAGPUR_C,46,26204.359999999997,471.2,197.94,0.0,26873.5,584.21
ORD-2024-12714,P0709,WH_NAGPUR_C,43,20778.89,909.62,185.03,0.0,21873.54,508.69
ORD-2024-12715,P0581,WH_MUMBAI_W,9,348.12,1335.61,38.73,0.0,1722.46,191.38
ORD-2024-12716,P0836,WH_KOLKATA_E,40,15254.0,691.64,172.12,0.0,16117.76,402.94
ORD-2024-12717,P0962,WH_MUMBAI_W,46,5592.68,1429.48,197.94,0.0,7220.1,156.96
ORD-2024-12718,P0161,WH_DELHI_N,47,13463.619999999999,932.68,202.24,0.0,14598.54,310.61
ORD-2024-12719,P0247,WH_BLR_S,33,1259.6100000000001,1372.17,142.0,0.0,2773.78,84.05
ORD-2024-12720,P0633,WH_NAGPUR_C,12,5853.24,481.07,51.64,0.0,6385.95,532.16
ORD-2024-12721,P0276,WH_BLR_S,37,24385.219999999998,1097.73,159.21,0.0,25642.16,693.03
ORD-2024-12722,P0674,WH_MUMBAI_W,25,6275.5,1044.41,107.57,0.0,7427.48,297.1
ORD-2024-12723,P0070,WH_KOLKATA_E,46,24429.22,802.63,197.94,0.0,25429.79,552.82
ORD-2024-12724,P0430,WH_MUMBAI_W,25,13892.75,816.72,107.57,0.0,14817.04,592.68
ORD-2024-12725,P0581,WH_NAGPUR_C,16,618.88,1424.05,68.85,0.0,2111.78,131.99
ORD-2024-12726,P0952,WH_KOLKATA_E,16,7969.44,450.79,68.85,0.0,8489.08,530.57
ORD-2024-12727,P0790,WH_BLR_S,39,16865.94,292.62,167.82,0.0,17326.38,444.27
ORD-2024-12728,P0952,WH_MUMBAI_W,35,17433.149999999998,919.36,150.6,0.0,18503.11,528.66
ORD-2024-12729,P0083,WH_BLR_S,23,12509.24,1467.46,98.97,0.0,14075.67,611.99
ORD-2024-12730,P0666,WH_BLR_S,8,5006.24,1632.7206,34.42,0.0,6673.38,834.17
ORD-2024-12731,P0892,WH_DELHI_N,46,2895.7000000000003,1413.23,197.94,0.0,4506.87,97.98
ORD-2024-12732,P0368,WH_KOLKATA_E,3,2456.37,1296.98,12.91,0.0,3766.26,1255.42
ORD-2024-12733,P0674,WH_MUMBAI_W,24,6024.4800000000005,312.99,103.27,0.0,6440.74,268.36
ORD-2024-12734,P0429,WH_BLR_S,43,30792.73,998.5,185.03,0.0,31976.26,743.63
ORD-2024-12735,P0700,WH_MUMBAI_W,22,18076.3,1103.12,94.67,0.0,19274.09,876.1
ORD-2024-12736,P0801,WH_KOLKATA_E,14,8258.6,768.67,60.24,0.0,9087.51,649.11
ORD-2024-12737,P0011,WH_BLR_S,22,9384.32,1396.54,94.67,0.0,10875.53,494.34
ORD-2024-12738,P0088,WH_DELHI_N,34,6931.58,1632.7206,146.3,0.0,8710.6,256.19
ORD-2024-12739,P0909,WH_NAGPUR_C,36,11908.079999999998,1472.09,154.91,0.0,13535.08,375.97
ORD-2024-12740,P0719,WH_NAGPUR_C,31,7262.99,95.6674,133.39,0.0,7492.05,241.68
ORD-2024-12741,P0131,WH_KOLKATA_E,21,1625.4,158.94,90.36,0.0,1874.7,89.27
ORD-2024-12742,P0637,WH_BLR_S,5,1849.05,215.74,21.51,0.0,2086.3,417.26
ORD-2024-12743,P0709,WH_KOLKATA_E,19,9181.37,556.66,81.76,0.0,9819.79,516.83
ORD-2024-12744,P0952,WH_KOLKATA_E,42,20919.78,1298.77,180.72,0.0,22399.27,533.32
ORD-2024-12745,P0511,WH_BLR_S,21,12865.02,1015.18,90.36,0.0,13970.56,665.26
ORD-2024-12746,P0070,WH_MUMBAI_W,2,1062.14,814.2,8.61,0.0,1884.95,942.48
ORD-2024-12747,P0592,WH_BLR_S,3,1901.28,1245.52,12.91,0.0,3159.71,1053.24
ORD-2024-12748,P0294,WH_DELHI_N,47,1781.3,509.37,202.24,0.0,2492.91,53.04
ORD-2024-12749,P0965,WH_DELHI_N,30,7399.5,1582.81,129.09,0.0,9111.4,303.71
ORD-2024-12750,P0372,WH_BLR_S,34,22190.1,432.18,146.3,0.0,22768.58,669.66
ORD-2024-12751,P0511,WH_NAGPUR_C,25,15315.5,638.69,107.57,0.0,16061.76,642.47
ORD-2024-12752,P0780,WH_BLR_S,35,22359.4,1325.59,150.6,0.0,23835.59,681.02
ORD-2024-12753,P0011,WH_NAGPUR_C,29,12370.24,1222.47,124.79,0.0,13717.5,473.02
ORD-2024-12754,P0712,WH_DELHI_N,12,3069.6000000000004,371.07,51.64,0.0,3492.31,291.03
ORD-2024-12755,P0708,WH_NAGPUR_C,23,4798.49,164.37,98.97,0.0,5061.83,220.08
ORD-2024-12756,P0834,WH_NAGPUR_C,28,17891.16,1123.97,120.48,0.0,19135.61,683.41
ORD-2024-12757,P0363,WH_DELHI_N,46,31649.379999999997,1190.35,197.94,0.0,33037.67,718.21
ORD-2024-12758,P0027,WH_KOLKATA_E,17,8810.59,1470.08,73.15,0.0,10353.82,609.05
ORD-2024-12759,P0363,WH_MUMBAI_W,16,11008.48,95.6674,68.85,0.0,11173.0,698.31
ORD-2024-12760,P0335,WH_KOLKATA_E,49,41266.329999999994,1421.63,210.85,0.0,42898.81,875.49
ORD-2024-12761,P0084,WH_NAGPUR_C,9,7372.62,559.6,38.73,0.0,7970.95,885.66
ORD-2024-12762,P0254,WH_DELHI_N,3,167.43,565.68,12.91,0.0,746.02,248.67
ORD-2024-12763,P0913,WH_KOLKATA_E,22,14290.980000000001,1097.16,94.67,0.0,15482.81,703.76
ORD-2024-12764,P0596,WH_KOLKATA_E,31,7393.1900000000005,1294.94,133.39,0.0,8821.52,284.57
ORD-2024-12765,P0892,WH_MUMBAI_W,14,881.3000000000001,681.64,60.24,0.0,1623.18,115.94
ORD-2024-12766,P0918,WH_BLR_S,3,1302.69,95.6674,12.91,0.0,1411.27,470.42
ORD-2024-12767,P0356,WH_KOLKATA_E,38,31147.079999999998,1056.85,163.51,0.0,32367.44,851.77
ORD-2024-12768,P0915,WH_DELHI_N,23,15772.939999999999,938.22,98.97,0.0,16810.13,730.88
ORD-2024-12769,P0430,WH_DELHI_N,21,11669.91,1632.7206,90.36,0.0,13392.99,637.76
ORD-2024-12770,P0524,WH_KOLKATA_E,24,3584.16,865.63,103.27,0.0,4553.06,189.71
ORD-2024-12771,P0021,WH_MUMBAI_W,32,7912.64,1134.63,137.69,0.0,9184.96,287.03
ORD-2024-12772,P0852,WH_MUMBAI_W,45,29758.499999999996,1412.82,193.63,0.0,31364.95,697.0
ORD-2024-12773,P0135,WH_NAGPUR_C,5,3049.25,481.71,21.51,0.0,3552.47,710.49
ORD-2024-12774,P0791,WH_DELHI_N,33,11237.49,208.08,142.0,0.0,11587.57,351.14
ORD-2024-12775,P0666,WH_KOLKATA_E,44,27534.32,1244.01,189.33,0.0,28967.66,658.36
ORD-2024-12776,P0131,WH_DELHI_N,47,3637.8,1072.47,202.24,0.0,4912.51,104.52
ORD-2024-12777,P0027,WH_BLR_S,19,9847.13,1402.64,81.76,0.0,11331.53,596.4
ORD-2024-12778,P0222,WH_MUMBAI_W,34,6427.36,482.72,146.3,0.0,7056.38,207.54
ORD-2024-12779,P0372,WH_KOLKATA_E,3,1957.9499999999998,662.56,12.91,0.0,2633.42,877.81
ORD-2024-12780,P0005,WH_BLR_S,39,13840.71,119.77,167.82,0.0,14128.3,362.26
ORD-2024-12781,P0824,WH_DELHI_N,28,23105.039999999997,1179.58,120.48,0.0,24405.1,871.61
ORD-2024-12782,P0992,WH_DELHI_N,11,5628.8099999999995,345.03,47.33,0.0,6021.17,547.38
ORD-2024-12783,P0748,WH_KOLKATA_E,10,1802.0,952.54,43.03,0.0,2797.57,279.76
ORD-2024-12784,P0790,WH_NAGPUR_C,40,17298.399999999998,844.1,172.12,0.0,18314.62,457.87
ORD-2024-12785,P0876,WH_BLR_S,2,883.66,742.05,8.61,0.0,1634.32,817.16
ORD-2024-12786,P0131,WH_DELHI_N,46,3560.4,188.07,197.94,0.0,3946.41,85.79
ORD-2024-12787,P0188,WH_BLR_S,45,36039.6,991.84,193.63,0.0,37225.07,827.22
ORD-2024-12788,P0711,WH_MUMBAI_W,39,29401.32,915.84,167.82,0.0,30484.98,781.67
ORD-2024-12789,P0088,WH_BLR_S,27,5504.49,491.76,116.18,0.0,6112.43,226.39
ORD-2024-12790,P0150,WH_NAGPUR_C,9,2020.77,1158.94,38.73,0.0,3218.44,357.6
ORD-2024-12791,P0909,WH_DELHI_N,39,12900.419999999998,1632.7206,167.82,0.0,14700.96,376.95
ORD-2024-12792,P0220,WH_BLR_S,1,598.71,1434.51,4.3,0.0,2037.52,2037.52
ORD-2024-12793,P0038,WH_BLR_S,33,13091.1,1531.7,142.0,0.0,14764.8,447.42
ORD-2024-12794,P0188,WH_KOLKATA_E,38,30433.44,1326.3,163.51,0.0,31923.25,840.09
ORD-2024-12795,P0568,WH_BLR_S,33,24963.18,1242.59,142.0,0.0,26347.77,798.42
ORD-2024-12796,P0005,WH_KOLKATA_E,48,17034.72,1148.1,206.54,0.0,18389.36,383.11
ORD-2024-12797,P0822,WH_BLR_S,3,1276.8899999999999,661.84,12.91,0.0,1951.64,650.55
ORD-2024-12798,P0992,WH_BLR_S,32,16374.72,400.29,137.69,0.0,16912.7,528.52
ORD-2024-12799,P0188,WH_MUMBAI_W,13,10411.44,1257.09,55.94,0.0,11724.47,901.88
ORD-2024-12800,P0080,WH_BLR_S,21,6144.179999999999,1035.06,90.36,0.0,7269.6,346.17
ORD-2024-12801,P0915,WH_NAGPUR_C,4,2743.12,1365.64,17.21,0.0,4125.97,1031.49
ORD-2024-12802,P0759,WH_NAGPUR_C,17,9364.96,1562.63,73.15,0.0,11000.74,647.1
ORD-2024-12803,P0347,WH_BLR_S,42,34812.96,691.62,180.72,0.0,35685.3,849.65
ORD-2024-12804,P0565,WH_BLR_S,4,474.44,1503.07,17.21,0.0,1994.72,498.68
ORD-2024-12805,P0565,WH_NAGPUR_C,20,2372.2,146.52,86.06,0.0,2604.78,130.24
ORD-2024-12806,P0596,WH_NAGPUR_C,12,2861.88,537.71,51.64,0.0,3451.23,287.6
ORD-2024-12807,P0674,WH_KOLKATA_E,26,6526.52,826.0,111.88,0.0,7464.4,287.09
ORD-2024-12808,P0202,WH_KOLKATA_E,45,12979.35,1610.18,193.63,0.0,14783.16,328.51
ORD-2024-12809,P0027,WH_BLR_S,36,18657.72,1501.42,154.91,0.0,20314.05,564.28
ORD-2024-12810,P0666,WH_MUMBAI_W,16,10012.48,935.81,68.85,0.0,11017.14,688.57
ORD-2024-12811,P0598,WH_NAGPUR_C,7,1521.87,1062.15,30.12,0.0,2614.14,373.45
ORD-2024-12812,P0763,WH_KOLKATA_E,33,27220.71,742.48,142.0,0.0,28105.19,851.67
ORD-2024-12813,P0637,WH_KOLKATA_E,48,17750.88,1429.79,206.54,0.0,19387.21,403.9
ORD-2024-12814,P0712,WH_KOLKATA_E,2,511.6,1456.61,8.61,0.0,1976.82,988.41
ORD-2024-12815,P0466,WH_NAGPUR_C,33,7320.72,575.04,142.0,0.0,8037.76,243.57
ORD-2024-12816,P0971,WH_KOLKATA_E,14,7923.58,308.34,60.24,0.0,8292.16,592.3
ORD-2024-12817,P0222,WH_KOLKATA_E,20,3780.7999999999997,223.7,86.06,0.0,4090.56,204.53
ORD-2024-12818,P0663,WH_KOLKATA_E,37,30303.739999999998,1591.42,159.21,0.0,32054.37,866.33
ORD-2024-12819,P0994,WH_DELHI_N,27,9066.87,1332.56,116.18,0.0,10515.61,389.47
ORD-2024-12820,P0160,WH_NAGPUR_C,47,37567.57,405.18,202.24,0.0,38174.99,812.23
ORD-2024-12821,P0160,WH_BLR_S,42,33571.02,1074.46,180.72,0.0,34826.2,829.2
ORD-2024-12822,P0821,WH_NAGPUR_C,21,10401.300000000001,754.0,90.36,0.0,11245.66,535.51
ORD-2024-12823,P0189,WH_BLR_S,2,1272.26,931.06,8.61,0.0,2211.93,1105.96
ORD-2024-12824,P0005,WH_BLR_S,43,15260.269999999999,1043.91,185.03,0.0,16489.21,383.47
ORD-2024-12825,P0231,WH_NAGPUR_C,16,9520.32,1135.86,68.85,0.0,10725.03,670.31
ORD-2024-12826,P0083,WH_DELHI_N,19,10333.72,520.88,81.76,0.0,10936.36,575.6
ORD-2024-12827,P0097,WH_MUMBAI_W,4,922.68,1528.32,17.21,0.0,2468.21,617.05
ORD-2024-12828,P0056,WH_NAGPUR_C,10,6810.299999999999,1367.6,43.03,0.0,8220.93,822.09
ORD-2024-12829,P0780,WH_BLR_S,22,14054.480000000001,165.89,94.67,0.0,14315.04,650.68
ORD-2024-12830,P0297,WH_BLR_S,12,5337.24,1205.96,51.64,0.0,6594.84,549.57
ORD-2024-12831,P0487,WH_BLR_S,2,88.4,979.13,8.61,0.0,1076.14,538.07
ORD-2024-12832,P0198,WH_NAGPUR_C,2,1434.24,944.35,8.61,0.0,2387.2,1193.6
ORD-2024-12833,P0714,WH_BLR_S,41,2972.0899999999997,295.25,176.42,0.0,3443.76,83.99
ORD-2024-12834,P0205,WH_DELHI_N,44,24405.92,876.43,189.33,0.0,25471.68,578.9
ORD-2024-12835,P0064,WH_KOLKATA_E,34,8556.1,1336.84,146.3,0.0,10039.24,295.27
ORD-2024-12836,P0267,WH_DELHI_N,18,3856.5,95.6674,77.45,0.0,4029.62,223.87
ORD-2024-12837,P0022,WH_KOLKATA_E,16,9266.4,639.22,68.85,0.0,9974.47,623.4
ORD-2024-12838,P0545,WH_DELHI_N,19,5541.16,1074.82,81.76,0.0,6697.74,352.51
ORD-2024-12839,P0914,WH_BLR_S,47,18210.149999999998,264.98,202.24,0.0,18677.37,397.39
ORD-2024-12840,P0261,WH_DELHI_N,25,11002.25,1612.57,107.57,0.0,12722.39,508.9
ORD-2024-12841,P0608,WH_DELHI_N,30,25058.699999999997,1103.51,129.09,0.0,26291.3,876.38
ORD-2024-12842,P0266,WH_MUMBAI_W,48,10080.960000000001,1172.21,206.54,0.0,11459.71,238.74
ORD-2024-12843,P0254,WH_NAGPUR_C,6,334.86,779.87,25.82,0.0,1140.55,190.09
ORD-2024-12844,P0356,WH_BLR_S,27,22130.82,182.83,116.18,0.0,22429.83,830.73
ORD-2024-12845,P0213,WH_DELHI_N,15,6458.7,1485.52,64.54,0.0,8008.76,533.92
ORD-2024-12846,P0837,WH_NAGPUR_C,31,20156.82,203.08,133.39,0.0,20493.29,661.07
ORD-2024-12847,P0479,WH_KOLKATA_E,44,30608.16,1193.22,189.33,0.0,31990.71,727.06
ORD-2024-12848,P0465,WH_BLR_S,22,13046.22,498.89,94.67,0.0,13639.78,619.99
ORD-2024-12849,P0791,WH_MUMBAI_W,12,4086.3599999999997,1189.28,51.64,0.0,5327.28,443.94
ORD-2024-12850,P0952,WH_MUMBAI_W,10,4980.9,881.26,43.03,0.0,5905.19,590.52
ORD-2024-12851,P0719,WH_MUMBAI_W,21,4920.09,763.95,90.36,0.0,5774.4,274.97
ORD-2024-12852,P0371,WH_MUMBAI_W,47,8055.329999999999,1610.53,202.24,0.0,9868.1,209.96
ORD-2024-12853,P0553,WH_DELHI_N,31,8305.52,1581.35,133.39,0.0,10020.26,323.23
ORD-2024-12854,P0857,WH_BLR_S,36,18626.399999999998,152.41,154.91,0.0,18933.72,525.94
ORD-2024-12855,P0716,WH_MUMBAI_W,10,3711.7000000000003,1405.17,43.03,0.0,5159.9,515.99
ORD-2024-12856,P0700,WH_NAGPUR_C,19,15611.35,148.5,81.76,0.0,15841.61,833.77
ORD-2024-12857,P0801,WH_MUMBAI_W,23,13567.699999999999,905.36,98.97,0.0,14572.03,633.57
ORD-2024-12858,P0909,WH_BLR_S,46,15215.88,1274.37,197.94,0.0,16688.19,362.79
ORD-2024-12859,P0651,WH_NAGPUR_C,10,2346.9,523.44,43.03,0.0,2913.37,291.34
ORD-2024-12860,P0904,WH_KOLKATA_E,49,10855.46,1182.07,210.85,0.0,12248.38,249.97
ORD-2024-12861,P0404,WH_DELHI_N,27,16927.109999999997,984.55,116.18,0.0,18027.84,667.7
ORD-2024-12862,P0404,WH_BLR_S,43,26957.989999999998,830.98,185.03,0.0,27974.0,650.56
ORD-2024-12863,P0476,WH_NAGPUR_C,2,1066.16,1401.62,8.61,0.0,2476.39,1238.2
ORD-2024-12864,P0981,WH_KOLKATA_E,11,696.52,1058.75,47.33,0.0,1802.6,163.87
ORD-2024-12865,P0791,WH_KOLKATA_E,8,2724.24,1329.17,34.42,0.0,4087.83,510.98
ORD-2024-12866,P0030,WH_DELHI_N,19,7374.47,245.31,81.76,0.0,7701.54,405.34
ORD-2024-12867,P0596,WH_MUMBAI_W,16,3815.84,556.69,68.85,0.0,4441.38,277.59
ORD-2024-12868,P0102,WH_BLR_S,4,373.56,948.29,17.21,0.0,1339.06,334.76
ORD-2024-12869,P0432,WH_DELHI_N,14,10693.34,1321.79,60.24,0.0,12075.37,862.53
ORD-2024-12870,P0070,WH_NAGPUR_C,22,11683.54,1278.33,94.67,0.0,13056.54,593.48
ORD-2024-12871,P0714,WH_KOLKATA_E,17,1232.33,817.11,73.15,0.0,2122.59,124.86
ORD-2024-12872,P0364,WH_NAGPUR_C,43,35961.76,1237.58,185.03,0.0,37384.37,869.4
ORD-2024-12873,P0266,WH_MUMBAI_W,26,5460.52,1391.86,111.88,0.0,6964.26,267.86
ORD-2024-12874,P0476,WH_NAGPUR_C,35,18657.800000000003,1109.08,150.6,0.0,19917.48,569.07
ORD-2024-12875,P0465,WH_KOLKATA_E,36,21348.36,367.4,154.91,0.0,21870.67,607.52
ORD-2024-12876,P0530,WH_MUMBAI_W,45,2803.9500000000003,1065.47,193.63,0.0,4063.05,90.29
ORD-2024-12877,P0755,WH_NAGPUR_C,49,29774.85,632.35,210.85,0.0,30618.05,624.86
ORD-2024-12878,P0220,WH_MUMBAI_W,30,17961.300000000003,625.83,129.09,0.0,18716.22,623.87
ORD-2024-12879,P0404,WH_MUMBAI_W,21,13165.529999999999,1555.36,90.36,0.0,14811.25,705.3
ORD-2024-12880,P0347,WH_NAGPUR_C,20,16577.6,1544.27,86.06,0.0,18207.93,910.4
ORD-2024-12881,P0280,WH_BLR_S,42,22795.08,1300.19,180.72,0.0,24275.99,578.0
ORD-2024-12882,P0084,WH_KOLKATA_E,26,21298.68,520.66,111.88,0.0,21931.22,843.51
ORD-2024-12883,P0892,WH_MUMBAI_W,12,755.4000000000001,615.13,51.64,0.0,1422.17,118.51
ORD-2024-12884,P0952,WH_NAGPUR_C,8,3984.72,223.57,34.42,0.0,4242.71,530.34
ORD-2024-12885,P0213,WH_MUMBAI_W,35,15070.3,227.52,150.6,0.0,15448.42,441.38
ORD-2024-12886,P0404,WH_KOLKATA_E,29,18180.969999999998,310.8,124.79,0.0,18616.56,641.95
ORD-2024-12887,P0837,WH_MUMBAI_W,42,27309.24,1020.14,180.72,0.0,28510.1,678.81
ORD-2024-12888,P0125,WH_KOLKATA_E,7,1347.71,511.57,30.12,0.0,1889.4,269.91
ORD-2024-12889,P0159,WH_KOLKATA_E,10,3966.6000000000004,186.54,43.03,0.0,4196.17,419.62
ORD-2024-12890,P0867,WH_KOLKATA_E,39,30423.120000000003,1514.53,167.82,0.0,32105.47,823.22
ORD-2024-12891,P0154,WH_MUMBAI_W,20,7515.0,1246.39,86.06,0.0,8847.45,442.37
ORD-2024-12892,P0952,WH_DELHI_N,28,13946.519999999999,1104.23,120.48,0.0,15171.23,541.83
ORD-2024-12893,P0335,WH_NAGPUR_C,14,11790.38,895.59,60.24,0.0,12746.21,910.44
ORD-2024-12894,P0952,WH_DELHI_N,12,5977.08,1579.78,51.64,0.0,7608.5,634.04
ORD-2024-12895,P0261,WH_MUMBAI_W,8,3520.72,1158.23,34.42,0.0,4713.37,589.17
ORD-2024-12896,P0487,WH_NAGPUR_C,7,309.40000000000003,205.25,30.12,0.0,544.77,77.82
ORD-2024-12897,P0634,WH_BLR_S,5,3675.5,929.47,21.51,0.0,4626.48,925.3
ORD-2024-12898,P0198,WH_KOLKATA_E,1,717.12,820.7,4.3,0.0,1542.12,1542.12
ORD-2024-12899,P0971,WH_KOLKATA_E,47,26600.59,1628.22,202.24,0.0,28431.05,604.92
ORD-2024-12900,P0521,WH_DELHI_N,9,5218.47,869.0,38.73,0.0,6126.2,680.69
ORD-2024-12901,P0276,WH_MUMBAI_W,44,28998.64,1301.5,189.33,0.0,30489.47,692.94
ORD-2024-12902,P0069,WH_NAGPUR_C,18,1811.8799999999999,1329.16,77.45,0.0,3218.49,178.8
ORD-2024-12903,P0391,WH_NAGPUR_C,43,34006.98,160.92,185.03,0.0,34352.93,798.91
ORD-2024-12904,P0530,WH_NAGPUR_C,42,2617.02,1631.67,180.72,0.0,4429.41,105.46
ORD-2024-12905,P0161,WH_KOLKATA_E,10,2864.6,946.9,43.03,0.0,3854.53,385.45
ORD-2024-12906,P0852,WH_MUMBAI_W,1,661.3,1309.16,4.3,0.0,1974.76,1974.76
ORD-2024-12907,P0700,WH_BLR_S,20,16433.0,1183.06,86.06,0.0,17702.12,885.11
ORD-2024-12908,P0857,WH_BLR_S,43,22248.2,724.33,185.03,0.0,23157.56,538.55
ORD-2024-12909,P0852,WH_NAGPUR_C,29,19177.699999999997,610.14,124.79,0.0,19912.63,686.64
ORD-2024-12910,P0712,WH_BLR_S,2,511.6,391.47,8.61,0.0,911.68,455.84
ORD-2024-12911,P0688,WH_MUMBAI_W,26,4912.44,1300.15,111.88,0.0,6324.47,243.25
ORD-2024-12912,P0193,WH_NAGPUR_C,11,3939.76,349.07,47.33,0.0,4336.16,394.2
ORD-2024-12913,P0651,WH_MUMBAI_W,25,5867.25,508.47,107.57,0.0,6483.29,259.33
ORD-2024-12914,P0521,WH_DELHI_N,34,19714.22,921.86,146.3,0.0,20782.38,611.25
ORD-2024-12915,P0711,WH_NAGPUR_C,41,30909.079999999998,517.56,176.42,0.0,31603.06,770.81
ORD-2024-12916,P0589,WH_BLR_S,1,287.35,846.26,4.3,0.0,1137.91,1137.91
ORD-2024-12917,P0530,WH_NAGPUR_C,31,1931.6100000000001,641.51,133.39,0.0,2706.51,87.31
ORD-2024-12918,P0627,WH_DELHI_N,38,32079.600000000002,652.43,163.51,0.0,32895.54,865.67
ORD-2024-12919,P0332,WH_BLR_S,22,13998.599999999999,1203.7,94.67,0.0,15296.97,695.32
ORD-2024-12920,P0560,WH_MUMBAI_W,2,72.56,424.89,8.61,0.0,506.06,253.03
ORD-2024-12921,P0135,WH_DELHI_N,47,28662.95,337.95,202.24,0.0,29203.14,621.34
ORD-2024-12922,P0584,WH_BLR_S,1,480.06,311.3,4.3,0.0,795.66,795.66
ORD-2024-12923,P0300,WH_NAGPUR_C,24,9693.119999999999,431.96,103.27,0.0,10228.35,426.18
ORD-2024-12924,P0709,WH_NAGPUR_C,36,17396.28,206.83,154.91,0.0,17758.02,493.28
ORD-2024-12925,P0716,WH_KOLKATA_E,45,16702.65,1111.04,193.63,0.0,18007.32,400.16
ORD-2024-12926,P0533,WH_NAGPUR_C,36,6390.0,940.8,154.91,0.0,7485.71,207.94
ORD-2024-12927,P0672,WH_MUMBAI_W,47,11696.42,227.02,202.24,0.0,12125.68,257.99
ORD-2024-12928,P0708,WH_NAGPUR_C,34,7093.42,817.43,146.3,0.0,8057.15,236.98
ORD-2024-12929,P0062,WH_KOLKATA_E,9,1085.31,1307.08,38.73,0.0,2431.12,270.12
ORD-2024-12930,P0125,WH_BLR_S,12,2310.36,934.78,51.64,0.0,3296.78,274.73
ORD-2024-12931,P0754,WH_NAGPUR_C,46,33104.82,1575.12,197.94,0.0,34877.88,758.21
ORD-2024-12932,P0056,WH_KOLKATA_E,20,13620.599999999999,339.27,86.06,0.0,14045.93,702.3
ORD-2024-12933,P0342,WH_KOLKATA_E,4,565.04,1029.48,17.21,0.0,1611.73,402.93
ORD-2024-12934,P0079,WH_MUMBAI_W,15,703.05,983.15,64.54,0.0,1750.74,116.72
ORD-2024-12935,P0056,WH_NAGPUR_C,4,2724.12,988.93,17.21,0.0,3730.26,932.56
ORD-2024-12936,P0487,WH_NAGPUR_C,5,221.0,899.18,21.51,0.0,1141.69,228.34
ORD-2024-12937,P0103,WH_BLR_S,10,1298.1999999999998,961.42,43.03,0.0,2302.65,230.26
ORD-2024-12938,P0994,WH_BLR_S,44,14775.64,1446.02,189.33,0.0,16410.99,372.98
ORD-2024-12939,P0904,WH_NAGPUR_C,44,9747.76,614.39,189.33,0.0,10551.48,239.81
ORD-2024-12940,P0554,WH_BLR_S,40,29258.800000000003,1099.12,172.12,0.0,30530.04,763.25
ORD-2024-12941,P0915,WH_MUMBAI_W,36,24688.079999999998,435.84,154.91,0.0,25278.83,702.19
ORD-2024-12942,P0754,WH_MUMBAI_W,35,25188.449999999997,650.06,150.6,0.0,25989.11,742.55
ORD-2024-12943,P0160,WH_KOLKATA_E,1,799.31,911.19,4.3,0.0,1714.8,1714.8
ORD-2024-12944,P0300,WH_MUMBAI_W,18,7269.84,1073.68,77.45,0.0,8420.97,467.83
ORD-2024-12945,P0038,WH_MUMBAI_W,31,12297.699999999999,1592.78,133.39,0.0,14023.87,452.38
ORD-2024-12946,P0988,WH_DELHI_N,46,37627.08,1214.99,197.94,0.0,39040.01,848.7
ORD-2024-12947,P0198,WH_DELHI_N,49,35138.88,1208.71,210.85,0.0,36558.44,746.09
ORD-2024-12948,P0231,WH_KOLKATA_E,6,3570.12,756.21,25.82,0.0,4352.15,725.36
ORD-2024-12949,P0103,WH_NAGPUR_C,6,778.92,497.33,25.82,0.0,1302.07,217.01
ORD-2024-12950,P0279,WH_BLR_S,42,29094.24,1296.7,180.72,0.0,30571.66,727.9
ORD-2024-12951,P0791,WH_KOLKATA_E,19,6470.07,610.57,81.76,0.0,7162.4,376.97
ORD-2024-12952,P0952,WH_KOLKATA_E,32,15938.88,1403.16,137.69,0.0,17479.73,546.24
ORD-2024-12953,P0079,WH_MUMBAI_W,42,1968.54,1360.16,180.72,0.0,3509.42,83.56
ORD-2024-12954,P0634,WH_DELHI_N,30,22053.0,241.17,129.09,0.0,22423.26,747.44
ORD-2024-12955,P0962,WH_MUMBAI_W,26,3161.08,178.98,111.88,0.0,3451.94,132.77
ORD-2024-12956,P0620,WH_MUMBAI_W,3,355.86,841.08,12.91,0.0,1209.85,403.28
ORD-2024-12957,P0356,WH_BLR_S,33,27048.78,452.33,142.0,0.0,27643.11,837.67
ORD-2024-12958,P0780,WH_DELHI_N,31,19804.04,460.74,133.39,0.0,20398.17,658.01
ORD-2024-12959,P0700,WH_MUMBAI_W,47,38617.549999999996,764.51,202.24,0.0,39584.3,842.22
ORD-2024-12960,P0918,WH_DELHI_N,20,8684.6,1408.14,86.06,0.0,10178.8,508.94
ORD-2024-12961,P0719,WH_BLR_S,4,937.16,388.95,17.21,0.0,1343.32,335.83
ORD-2024-12962,P0276,WH_KOLKATA_E,32,21089.92,1581.94,137.69,0.0,22809.55,712.8
ORD-2024-12963,P0673,WH_DELHI_N,18,8948.52,1098.0,77.45,0.0,10123.97,562.44
ORD-2024-12964,P0666,WH_DELHI_N,10,6257.799999999999,1245.65,43.03,0.0,7546.48,754.65
ORD-2024-12965,P0998,WH_MUMBAI_W,22,1484.34,349.01,94.67,0.0,1928.02,87.64
ORD-2024-12966,P0159,WH_MUMBAI_W,17,6743.22,392.86,73.15,0.0,7209.23,424.07
ORD-2024-12967,P0247,WH_NAGPUR_C,42,1603.14,604.68,180.72,0.0,2388.54,56.87
ORD-2024-12968,P0408,WH_KOLKATA_E,4,678.6,1388.94,17.21,0.0,2084.75,521.19
ORD-2024-12969,P0927,WH_DELHI_N,37,3473.93,1347.97,159.21,0.0,4981.11,134.62
ORD-2024-12970,P0801,WH_KOLKATA_E,7,4129.3,482.12,30.12,0.0,4641.54,663.08
ORD-2024-12971,P0408,WH_DELHI_N,8,1357.2,726.56,34.42,0.0,2118.18,264.77
ORD-2024-12972,P0540,WH_DELHI_N,1,396.05,926.01,4.3,0.0,1326.36,1326.36
ORD-2024-12973,P0337,WH_BLR_S,8,2657.04,522.6,34.42,0.0,3214.06,401.76
ORD-2024-12974,P0904,WH_DELHI_N,19,4209.26,1482.14,81.76,0.0,5773.16,303.85
ORD-2024-12975,P0357,WH_NAGPUR_C,17,8255.029999999999,1126.55,73.15,0.0,9454.73,556.16
ORD-2024-12976,P0422,WH_MUMBAI_W,41,17580.8,767.19,176.42,0.0,18524.41,451.81
ORD-2024-12977,P0568,WH_KOLKATA_E,48,36310.08,180.38,206.54,0.0,36697.0,764.52
ORD-2024-12978,P0994,WH_DELHI_N,9,3022.29,241.28,38.73,0.0,3302.3,366.92
ORD-2024-12979,P0988,WH_DELHI_N,16,13087.68,859.4,68.85,0.0,14015.93,876.0
ORD-2024-12980,P0056,WH_DELHI_N,45,30646.35,1195.94,193.63,0.0,32035.92,711.91
ORD-2024-12981,P0925,WH_MUMBAI_W,37,8888.880000000001,1010.29,159.21,0.0,10058.38,271.85
ORD-2024-12982,P0988,WH_MUMBAI_W,27,22085.46,1411.97,116.18,0.0,23613.61,874.58
ORD-2024-12983,P0540,WH_MUMBAI_W,2,792.1,1289.48,8.61,0.0,2090.19,1045.1
ORD-2024-12984,P0083,WH_DELHI_N,36,19579.68,1346.54,154.91,0.0,21081.13,585.59
ORD-2024-12985,P0218,WH_BLR_S,12,9856.08,1026.4,51.64,0.0,10934.12,911.18
ORD-2024-12986,P0143,WH_KOLKATA_E,35,22156.75,1407.53,150.6,0.0,23714.88,677.57
ORD-2024-12987,P0884,WH_KOLKATA_E,31,8814.539999999999,671.8,133.39,0.0,9619.73,310.31
ORD-2024-12988,P0998,WH_DELHI_N,19,1281.93,434.24,81.76,0.0,1797.93,94.63
ORD-2024-12989,P0583,WH_KOLKATA_E,26,10637.12,1331.92,111.88,0.0,12080.92,464.65
ORD-2024-12990,P0952,WH_BLR_S,36,17931.239999999998,460.9,154.91,0.0,18547.05,515.2
ORD-2024-12991,P0097,WH_DELHI_N,4,922.68,363.28,17.21,0.0,1303.17,325.79
ORD-2024-12992,P0280,WH_NAGPUR_C,48,26051.52,1015.69,206.54,0.0,27273.75,568.2
ORD-2024-12993,P0975,WH_DELHI_N,43,1805.1399999999999,971.07,185.03,0.0,2961.24,68.87
ORD-2024-12994,P0131,WH_MUMBAI_W,31,2399.4,192.56,133.39,0.0,2725.35,87.91
ORD-2024-12995,P0191,WH_DELHI_N,13,1192.1000000000001,1123.37,55.94,0.0,2371.41,182.42
ORD-2024-12996,P0088,WH_DELHI_N,43,8766.41,594.57,185.03,0.0,9546.01,222.0
ORD-2024-12997,P0540,WH_NAGPUR_C,39,15445.95,341.02,167.82,0.0,15954.79,409.1
ORD-2024-12998,P0596,WH_BLR_S,46,10970.54,1626.94,197.94,0.0,12795.42,278.16
ORD-2024-12999,P0837,WH_DELHI_N,4,2600.88,655.9,17.21,0.0,3273.99,818.5
ORD-2024-13000,P0228,WH_KOLKATA_E,40,10202.8,763.33,172.12,0.0,11138.25,278.46
ORD-2024-13001,P0975,WH_BLR_S,44,1847.12,342.72,189.33,0.0,2379.17,54.07
ORD-2024-13002,P0247,WH_MUMBAI_W,13,496.21000000000004,1500.51,55.94,0.0,2052.66,157.9
ORD-2024-13003,P0300,WH_KOLKATA_E,41,16559.079999999998,126.09,176.42,0.0,16861.59,411.26
ORD-2024-13004,P0796,WH_KOLKATA_E,9,5107.7699999999995,240.68,38.73,0.0,5387.18,598.58
ORD-2024-13005,P0994,WH_DELHI_N,2,671.62,715.47,8.61,0.0,1395.7,697.85
ORD-2024-13006,P0783,WH_BLR_S,35,19191.9,355.61,150.6,0.0,19698.11,562.8
ORD-2024-13007,P0988,WH_DELHI_N,12,9815.76,377.78,51.64,0.0,10245.18,853.76
ORD-2024-13008,P0892,WH_NAGPUR_C,17,1070.15,483.75,73.15,0.0,1627.05,95.71
ORD-2024-13009,P0218,WH_DELHI_N,4,3285.36,873.25,17.21,0.0,4175.82,1043.96
ORD-2024-13010,P0927,WH_NAGPUR_C,14,1314.46,1573.41,60.24,0.0,2948.11,210.58
ORD-2024-13011,P0755,WH_NAGPUR_C,21,12760.65,723.78,90.36,0.0,13574.79,646.42
ORD-2024-13012,P0011,WH_MUMBAI_W,41,17488.96,1323.36,176.42,0.0,18988.74,463.14
ORD-2024-13013,P0458,WH_NAGPUR_C,8,6526.4,1581.58,34.42,0.0,8142.4,1017.8
ORD-2024-13014,P0598,WH_NAGPUR_C,33,7174.53,1366.24,142.0,0.0,8682.77,263.11
ORD-2024-13015,P0131,WH_NAGPUR_C,45,3483.0000000000005,1340.52,193.63,0.0,5017.15,111.49
ORD-2024-13016,P0524,WH_BLR_S,28,4181.52,1338.13,120.48,0.0,5640.13,201.43
ORD-2024-13017,P0458,WH_MUMBAI_W,3,2447.3999999999996,289.24,12.91,0.0,2749.55,916.52
ORD-2024-13018,P0545,WH_BLR_S,14,4082.96,422.6,60.24,0.0,4565.8,326.13
ORD-2024-13019,P0449,WH_DELHI_N,19,5940.349999999999,483.61,81.76,0.0,6505.72,342.41
ORD-2024-13020,P0763,WH_BLR_S,6,4949.22,1068.44,25.82,0.0,6043.48,1007.25
ORD-2024-13021,P0069,WH_NAGPUR_C,36,3623.7599999999998,812.3,154.91,0.0,4590.97,127.53
ORD-2024-13022,P0565,WH_DELHI_N,20,2372.2,945.52,86.06,0.0,3403.78,170.19
ORD-2024-13023,P0759,WH_KOLKATA_E,1,550.88,1237.13,4.3,0.0,1792.31,1792.31
ORD-2024-13024,P0911,WH_DELHI_N,10,291.8,169.04,43.03,0.0,503.87,50.39
ORD-2024-13025,P0062,WH_KOLKATA_E,13,1567.67,1379.25,55.94,0.0,3002.86,230.99
ORD-2024-13026,P0666,WH_NAGPUR_C,12,7509.36,921.75,51.64,0.0,8482.75,706.9
ORD-2024-13027,P0592,WH_NAGPUR_C,11,6971.36,1090.45,47.33,0.0,8109.14,737.19
ORD-2024-13028,P0598,WH_NAGPUR_C,36,7826.76,542.46,154.91,0.0,8524.13,236.78
ORD-2024-13029,P0926,WH_NAGPUR_C,17,9231.17,433.52,73.15,0.0,9737.84,572.81
ORD-2024-13030,P0913,WH_KOLKATA_E,47,30530.730000000003,885.83,202.24,0.0,31618.8,672.74
ORD-2024-13031,P0533,WH_DELHI_N,29,5147.5,1508.84,124.79,0.0,6781.13,233.83
ORD-2024-13032,P0176,WH_MUMBAI_W,3,339.21,1208.02,12.91,0.0,1560.14,520.05
ORD-2024-13033,P0088,WH_KOLKATA_E,29,5912.2300000000005,1443.0,124.79,0.0,7480.02,257.93
ORD-2024-13034,P0821,WH_BLR_S,10,4953.0,616.38,43.03,0.0,5612.41,561.24
ORD-2024-13035,P0070,WH_MUMBAI_W,46,24429.22,1028.1,197.94,0.0,25655.26,557.72
ORD-2024-13036,P0084,WH_DELHI_N,19,15564.419999999998,930.16,81.76,0.0,16576.34,872.44
ORD-2024-13037,P0070,WH_DELHI_N,4,2124.28,161.7,17.21,0.0,2303.19,575.8
ORD-2024-13038,P0432,WH_KOLKATA_E,46,35135.259999999995,1000.68,197.94,0.0,36333.88,789.87
ORD-2024-13039,P0449,WH_DELHI_N,38,11880.699999999999,154.76,163.51,0.0,12198.97,321.03
ORD-2024-13040,P0893,WH_MUMBAI_W,12,6835.92,1329.78,51.64,0.0,8217.34,684.78
ORD-2024-13041,P0084,WH_MUMBAI_W,31,25394.579999999998,1440.27,133.39,0.0,26968.24,869.94
ORD-2024-13042,P0567,WH_MUMBAI_W,2,738.72,1341.99,8.61,0.0,2089.32,1044.66
ORD-2024-13043,P0191,WH_DELHI_N,49,4493.3,549.51,210.85,0.0,5253.66,107.22
ORD-2024-13044,P0716,WH_MUMBAI_W,1,371.17,1062.9,4.3,0.0,1438.37,1438.37
ORD-2024-13045,P0866,WH_NAGPUR_C,17,9508.78,1300.55,73.15,0.0,10882.48,640.15
ORD-2024-13046,P0410,WH_NAGPUR_C,25,12832.749999999998,1084.72,107.57,0.0,14025.04,561.0
ORD-2024-13047,P0876,WH_DELHI_N,5,2209.15,140.25,21.51,0.0,2370.91,474.18
ORD-2024-13048,P0809,WH_BLR_S,48,13388.16,884.51,206.54,0.0,14479.21,301.65
ORD-2024-13049,P0975,WH_DELHI_N,14,587.7199999999999,878.68,60.24,0.0,1526.64,109.05
ORD-2024-13050,P0202,WH_BLR_S,10,2884.3,1373.92,43.03,0.0,4301.25,430.12
ORD-2024-13051,P0567,WH_NAGPUR_C,21,7756.56,1339.48,90.36,0.0,9186.4,437.45
ORD-2024-13052,P0466,WH_DELHI_N,25,5546.0,1141.66,107.57,0.0,6795.23,271.81
ORD-2024-13053,P0809,WH_KOLKATA_E,35,9762.2,295.11,150.6,0.0,10207.91,291.65
ORD-2024-13054,P0567,WH_NAGPUR_C,3,1108.08,917.03,12.91,0.0,2038.02,679.34
ORD-2024-13055,P0266,WH_NAGPUR_C,18,3780.36,1336.28,77.45,0.0,5194.09,288.56
ORD-2024-13056,P0476,WH_KOLKATA_E,36,19190.88,281.92,154.91,0.0,19627.71,545.21
ORD-2024-13057,P0337,WH_KOLKATA_E,39,12953.07,1303.47,167.82,0.0,14424.36,369.86
ORD-2024-13058,P0583,WH_KOLKATA_E,33,13500.960000000001,208.74,142.0,0.0,13851.7,419.75
ORD-2024-13059,P0918,WH_MUMBAI_W,48,20843.04,1491.68,206.54,0.0,22541.26,469.61
ORD-2024-13060,P0673,WH_NAGPUR_C,17,8451.38,1507.77,73.15,0.0,10032.3,590.14
ORD-2024-13061,P0904,WH_KOLKATA_E,40,8861.6,1596.05,172.12,0.0,10629.77,265.74
ORD-2024-13062,P0150,WH_KOLKATA_E,6,1347.18,612.14,25.82,0.0,1985.14,330.86
ORD-2024-13063,P0662,WH_NAGPUR_C,34,24927.1,1307.94,146.3,0.0,26381.34,775.92
ORD-2024-13064,P0083,WH_BLR_S,26,14140.88,535.27,111.88,0.0,14788.03,568.77
ORD-2024-13065,P0193,WH_DELHI_N,42,15042.720000000001,289.08,180.72,0.0,15512.52,369.35
ORD-2024-13066,P0300,WH_BLR_S,31,12520.28,701.4,133.39,0.0,13355.07,430.81
ORD-2024-13067,P0152,WH_MUMBAI_W,49,12201.980000000001,1264.12,210.85,0.0,13676.95,279.12
ORD-2024-13068,P0084,WH_KOLKATA_E,28,22937.039999999997,217.68,120.48,0.0,23275.2,831.26
ORD-2024-13069,P0821,WH_NAGPUR_C,36,17830.8,769.16,154.91,0.0,18754.87,520.97
ORD-2024-13070,P0716,WH_MUMBAI_W,13,4825.21,1020.71,55.94,0.0,5901.86,453.99
ORD-2024-13071,P0809,WH_KOLKATA_E,21,5857.320000000001,1257.26,90.36,0.0,7204.94,343.09
ORD-2024-13072,P0297,WH_NAGPUR_C,26,11564.02,389.4,111.88,0.0,12065.3,464.05
ORD-2024-13073,P0759,WH_MUMBAI_W,31,17077.28,336.42,133.39,0.0,17547.09,566.04
ORD-2024-13074,P0663,WH_DELHI_N,16,13104.32,494.28,68.85,0.0,13667.45,854.22
ORD-2024-13075,P0458,WH_MUMBAI_W,31,25289.8,993.12,133.39,0.0,26416.31,852.14
ORD-2024-13076,P0319,WH_MUMBAI_W,13,787.93,1000.58,55.94,0.0,1844.45,141.88
ORD-2024-13077,P0544,WH_NAGPUR_C,30,13687.5,661.05,129.09,0.0,14477.64,482.59
ORD-2024-13078,P0634,WH_DELHI_N,32,23523.2,977.63,137.69,0.0,24638.52,769.95
ORD-2024-13079,P0143,WH_DELHI_N,5,3165.25,718.3,21.51,0.0,3905.06,781.01
ORD-2024-13080,P0150,WH_NAGPUR_C,12,2694.36,303.14,51.64,0.0,3049.14,254.1
ORD-2024-13081,P0230,WH_NAGPUR_C,39,13674.18,358.33,167.82,0.0,14200.33,364.11
ORD-2024-13082,P0231,WH_BLR_S,41,24395.82,823.19,176.42,0.0,25395.43,619.4
ORD-2024-13083,P0332,WH_NAGPUR_C,37,23543.1,1482.36,159.21,0.0,25184.67,680.67
ORD-2024-13084,P0545,WH_DELHI_N,4,1166.56,737.03,17.21,0.0,1920.8,480.2
ORD-2024-13085,P0952,WH_MUMBAI_W,42,20919.78,811.52,180.72,0.0,21912.02,521.71
ORD-2024-13086,P0115,WH_BLR_S,48,36782.88,1385.37,206.54,0.0,38374.79,799.47
ORD-2024-13087,P0913,WH_MUMBAI_W,43,27932.370000000003,968.35,185.03,0.0,29085.75,676.41
ORD-2024-13088,P0160,WH_NAGPUR_C,29,23179.989999999998,206.38,124.79,0.0,23511.16,810.73
ORD-2024-13089,P0926,WH_KOLKATA_E,41,22263.41,642.41,176.42,0.0,23082.24,562.98
ORD-2024-13090,P0357,WH_BLR_S,5,2427.95,253.1,21.51,0.0,2702.56,540.51
ORD-2024-13091,P0673,WH_NAGPUR_C,11,5468.54,1532.41,47.33,0.0,7048.28,640.75
ORD-2024-13092,P0975,WH_BLR_S,30,1259.3999999999999,1540.4,129.09,0.0,2928.89,97.63
ORD-2024-13093,P0261,WH_KOLKATA_E,9,3960.81,391.92,38.73,0.0,4391.46,487.94
ORD-2024-13094,P0125,WH_DELHI_N,49,9433.97,845.03,210.85,0.0,10489.85,214.08
ORD-2024-13095,P0119,WH_NAGPUR_C,28,6445.599999999999,291.45,120.48,0.0,6857.53,244.91
ORD-2024-13096,P0915,WH_NAGPUR_C,22,15087.16,581.99,94.67,0.0,15763.82,716.54
ORD-2024-13097,P0218,WH_BLR_S,11,9034.74,254.41,47.33,0.0,9336.48,848.77
ORD-2024-13098,P0191,WH_KOLKATA_E,21,1925.7,115.58,90.36,0.0,2131.64,101.51
ORD-2024-13099,P0926,WH_KOLKATA_E,6,3258.06,1037.66,25.82,0.0,4321.54,720.26
ORD-2024-13100,P0357,WH_NAGPUR_C,26,12625.34,780.94,111.88,0.0,13518.16,519.93
ORD-2024-13101,P0492,WH_MUMBAI_W,16,11067.2,1246.71,68.85,0.0,12382.76,773.92
ORD-2024-13102,P0345,WH_DELHI_N,14,9850.26,1573.91,60.24,0.0,11484.41,820.32
ORD-2024-13103,P0280,WH_MUMBAI_W,35,18995.9,1524.07,150.6,0.0,20670.57,590.59
ORD-2024-13104,P0524,WH_KOLKATA_E,42,6272.28,235.87,180.72,0.0,6688.87,159.26
ORD-2024-13105,P0754,WH_DELHI_N,36,25908.12,799.22,154.91,0.0,26862.25,746.17
ORD-2024-13106,P0131,WH_KOLKATA_E,22,1702.8000000000002,1523.76,94.67,0.0,3321.23,150.96
ORD-2024-13107,P0191,WH_DELHI_N,2,183.4,1448.45,8.61,0.0,1640.46,820.23
ORD-2024-13108,P0517,WH_BLR_S,13,3873.87,1327.01,55.94,0.0,5256.82,404.37
ORD-2024-13109,P0195,WH_MUMBAI_W,11,6345.46,515.01,47.33,0.0,6907.8,627.98
ORD-2024-13110,P0565,WH_KOLKATA_E,12,1423.32,849.47,51.64,0.0,2324.43,193.7
ORD-2024-13111,P0914,WH_KOLKATA_E,33,12785.85,572.41,142.0,0.0,13500.26,409.1
ORD-2024-13112,P0755,WH_BLR_S,22,13368.3,501.69,94.67,0.0,13964.66,634.76
ORD-2024-13113,P0565,WH_NAGPUR_C,9,1067.49,563.48,38.73,0.0,1669.7,185.52
ORD-2024-13114,P0754,WH_BLR_S,44,31665.48,1175.04,189.33,0.0,33029.85,750.68
ORD-2024-13115,P0103,WH_NAGPUR_C,7,908.74,1077.83,30.12,0.0,2016.69,288.1
ORD-2024-13116,P0755,WH_BLR_S,17,10330.05,1004.85,73.15,0.0,11408.05,671.06
ORD-2024-13117,P0276,WH_BLR_S,10,6590.599999999999,1632.7206,43.03,0.0,8266.35,826.64
ORD-2024-13118,P0971,WH_MUMBAI_W,38,21506.86,1176.58,163.51,0.0,22846.95,601.24
ORD-2024-13119,P0119,WH_MUMBAI_W,39,8977.8,722.06,167.82,0.0,9867.68,253.02
ORD-2024-13120,P0070,WH_KOLKATA_E,46,24429.22,1300.69,197.94,0.0,25927.85,563.65
ORD-2024-13121,P0247,WH_MUMBAI_W,25,954.25,583.69,107.57,0.0,1645.51,65.82
ORD-2024-13122,P0892,WH_KOLKATA_E,27,1699.65,771.38,116.18,0.0,2587.21,95.82
ORD-2024-13123,P0083,WH_MUMBAI_W,30,16316.4,332.68,129.09,0.0,16778.17,559.27
ORD-2024-13124,P0796,WH_NAGPUR_C,30,17025.899999999998,1557.27,129.09,0.0,18712.26,623.74
ORD-2024-13125,P0904,WH_NAGPUR_C,43,9526.22,627.36,185.03,0.0,10338.61,240.43
ORD-2024-13126,P0345,WH_MUMBAI_W,34,23922.06,406.94,146.3,0.0,24475.3,719.86
ORD-2024-13127,P0103,WH_BLR_S,33,4284.0599999999995,1161.43,142.0,0.0,5587.49,169.32
ORD-2024-13128,P0357,WH_MUMBAI_W,32,15538.88,1439.19,137.69,0.0,17115.76,534.87
ORD-2024-13129,P0589,WH_MUMBAI_W,42,12068.7,1327.0,180.72,0.0,13576.42,323.25
ORD-2024-13130,P0205,WH_BLR_S,12,6656.16,605.62,51.64,0.0,7313.42,609.45
ORD-2024-13131,P0866,WH_NAGPUR_C,41,22932.940000000002,1548.94,176.42,0.0,24658.3,601.42
ORD-2024-13132,P0584,WH_MUMBAI_W,23,11041.38,478.28,98.97,0.0,11618.63,505.16
ORD-2024-13133,P0152,WH_KOLKATA_E,29,7221.58,486.99,124.79,0.0,7833.36,270.12
ORD-2024-13134,P0195,WH_DELHI_N,43,24804.98,307.91,185.03,0.0,25297.92,588.32
ORD-2024-13135,P0011,WH_MUMBAI_W,1,426.56,113.95,4.3,0.0,544.81,544.81
ORD-2024-13136,P0152,WH_BLR_S,20,4980.400000000001,1022.57,86.06,0.0,6089.03,304.45
ORD-2024-13137,P0091,WH_MUMBAI_W,10,6665.2,1136.79,43.03,0.0,7845.02,784.5
ORD-2024-13138,P0027,WH_KOLKATA_E,19,9847.13,1126.82,81.76,0.0,11055.71,581.88
ORD-2024-13139,P0965,WH_MUMBAI_W,23,5672.95,865.0,98.97,0.0,6636.92,288.56
ORD-2024-13140,P0267,WH_NAGPUR_C,21,4499.25,976.12,90.36,0.0,5565.73,265.03
ORD-2024-13141,P0410,WH_DELHI_N,43,22072.329999999998,1459.7,185.03,0.0,23717.06,551.56
ORD-2024-13142,P0836,WH_DELHI_N,35,13347.25,551.94,150.6,0.0,14049.79,401.42
ORD-2024-13143,P0357,WH_MUMBAI_W,48,23308.32,815.83,206.54,0.0,24330.69,506.89
ORD-2024-13144,P0746,WH_KOLKATA_E,32,18856.64,1446.02,137.69,0.0,20440.35,638.76
ORD-2024-13145,P0466,WH_MUMBAI_W,10,2218.4,470.92,43.03,0.0,2732.35,273.24
ORD-2024-13146,P0909,WH_DELHI_N,2,661.56,318.48,8.61,0.0,988.65,494.32
ORD-2024-13147,P0202,WH_NAGPUR_C,36,10383.48,523.05,154.91,0.0,11061.44,307.26
ORD-2024-13148,P0466,WH_BLR_S,48,10648.32,998.1,206.54,0.0,11852.96,246.94
ORD-2024-13149,P0176,WH_DELHI_N,6,678.42,168.62,25.82,0.0,872.86,145.48
ORD-2024-13150,P0633,WH_KOLKATA_E,43,20974.11,543.07,185.03,0.0,21702.21,504.7
ORD-2024-13151,P0952,WH_NAGPUR_C,17,8467.529999999999,879.04,73.15,0.0,9419.72,554.1
ORD-2024-13152,P0319,WH_DELHI_N,15,909.15,655.96,64.54,0.0,1629.65,108.64
ORD-2024-13153,P0143,WH_KOLKATA_E,36,22789.8,1406.62,154.91,0.0,24351.33,676.43
ORD-2024-13154,P0892,WH_NAGPUR_C,24,1510.8000000000002,964.86,103.27,0.0,2578.93,107.46
ORD-2024-13155,P0079,WH_KOLKATA_E,40,1874.8,1480.84,172.12,0.0,3527.76,88.19
ORD-2024-13156,P0076,WH_DELHI_N,29,6706.54,816.55,124.79,0.0,7647.88,263.72
ORD-2024-13157,P0191,WH_BLR_S,14,1283.8,1050.31,60.24,0.0,2394.35,171.02
ORD-2024-13158,P0332,WH_KOLKATA_E,2,1272.6,900.6,8.61,0.0,2181.81,1090.9
ORD-2024-13159,P0666,WH_MUMBAI_W,48,30037.44,391.88,206.54,0.0,30635.86,638.25
ORD-2024-13160,P0027,WH_DELHI_N,22,11401.939999999999,95.6674,94.67,0.0,11592.28,526.92
ORD-2024-13161,P0011,WH_BLR_S,47,20048.32,487.49,202.24,0.0,20738.05,441.24
ORD-2024-13162,P0150,WH_DELHI_N,6,1347.18,154.18,25.82,0.0,1527.18,254.53
ORD-2024-13163,P0316,WH_KOLKATA_E,9,6318.2699999999995,1152.55,38.73,0.0,7509.55,834.39
ORD-2024-13164,P0188,WH_KOLKATA_E,12,9610.56,1287.03,51.64,0.0,10949.23,912.44
ORD-2024-13165,P0332,WH_MUMBAI_W,42,26724.6,711.91,180.72,0.0,27617.23,657.55
ORD-2024-13166,P0545,WH_BLR_S,39,11373.96,339.26,167.82,0.0,11881.04,304.64
ORD-2024-13167,P0458,WH_NAGPUR_C,5,4079.0,382.27,21.51,0.0,4482.78,896.56
ORD-2024-13168,P0907,WH_DELHI_N,40,6162.4,843.98,172.12,0.0,7178.5,179.46
ORD-2024-13169,P0391,WH_BLR_S,44,34797.840000000004,776.58,189.33,0.0,35763.75,812.81
ORD-2024-13170,P0569,WH_DELHI_N,1,621.02,1441.71,4.3,0.0,2067.03,2067.03
ORD-2024-13171,P0079,WH_NAGPUR_C,10,468.7,1517.93,43.03,0.0,2029.66,202.97
ORD-2024-13172,P0371,WH_BLR_S,11,1885.29,1425.08,47.33,0.0,3357.7,305.25
ORD-2024-13173,P0560,WH_DELHI_N,27,979.5600000000001,1079.67,116.18,0.0,2175.41,80.57
ORD-2024-13174,P0356,WH_MUMBAI_W,23,18852.18,1337.48,98.97,0.0,20288.63,882.11
ORD-2024-13175,P0410,WH_NAGPUR_C,20,10266.199999999999,1346.22,86.06,0.0,11698.48,584.92
ORD-2024-13176,P0267,WH_NAGPUR_C,5,1071.25,632.16,21.51,0.0,1724.92,344.98
ORD-2024-13177,P0592,WH_BLR_S,13,8238.88,1089.98,55.94,0.0,9384.8,721.91
ORD-2024-13178,P0965,WH_DELHI_N,10,2466.5,896.63,43.03,0.0,3406.16,340.62
ORD-2024-13179,P0746,WH_BLR_S,49,28874.23,1046.14,210.85,0.0,30131.22,614.92
ORD-2024-13180,P0228,WH_DELHI_N,36,9182.52,797.22,154.91,0.0,10134.65,281.52
ORD-2024-13181,P0276,WH_MUMBAI_W,41,27021.46,532.84,176.42,0.0,27730.72,676.36
ORD-2024-13182,P0642,WH_BLR_S,16,7808.48,1417.35,68.85,0.0,9294.68,580.92
ORD-2024-13183,P0297,WH_KOLKATA_E,7,3113.39,432.86,30.12,0.0,3576.37,510.91
ORD-2024-13184,P0565,WH_MUMBAI_W,32,3795.52,567.63,137.69,0.0,4500.84,140.65
ORD-2024-13185,P0662,WH_KOLKATA_E,25,18328.75,1302.23,107.57,0.0,19738.55,789.54
ORD-2024-13186,P0662,WH_BLR_S,44,32258.6,1386.18,189.33,0.0,33834.11,768.96
ORD-2024-13187,P0279,WH_BLR_S,26,18010.72,1434.55,111.88,0.0,19557.15,752.2
ORD-2024-13188,P0222,WH_BLR_S,36,6805.44,1516.97,154.91,0.0,8477.32,235.48
ORD-2024-13189,P0994,WH_DELHI_N,28,9402.68,332.69,120.48,0.0,9855.85,351.99
ORD-2024-13190,P0080,WH_KOLKATA_E,44,12873.519999999999,971.6,189.33,0.0,14034.45,318.96
ORD-2024-13191,P0356,WH_BLR_S,12,9835.92,389.77,51.64,0.0,10277.33,856.44
ORD-2024-13192,P0368,WH_MUMBAI_W,26,21288.54,791.78,111.88,0.0,22192.2,853.55
ORD-2024-13193,P0276,WH_BLR_S,4,2636.24,1240.71,17.21,0.0,3894.16,973.54
ORD-2024-13194,P0748,WH_KOLKATA_E,44,7928.799999999999,1632.7206,189.33,0.0,9750.85,221.61
ORD-2024-13195,P0596,WH_NAGPUR_C,23,5485.27,1571.77,98.97,0.0,7156.01,311.13
ORD-2024-13196,P0279,WH_MUMBAI_W,40,27708.800000000003,957.63,172.12,0.0,28838.55,720.96
ORD-2024-13197,P0809,WH_BLR_S,24,6694.08,659.93,103.27,0.0,7457.28,310.72
ORD-2024-13198,P0809,WH_DELHI_N,31,8646.52,636.13,133.39,0.0,9416.04,303.74
ORD-2024-13199,P0279,WH_MUMBAI_W,30,20781.600000000002,983.07,129.09,0.0,21893.76,729.79
ORD-2024-13200,P0429,WH_BLR_S,3,2148.33,351.42,12.91,0.0,2512.66,837.55
ORD-2024-13201,P0115,WH_DELHI_N,16,12260.96,816.41,68.85,0.0,13146.22,821.64
ORD-2024-13202,P0569,WH_MUMBAI_W,34,21114.68,251.06,146.3,0.0,21512.04,632.71
ORD-2024-13203,P0160,WH_NAGPUR_C,38,30373.78,124.71,163.51,0.0,30662.0,806.89
ORD-2024-13204,P0857,WH_MUMBAI_W,28,14487.199999999999,1446.93,120.48,0.0,16054.61,573.38
ORD-2024-13205,P0530,WH_NAGPUR_C,49,3053.19,625.25,210.85,0.0,3889.29,79.37
ORD-2024-13206,P0780,WH_DELHI_N,44,28108.960000000003,831.32,189.33,0.0,29129.61,662.04
ORD-2024-13207,P0191,WH_NAGPUR_C,41,3759.7000000000003,1174.89,176.42,0.0,5111.01,124.66
ORD-2024-13208,P0620,WH_BLR_S,48,5693.76,858.92,206.54,0.0,6759.22,140.82
ORD-2024-13209,P0115,WH_KOLKATA_E,7,5364.17,1518.51,30.12,0.0,6912.8,987.54
ORD-2024-13210,P0279,WH_BLR_S,8,5541.76,1471.62,34.42,0.0,7047.8,880.98
ORD-2024-13211,P0904,WH_MUMBAI_W,7,1550.78,533.48,30.12,0.0,2114.38,302.05
ORD-2024-13212,P0780,WH_NAGPUR_C,37,23637.08,792.92,159.21,0.0,24589.21,664.57
ORD-2024-13213,P0347,WH_NAGPUR_C,7,5802.16,393.78,30.12,0.0,6226.06,889.44
ORD-2024-13214,P0925,WH_BLR_S,18,4324.32,1493.74,77.45,0.0,5895.51,327.53
ORD-2024-13215,P0368,WH_KOLKATA_E,48,39301.92,285.63,206.54,0.0,39794.09,829.04
ORD-2024-13216,P0276,WH_NAGPUR_C,39,25703.339999999997,1339.97,167.82,0.0,27211.13,697.72
ORD-2024-13217,P0911,WH_BLR_S,21,612.78,1279.12,90.36,0.0,1982.26,94.39
ORD-2024-13218,P0711,WH_NAGPUR_C,34,25631.92,1465.15,146.3,0.0,27243.37,801.28
ORD-2024-13219,P0102,WH_KOLKATA_E,49,4576.11,1175.2,210.85,0.0,5962.16,121.68
ORD-2024-13220,P0097,WH_KOLKATA_E,27,6228.089999999999,846.83,116.18,0.0,7191.1,266.34
ORD-2024-13221,P0131,WH_NAGPUR_C,8,619.2,1005.2,34.42,0.0,1658.82,207.35
ORD-2024-13222,P0364,WH_NAGPUR_C,34,28434.88,428.63,146.3,0.0,29009.81,853.23
ORD-2024-13223,P0083,WH_NAGPUR_C,18,9789.84,309.2,77.45,0.0,10176.49,565.36
ORD-2024-13224,P0641,WH_DELHI_N,41,21709.5,1336.86,176.42,0.0,23222.78,566.41
ORD-2024-13225,P0913,WH_DELHI_N,12,7795.08,934.39,51.64,0.0,8781.11,731.76
ORD-2024-13226,P0449,WH_DELHI_N,22,6878.299999999999,1521.93,94.67,0.0,8494.9,386.13
ORD-2024-13227,P0545,WH_KOLKATA_E,40,11665.599999999999,457.02,172.12,0.0,12294.74,307.37
ORD-2024-13228,P0913,WH_KOLKATA_E,22,14290.980000000001,517.31,94.67,0.0,14902.96,677.41
ORD-2024-13229,P0404,WH_BLR_S,8,5015.44,806.61,34.42,0.0,5856.47,732.06
ORD-2024-13230,P0971,WH_MUMBAI_W,42,23770.74,259.06,180.72,0.0,24210.52,576.44
ORD-2024-13231,P0027,WH_BLR_S,28,14511.56,1180.12,120.48,0.0,15812.16,564.72
ORD-2024-13232,P0540,WH_NAGPUR_C,47,18614.350000000002,303.73,202.24,0.0,19120.32,406.82
ORD-2024-13233,P0143,WH_BLR_S,32,20257.6,904.23,137.69,0.0,21299.52,665.61
ORD-2024-13234,P0746,WH_KOLKATA_E,11,6481.969999999999,317.16,47.33,0.0,6846.46,622.41
ORD-2024-13235,P0608,WH_DELHI_N,21,17541.09,744.7,90.36,0.0,18376.15,875.05
ORD-2024-13236,P0763,WH_DELHI_N,26,21446.62,905.99,111.88,0.0,22464.49,864.02
ORD-2024-13237,P0893,WH_DELHI_N,14,7975.24,910.87,60.24,0.0,8946.35,639.02
ORD-2024-13238,P0466,WH_DELHI_N,15,3327.6,1632.7206,64.54,0.0,5024.86,334.99
ORD-2024-13239,P0892,WH_DELHI_N,14,881.3000000000001,1070.3,60.24,0.0,2011.84,143.7
ORD-2024-13240,P0790,WH_KOLKATA_E,12,5189.5199999999995,983.01,51.64,0.0,6224.17,518.68
ORD-2024-13241,P0893,WH_MUMBAI_W,36,20507.76,1044.34,154.91,0.0,21707.01,602.97
ORD-2024-13242,P0161,WH_MUMBAI_W,3,859.3799999999999,1187.3,12.91,0.0,2059.59,686.53
ORD-2024-13243,P0247,WH_NAGPUR_C,44,1679.48,1551.39,189.33,0.0,3420.2,77.73
ORD-2024-13244,P0962,WH_KOLKATA_E,7,851.06,245.34,30.12,0.0,1126.52,160.93
ORD-2024-13245,P0925,WH_DELHI_N,39,9369.36,1080.69,167.82,0.0,10617.87,272.25
ORD-2024-13246,P0102,WH_NAGPUR_C,46,4295.94,117.09,197.94,0.0,4610.97,100.24
ORD-2024-13247,P0666,WH_NAGPUR_C,1,625.78,168.83,4.3,0.0,798.91,798.91
ORD-2024-13248,P0222,WH_BLR_S,39,7372.5599999999995,1107.73,167.82,0.0,8648.11,221.75
ORD-2024-13249,P0294,WH_NAGPUR_C,25,947.5,956.11,107.57,0.0,2011.18,80.45
ORD-2024-13250,P0084,WH_KOLKATA_E,31,25394.579999999998,1290.05,133.39,0.0,26818.02,865.1
ORD-2024-13251,P0709,WH_BLR_S,22,10631.060000000001,752.97,94.67,0.0,11478.7,521.76
ORD-2024-13252,P0620,WH_DELHI_N,10,1186.2,400.47,43.03,0.0,1629.7,162.97
ORD-2024-13253,P0714,WH_NAGPUR_C,18,1304.82,1105.14,77.45,0.0,2487.41,138.19
ORD-2024-13254,P0316,WH_MUMBAI_W,13,9126.39,963.28,55.94,0.0,10145.61,780.43
ORD-2024-13255,P0992,WH_KOLKATA_E,8,4093.68,566.28,34.42,0.0,4694.38,586.8
ORD-2024-13256,P0589,WH_MUMBAI_W,9,2586.15,861.58,38.73,0.0,3486.46,387.38
ORD-2024-13257,P0135,WH_MUMBAI_W,15,9147.75,911.78,64.54,0.0,10124.07,674.94
ORD-2024-13258,P0363,WH_KOLKATA_E,8,5504.24,315.88,34.42,0.0,5854.54,731.82
ORD-2024-13259,P0116,WH_BLR_S,33,5818.2300000000005,1295.48,142.0,0.0,7255.71,219.87
ORD-2024-13260,P0368,WH_KOLKATA_E,35,28657.649999999998,960.94,150.6,0.0,29769.19,850.55
ORD-2024-13261,P0712,WH_MUMBAI_W,19,4860.2,135.51,81.76,0.0,5077.47,267.24
ORD-2024-13262,P0672,WH_DELHI_N,30,7465.8,899.24,129.09,0.0,8494.13,283.14
ORD-2024-13263,P0391,WH_DELHI_N,9,7117.74,444.2,38.73,0.0,7600.67,844.52
ORD-2024-13264,P0693,WH_NAGPUR_C,19,7758.84,1471.08,81.76,0.0,9311.68,490.09
ORD-2024-13265,P0267,WH_KOLKATA_E,47,10069.75,824.68,202.24,0.0,11096.67,236.1
ORD-2024-13266,P0627,WH_MUMBAI_W,46,38833.200000000004,240.35,197.94,0.0,39271.49,853.73
ORD-2024-13267,P0458,WH_KOLKATA_E,26,21210.8,1182.11,111.88,0.0,22504.79,865.57
ORD-2024-13268,P0109,WH_NAGPUR_C,1,454.25,416.26,4.3,0.0,874.81,874.81
ORD-2024-13269,P0663,WH_BLR_S,3,2457.06,1586.47,12.91,0.0,4056.44,1352.15
ORD-2024-13270,P0981,WH_DELHI_N,34,2152.88,110.78,146.3,0.0,2409.96,70.88
ORD-2024-13271,P0159,WH_MUMBAI_W,25,9916.5,232.5,107.57,0.0,10256.57,410.26
ORD-2024-13272,P0115,WH_BLR_S,30,22989.3,1632.7206,129.09,0.0,24751.11,825.04
ORD-2024-13273,P0005,WH_MUMBAI_W,1,354.89,1548.15,4.3,0.0,1907.34,1907.34
ORD-2024-13274,P0565,WH_KOLKATA_E,18,2134.98,233.43,77.45,0.0,2445.86,135.88
ORD-2024-13275,P0492,WH_BLR_S,33,22826.100000000002,715.16,142.0,0.0,23683.26,717.67
ORD-2024-13276,P0719,WH_KOLKATA_E,9,2108.61,1541.4,38.73,0.0,3688.74,409.86
ORD-2024-13277,P0569,WH_KOLKATA_E,7,4347.139999999999,614.1,30.12,0.0,4991.36,713.05
ORD-2024-13278,P0554,WH_KOLKATA_E,30,21944.100000000002,1424.43,129.09,0.0,23497.62,783.25
ORD-2024-13279,P0783,WH_BLR_S,13,7128.42,985.85,55.94,0.0,8170.21,628.48
ORD-2024-13280,P0918,WH_BLR_S,17,7381.91,1455.18,73.15,0.0,8910.24,524.13
ORD-2024-13281,P0567,WH_BLR_S,13,4801.68,1140.53,55.94,0.0,5998.15,461.4
ORD-2024-13282,P0466,WH_KOLKATA_E,13,2883.92,1351.05,55.94,0.0,4290.91,330.07
ORD-2024-13283,P0176,WH_NAGPUR_C,42,4748.94,722.99,180.72,0.0,5652.65,134.59
ORD-2024-13284,P0198,WH_BLR_S,38,27250.56,1578.27,163.51,0.0,28992.34,762.96
ORD-2024-13285,P0363,WH_MUMBAI_W,37,25457.11,690.13,159.21,0.0,26306.45,710.99
ORD-2024-13286,P0524,WH_DELHI_N,10,1493.4,163.97,43.03,0.0,1700.4,170.04
ORD-2024-13287,P0809,WH_DELHI_N,14,3904.88,1213.96,60.24,0.0,5179.08,369.93
ORD-2024-13288,P0159,WH_MUMBAI_W,43,17056.38,412.61,185.03,0.0,17654.02,410.56
ORD-2024-13289,P0430,WH_MUMBAI_W,5,2778.55,260.57,21.51,0.0,3060.63,612.13
ORD-2024-13290,P0836,WH_MUMBAI_W,36,13728.6,1117.13,154.91,0.0,15000.64,416.68
ORD-2024-13291,P0796,WH_KOLKATA_E,35,19863.55,1272.0,150.6,0.0,21286.15,608.18
ORD-2024-13292,P0316,WH_BLR_S,46,32293.379999999997,1031.74,197.94,0.0,33523.06,728.76
ORD-2024-13293,P0759,WH_DELHI_N,45,24789.6,513.52,193.63,0.0,25496.75,566.59
ORD-2024-13294,P0300,WH_NAGPUR_C,23,9289.24,364.01,98.97,0.0,9752.22,424.01
ORD-2024-13295,P0688,WH_DELHI_N,5,944.7,555.83,21.51,0.0,1522.04,304.41
ORD-2024-13296,P0465,WH_NAGPUR_C,44,26092.44,1222.66,189.33,0.0,27504.43,625.1
ORD-2024-13297,P0152,WH_BLR_S,28,6972.56,200.09,120.48,0.0,7293.13,260.47
ORD-2024-13298,P0139,WH_KOLKATA_E,23,13758.6,1360.03,98.97,0.0,15217.6,661.63
ORD-2024-13299,P0410,WH_DELHI_N,42,21559.019999999997,1565.29,180.72,0.0,23305.03,554.88
ORD-2024-13300,P0915,WH_MUMBAI_W,34,23316.52,1470.28,146.3,0.0,24933.1,733.33
ORD-2024-13301,P0005,WH_KOLKATA_E,31,11001.59,834.48,133.39,0.0,11969.46,386.11
ORD-2024-13302,P0568,WH_KOLKATA_E,7,5295.22,954.68,30.12,0.0,6280.02,897.15
ORD-2024-13303,P0909,WH_DELHI_N,7,2315.46,1022.12,30.12,0.0,3367.7,481.1
ORD-2024-13304,P0476,WH_BLR_S,4,2132.32,1053.87,17.21,0.0,3203.4,800.85
ORD-2024-13305,P0176,WH_KOLKATA_E,44,4975.08,1287.41,189.33,0.0,6451.82,146.63
ORD-2024-13306,P0152,WH_DELHI_N,32,7968.64,1372.04,137.69,0.0,9478.37,296.2
ORD-2024-13307,P0568,WH_MUMBAI_W,28,21180.88,661.99,120.48,0.0,21963.35,784.41
ORD-2024-13308,P0975,WH_BLR_S,4,167.92,283.05,17.21,0.0,468.18,117.04
ORD-2024-13309,P0809,WH_MUMBAI_W,39,10877.880000000001,1062.12,167.82,0.0,12107.82,310.46
ORD-2024-13310,P0763,WH_DELHI_N,45,37119.15,207.1,193.63,0.0,37519.88,833.78
ORD-2024-13311,P0533,WH_DELHI_N,8,1420.0,1173.72,34.42,0.0,2628.14,328.52
ORD-2024-13312,P0404,WH_NAGPUR_C,14,8777.019999999999,1196.89,60.24,0.0,10034.15,716.72
ORD-2024-13313,P0918,WH_BLR_S,30,13026.900000000001,1185.52,129.09,0.0,14341.51,478.05
ORD-2024-13314,P0159,WH_NAGPUR_C,3,1189.98,522.31,12.91,0.0,1725.2,575.07
ORD-2024-13315,P0637,WH_MUMBAI_W,2,739.62,1218.14,8.61,0.0,1966.37,983.18
ORD-2024-13316,P0634,WH_KOLKATA_E,10,7351.0,547.99,43.03,0.0,7942.02,794.2
ORD-2024-13317,P0837,WH_MUMBAI_W,6,3901.32,790.89,25.82,0.0,4718.03,786.34
ORD-2024-13318,P0956,WH_KOLKATA_E,7,4986.73,1227.82,30.12,0.0,6244.67,892.1
ORD-2024-13319,P0915,WH_BLR_S,16,10972.48,623.94,68.85,0.0,11665.27,729.08
ORD-2024-13320,P0449,WH_NAGPUR_C,6,1875.8999999999999,1559.01,25.82,0.0,3460.73,576.79
ORD-2024-13321,P0759,WH_DELHI_N,16,8814.08,501.92,68.85,0.0,9384.85,586.55
ORD-2024-13322,P0837,WH_MUMBAI_W,27,17555.940000000002,1414.12,116.18,0.0,19086.24,706.9
ORD-2024-13323,P0027,WH_MUMBAI_W,12,6219.24,1572.85,51.64,0.0,7843.73,653.64
ORD-2024-13324,P0755,WH_DELHI_N,22,13368.3,687.46,94.67,0.0,14150.43,643.2
ORD-2024-13325,P0700,WH_MUMBAI_W,15,12324.75,211.17,64.54,0.0,12600.46,840.03
ORD-2024-13326,P0927,WH_NAGPUR_C,22,2065.58,472.64,94.67,0.0,2632.89,119.68
ORD-2024-13327,P0975,WH_BLR_S,35,1469.3,1273.93,150.6,0.0,2893.83,82.68
ORD-2024-13328,P0470,WH_KOLKATA_E,48,34344.0,270.32,206.54,0.0,34820.86,725.43
ORD-2024-13329,P0286,WH_BLR_S,15,1538.1000000000001,1386.35,64.54,0.0,2988.99,199.27
ORD-2024-13330,P0364,WH_DELHI_N,23,19235.36,1090.12,98.97,0.0,20424.45,888.02
ORD-2024-13331,P0079,WH_DELHI_N,38,1781.06,1340.54,163.51,0.0,3285.11,86.45
ORD-2024-13332,P0688,WH_DELHI_N,49,9258.06,1257.88,210.85,0.0,10726.79,218.91
ORD-2024-13333,P0150,WH_MUMBAI_W,2,449.06,1215.92,8.61,0.0,1673.59,836.8
ORD-2024-13334,P0342,WH_MUMBAI_W,2,282.52,95.6674,8.61,0.0,386.8,193.4
ORD-2024-13335,P0316,WH_DELHI_N,49,34399.47,1146.43,210.85,0.0,35756.75,729.73
ORD-2024-13336,P0135,WH_DELHI_N,19,11587.15,1183.46,81.76,0.0,12852.37,676.44
ORD-2024-13337,P0965,WH_NAGPUR_C,5,1233.25,1042.4,21.51,0.0,2297.16,459.43
ORD-2024-13338,P0342,WH_NAGPUR_C,4,565.04,1310.15,17.21,0.0,1892.4,473.1
ORD-2024-13339,P0202,WH_KOLKATA_E,28,8076.04,889.14,120.48,0.0,9085.66,324.49
ORD-2024-13340,P0927,WH_MUMBAI_W,18,1690.02,1009.1,77.45,0.0,2776.57,154.25
ORD-2024-13341,P0143,WH_BLR_S,40,25322.0,909.48,172.12,0.0,26403.6,660.09
ORD-2024-13342,P0261,WH_DELHI_N,41,18043.69,1166.39,176.42,0.0,19386.5,472.84
ORD-2024-13343,P0674,WH_NAGPUR_C,31,7781.62,1480.48,133.39,0.0,9395.49,303.08
ORD-2024-13344,P0560,WH_BLR_S,22,798.1600000000001,1072.73,94.67,0.0,1965.56,89.34
ORD-2024-13345,P0840,WH_BLR_S,11,3599.75,590.56,47.33,0.0,4237.64,385.24
ORD-2024-13346,P0893,WH_KOLKATA_E,48,27343.68,871.43,206.54,0.0,28421.65,592.12
ORD-2024-13347,P0267,WH_MUMBAI_W,16,3428.0,1461.81,68.85,0.0,4958.66,309.92
ORD-2024-13348,P0491,WH_DELHI_N,4,228.56,437.77,17.21,0.0,683.54,170.88
ORD-2024-13349,P0524,WH_KOLKATA_E,21,3136.14,1492.92,90.36,0.0,4719.42,224.73
ORD-2024-13350,P0220,WH_KOLKATA_E,41,24547.11,1361.83,176.42,0.0,26085.36,636.23
ORD-2024-13351,P0408,WH_MUMBAI_W,45,7634.25,657.36,193.63,0.0,8485.24,188.56
ORD-2024-13352,P0637,WH_NAGPUR_C,25,9245.25,1460.73,107.57,0.0,10813.55,432.54
ORD-2024-13353,P0064,WH_MUMBAI_W,20,5033.0,1214.93,86.06,0.0,6333.99,316.7
ORD-2024-13354,P0867,WH_MUMBAI_W,8,6240.64,1474.42,34.42,0.0,7749.48,968.68
ORD-2024-13355,P0754,WH_NAGPUR_C,43,30945.809999999998,781.82,185.03,0.0,31912.66,742.15
ORD-2024-13356,P0754,WH_KOLKATA_E,9,6477.03,1324.52,38.73,0.0,7840.28,871.14
ORD-2024-13357,P0316,WH_DELHI_N,18,12636.539999999999,705.55,77.45,0.0,13419.54,745.53
ORD-2024-13358,P0911,WH_NAGPUR_C,31,904.58,708.05,133.39,0.0,1746.02,56.32
ORD-2024-13359,P0062,WH_NAGPUR_C,35,4220.650000000001,354.89,150.6,0.0,4726.14,135.03
ORD-2024-13360,P0027,WH_NAGPUR_C,30,15548.099999999999,1023.61,129.09,0.0,16700.8,556.69
ORD-2024-13361,P0470,WH_NAGPUR_C,18,12879.0,95.6674,77.45,0.0,13052.12,725.12
ORD-2024-13362,P0479,WH_NAGPUR_C,19,13217.16,1489.94,81.76,0.0,14788.86,778.36
ORD-2024-13363,P0410,WH_MUMBAI_W,41,21045.71,613.95,176.42,0.0,21836.08,532.59
ORD-2024-13364,P0119,WH_DELHI_N,24,5524.799999999999,985.0,103.27,0.0,6613.07,275.54
ORD-2024-13365,P0712,WH_MUMBAI_W,22,5627.6,1492.91,94.67,0.0,7215.18,327.96
ORD-2024-13366,P0372,WH_DELHI_N,48,31327.199999999997,671.39,206.54,0.0,32205.13,670.94
ORD-2024-13367,P0492,WH_DELHI_N,14,9683.800000000001,206.67,60.24,0.0,9950.71,710.76
ORD-2024-13368,P0663,WH_MUMBAI_W,19,15561.38,698.35,81.76,0.0,16341.49,860.08
ORD-2024-13369,P0867,WH_NAGPUR_C,29,22622.32,1583.09,124.79,0.0,24330.2,838.97
ORD-2024-13370,P0011,WH_BLR_S,22,9384.32,1513.76,94.67,0.0,10992.75,499.67
ORD-2024-13371,P0666,WH_DELHI_N,30,18773.399999999998,1207.26,129.09,0.0,20109.75,670.32
ORD-2024-13372,P0337,WH_KOLKATA_E,15,4981.95,1169.68,64.54,0.0,6216.17,414.41
ORD-2024-13373,P0091,WH_BLR_S,21,13996.92,814.47,90.36,0.0,14901.75,709.61
ORD-2024-13374,P0672,WH_NAGPUR_C,26,6470.360000000001,935.2,111.88,0.0,7517.44,289.13
ORD-2024-13375,P0176,WH_DELHI_N,36,4070.5199999999995,962.14,154.91,0.0,5187.57,144.1
ORD-2024-13376,P0079,WH_NAGPUR_C,12,562.4399999999999,666.37,51.64,0.0,1280.45,106.7
ORD-2024-13377,P0069,WH_BLR_S,7,704.62,1263.37,30.12,0.0,1998.11,285.44
ORD-2024-13378,P0596,WH_BLR_S,11,2623.3900000000003,1519.47,47.33,0.0,4190.19,380.93
ORD-2024-13379,P0150,WH_MUMBAI_W,39,8756.67,1424.96,167.82,0.0,10349.45,265.37
ORD-2024-13380,P0754,WH_NAGPUR_C,20,14393.4,489.56,86.06,0.0,14969.02,748.45
ORD-2024-13381,P0637,WH_KOLKATA_E,35,12943.35,490.74,150.6,0.0,13584.69,388.13
ORD-2024-13382,P0821,WH_KOLKATA_E,4,1981.2,1563.4,17.21,0.0,3561.81,890.45
ORD-2024-13383,P0030,WH_MUMBAI_W,2,776.26,342.5,8.61,0.0,1127.37,563.68
ORD-2024-13384,P0553,WH_MUMBAI_W,20,5358.400000000001,603.8,86.06,0.0,6048.26,302.41
ORD-2024-13385,P0119,WH_MUMBAI_W,47,10819.4,227.21,202.24,0.0,11248.85,239.34
ORD-2024-13386,P0642,WH_DELHI_N,20,9760.599999999999,484.25,86.06,0.0,10330.91,516.55
ORD-2024-13387,P0925,WH_NAGPUR_C,12,2882.88,677.36,51.64,0.0,3611.88,300.99
ORD-2024-13388,P0956,WH_DELHI_N,17,12110.63,123.59,73.15,0.0,12307.37,723.96
ORD-2024-13389,P0927,WH_BLR_S,18,1690.02,883.0,77.45,0.0,2650.47,147.25
ORD-2024-13390,P0620,WH_MUMBAI_W,40,4744.8,804.16,172.12,0.0,5721.08,143.03
ORD-2024-13391,P0102,WH_BLR_S,24,2241.36,806.13,103.27,0.0,3150.76,131.28
ORD-2024-13392,P0470,WH_KOLKATA_E,8,5724.0,1251.35,34.42,0.0,7009.77,876.22
ORD-2024-13393,P0567,WH_DELHI_N,37,13666.32,731.84,159.21,0.0,14557.37,393.44
ORD-2024-13394,P0368,WH_NAGPUR_C,41,33570.39,337.97,176.42,0.0,34084.78,831.34
ORD-2024-13395,P0809,WH_BLR_S,30,8367.6,1136.31,129.09,0.0,9633.0,321.1
ORD-2024-13396,P0202,WH_DELHI_N,20,5768.6,1173.87,86.06,0.0,7028.53,351.43
ORD-2024-13397,P0476,WH_DELHI_N,23,12260.84,794.57,98.97,0.0,13154.38,571.93
ORD-2024-13398,P0353,WH_DELHI_N,37,29945.58,95.6674,159.21,0.0,30200.46,816.23
ORD-2024-13399,P0992,WH_MUMBAI_W,10,5117.099999999999,1478.31,43.03,0.0,6638.44,663.84
ORD-2024-13400,P0188,WH_DELHI_N,33,26429.04,637.21,142.0,0.0,27208.25,824.49
ORD-2024-13401,P0079,WH_KOLKATA_E,24,1124.8799999999999,639.27,103.27,0.0,1867.42,77.81
ORD-2024-13402,P0709,WH_MUMBAI_W,36,17396.28,387.16,154.91,0.0,17938.35,498.29
ORD-2024-13403,P0595,WH_BLR_S,16,3804.8,1076.77,68.85,0.0,4950.42,309.4
ORD-2024-13404,P0975,WH_MUMBAI_W,28,1175.4399999999998,1017.11,120.48,0.0,2313.03,82.61
ORD-2024-13405,P0994,WH_BLR_S,12,4029.7200000000003,1445.62,51.64,0.0,5526.98,460.58
ORD-2024-13406,P0714,WH_KOLKATA_E,20,1449.8,1015.92,86.06,0.0,2551.78,127.59
ORD-2024-13407,P0567,WH_DELHI_N,47,17359.920000000002,448.65,202.24,0.0,18010.81,383.21
ORD-2024-13408,P0097,WH_DELHI_N,18,4152.0599999999995,1264.81,77.45,0.0,5494.32,305.24
ORD-2024-13409,P0466,WH_DELHI_N,37,8208.08,637.18,159.21,0.0,9004.47,243.36
ORD-2024-13410,P0709,WH_DELHI_N,26,12563.98,1506.91,111.88,0.0,14182.77,545.49
ORD-2024-13411,P0027,WH_BLR_S,46,23840.42,330.55,197.94,0.0,24368.91,529.76
ORD-2024-13412,P0191,WH_BLR_S,7,641.9,668.78,30.12,0.0,1340.8,191.54
ORD-2024-13413,P0592,WH_BLR_S,43,27251.68,1581.73,185.03,0.0,29018.44,674.85
ORD-2024-13414,P0801,WH_DELHI_N,47,27725.3,1196.68,202.24,0.0,29124.22,619.66
ORD-2024-13415,P0634,WH_MUMBAI_W,21,15437.1,712.38,90.36,0.0,16239.84,773.33
ORD-2024-13416,P0076,WH_NAGPUR_C,43,9944.18,1243.7,185.03,0.0,11372.91,264.49
ORD-2024-13417,P0876,WH_MUMBAI_W,32,14138.56,147.38,137.69,0.0,14423.63,450.74
ORD-2024-13418,P0125,WH_DELHI_N,7,1347.71,165.84,30.12,0.0,1543.67,220.52
ORD-2024-13419,P0918,WH_MUMBAI_W,23,9987.29,743.0,98.97,0.0,10829.26,470.84
ORD-2024-13420,P0641,WH_BLR_S,20,10590.0,1470.67,86.06,0.0,12146.73,607.34
ORD-2024-13421,P0822,WH_BLR_S,20,8512.6,1066.2,86.06,0.0,9664.86,483.24
ORD-2024-13422,P0907,WH_MUMBAI_W,32,4929.92,295.34,137.69,0.0,5362.95,167.59
ORD-2024-13423,P0491,WH_BLR_S,26,1485.64,1113.37,111.88,0.0,2710.89,104.26
ORD-2024-13424,P0521,WH_NAGPUR_C,36,20873.88,1493.79,154.91,0.0,22522.58,625.63
ORD-2024-13425,P0824,WH_NAGPUR_C,24,19804.32,1050.39,103.27,0.0,20957.98,873.25
ORD-2024-13426,P0553,WH_MUMBAI_W,1,267.92,495.34,4.3,0.0,767.56,767.56
ORD-2024-13427,P0279,WH_KOLKATA_E,28,19396.16,1632.7206,120.48,0.0,21149.36,755.33
ORD-2024-13428,P0892,WH_BLR_S,26,1636.7,1476.62,111.88,0.0,3225.2,124.05
ORD-2024-13429,P0634,WH_MUMBAI_W,34,24993.4,743.1,146.3,0.0,25882.8,761.26
ORD-2024-13430,P0097,WH_KOLKATA_E,26,5997.42,1335.09,111.88,0.0,7444.39,286.32
ORD-2024-13431,P0076,WH_MUMBAI_W,36,8325.36,517.06,154.91,0.0,8997.33,249.93
ORD-2024-13432,P0926,WH_DELHI_N,5,2715.05,494.89,21.51,0.0,3231.45,646.29
ORD-2024-13433,P0554,WH_BLR_S,2,1462.94,788.81,8.61,0.0,2260.36,1130.18
ORD-2024-13434,P0479,WH_DELHI_N,32,22260.48,1465.37,137.69,0.0,23863.54,745.74
ORD-2024-13435,P0544,WH_KOLKATA_E,34,15512.5,1307.71,146.3,0.0,16966.51,499.01
ORD-2024-13436,P0458,WH_MUMBAI_W,30,24474.0,1599.97,129.09,0.0,26203.06,873.44
ORD-2024-13437,P0062,WH_DELHI_N,24,2894.16,1416.38,103.27,0.0,4413.81,183.91
ORD-2024-13438,P0266,WH_NAGPUR_C,28,5880.56,1260.37,120.48,0.0,7261.41,259.34
ORD-2024-13439,P0195,WH_NAGPUR_C,46,26535.56,1361.59,197.94,0.0,28095.09,610.76
ORD-2024-13440,P0084,WH_BLR_S,3,2457.54,133.49,12.91,0.0,2603.94,867.98
ORD-2024-13441,P0342,WH_DELHI_N,10,1412.6,1186.11,43.03,0.0,2641.74,264.17
ORD-2024-13442,P0102,WH_MUMBAI_W,6,560.34,179.12,25.82,0.0,765.28,127.55
ORD-2024-13443,P0711,WH_MUMBAI_W,34,25631.92,919.96,146.3,0.0,26698.18,785.24
ORD-2024-13444,P0247,WH_MUMBAI_W,31,1183.27,720.55,133.39,0.0,2037.21,65.72
ORD-2024-13445,P0143,WH_DELHI_N,43,27221.149999999998,1209.72,185.03,0.0,28615.9,665.49
ORD-2024-13446,P0286,WH_KOLKATA_E,46,4716.84,1572.91,197.94,0.0,6487.69,141.04
ORD-2024-13447,P0069,WH_BLR_S,13,1308.58,374.15,55.94,0.0,1738.67,133.74
ORD-2024-13448,P0176,WH_BLR_S,39,4409.73,1562.93,167.82,0.0,6140.48,157.45
ORD-2024-13449,P0105,WH_KOLKATA_E,20,13614.400000000001,1259.51,86.06,0.0,14959.97,748.0
ORD-2024-13450,P0763,WH_NAGPUR_C,32,26395.84,982.53,137.69,0.0,27516.06,859.88
ORD-2024-13451,P0347,WH_DELHI_N,10,8288.8,1213.65,43.03,0.0,9545.48,954.55
ORD-2024-13452,P0316,WH_BLR_S,26,18252.78,548.81,111.88,0.0,18913.47,727.44
ORD-2024-13453,P0319,WH_BLR_S,19,1151.59,257.56,81.76,0.0,1490.91,78.47
ORD-2024-13454,P0533,WH_BLR_S,29,5147.5,480.02,124.79,0.0,5752.31,198.36
ORD-2024-13455,P0222,WH_NAGPUR_C,13,2457.52,701.52,55.94,0.0,3214.98,247.31
ORD-2024-13456,P0088,WH_DELHI_N,34,6931.58,759.53,146.3,0.0,7837.41,230.51
ORD-2024-13457,P0228,WH_DELHI_N,20,5101.4,189.17,86.06,0.0,5376.63,268.83
ORD-2024-13458,P0449,WH_MUMBAI_W,44,13756.599999999999,1332.8,189.33,0.0,15278.73,347.24
ORD-2024-13459,P0205,WH_BLR_S,40,22187.199999999997,952.87,172.12,0.0,23312.19,582.8
ORD-2024-13460,P0476,WH_NAGPUR_C,18,9595.44,1174.51,77.45,0.0,10847.4,602.63
ORD-2024-13461,P0837,WH_KOLKATA_E,34,22107.48,194.09,146.3,0.0,22447.87,660.23
ORD-2024-13462,P0408,WH_DELHI_N,48,8143.200000000001,795.12,206.54,0.0,9144.86,190.52
ORD-2024-13463,P0533,WH_KOLKATA_E,8,1420.0,1476.32,34.42,0.0,2930.74,366.34
ORD-2024-13464,P0867,WH_DELHI_N,16,12481.28,1406.62,68.85,0.0,13956.75,872.3
ORD-2024-13465,P0076,WH_KOLKATA_E,40,9250.4,1238.41,172.12,0.0,10660.93,266.52
ORD-2024-13466,P0892,WH_NAGPUR_C,23,1447.8500000000001,1025.75,98.97,0.0,2572.57,111.85
ORD-2024-13467,P0834,WH_KOLKATA_E,32,20447.04,1492.54,137.69,0.0,22077.27,689.91
ORD-2024-13468,P0801,WH_MUMBAI_W,13,7668.7,216.35,55.94,0.0,7940.99,610.85
ORD-2024-13469,P0662,WH_BLR_S,26,19061.899999999998,141.3,111.88,0.0,19315.08,742.89
ORD-2024-13470,P0719,WH_NAGPUR_C,38,8903.02,1228.61,163.51,0.0,10295.14,270.92
ORD-2024-13471,P0102,WH_KOLKATA_E,1,93.39,670.37,4.3,0.0,768.06,768.06
ORD-2024-13472,P0062,WH_MUMBAI_W,2,241.18,301.75,8.61,0.0,551.54,275.77
ORD-2024-13473,P0840,WH_MUMBAI_W,39,12762.75,1550.22,167.82,0.0,14480.79,371.3
ORD-2024-13474,P0231,WH_MUMBAI_W,13,7735.26,151.89,55.94,0.0,7943.09,611.01
ORD-2024-13475,P0410,WH_NAGPUR_C,27,13859.369999999999,1377.49,116.18,0.0,15353.04,568.63
ORD-2024-13476,P0892,WH_KOLKATA_E,4,251.8,725.39,17.21,0.0,994.4,248.6
ORD-2024-13477,P0511,WH_DELHI_N,41,25117.420000000002,683.78,176.42,0.0,25977.62,633.6
ORD-2024-13478,P0391,WH_BLR_S,20,15817.2,733.51,86.06,0.0,16636.77,831.84
ORD-2024-13479,P0076,WH_BLR_S,3,693.78,559.99,12.91,0.0,1266.68,422.23
ORD-2024-13480,P0041,WH_KOLKATA_E,23,5637.07,229.1,98.97,0.0,5965.14,259.35
ORD-2024-13481,P0824,WH_DELHI_N,2,1650.36,1124.73,8.61,0.0,2783.7,1391.85
ORD-2024-13482,P0266,WH_BLR_S,16,3360.32,782.74,68.85,0.0,4211.91,263.24
ORD-2024-13483,P0492,WH_MUMBAI_W,10,6917.0,621.57,43.03,0.0,7581.6,758.16
ORD-2024-13484,P0965,WH_KOLKATA_E,28,6906.2,820.03,120.48,0.0,7846.71,280.24
ORD-2024-13485,P0608,WH_BLR_S,44,36752.759999999995,929.26,189.33,0.0,37871.35,860.71
ORD-2024-13486,P0005,WH_KOLKATA_E,18,6388.0199999999995,546.34,77.45,0.0,7011.81,389.54
ORD-2024-13487,P0857,WH_DELHI_N,2,1034.8,395.65,8.61,0.0,1439.06,719.53
ORD-2024-13488,P0254,WH_DELHI_N,14,781.34,1275.94,60.24,0.0,2117.52,151.25
ORD-2024-13489,P0925,WH_MUMBAI_W,44,10570.560000000001,1132.93,189.33,0.0,11892.82,270.29
ORD-2024-13490,P0763,WH_MUMBAI_W,20,16497.4,513.28,86.06,0.0,17096.74,854.84
ORD-2024-13491,P0276,WH_MUMBAI_W,40,26362.399999999998,375.65,172.12,0.0,26910.17,672.75
ORD-2024-13492,P0356,WH_BLR_S,23,18852.18,935.74,98.97,0.0,19886.89,864.65
ORD-2024-13493,P0892,WH_BLR_S,7,440.65000000000003,1137.75,30.12,0.0,1608.52,229.79
ORD-2024-13494,P0746,WH_NAGPUR_C,45,26517.149999999998,1007.05,193.63,0.0,27717.83,615.95
ORD-2024-13495,P0070,WH_MUMBAI_W,47,24960.29,474.52,202.24,0.0,25637.05,545.47
ORD-2024-13496,P0956,WH_DELHI_N,14,9973.46,1192.44,60.24,0.0,11226.14,801.87
ORD-2024-13497,P0581,WH_NAGPUR_C,37,1431.16,377.24,159.21,0.0,1967.61,53.18
ORD-2024-13498,P0084,WH_KOLKATA_E,8,6553.44,833.91,34.42,0.0,7421.77,927.72
ORD-2024-13499,P0176,WH_BLR_S,5,565.3499999999999,398.13,21.51,0.0,984.99,197.0
ORD-2024-13500,P0755,WH_BLR_S,23,13975.949999999999,670.95,98.97,0.0,14745.87,641.12
ORD-2024-13501,P0159,WH_KOLKATA_E,41,16263.060000000001,773.68,176.42,0.0,17213.16,419.83
ORD-2024-13502,P0544,WH_DELHI_N,10,4562.5,1046.38,43.03,0.0,5651.91,565.19
ORD-2024-13503,P0981,WH_DELHI_N,49,3102.68,270.63,210.85,0.0,3584.16,73.15
ORD-2024-13504,P0231,WH_KOLKATA_E,27,16065.539999999999,611.43,116.18,0.0,16793.15,621.97
ORD-2024-13505,P0193,WH_NAGPUR_C,35,12535.6,1015.05,150.6,0.0,13701.25,391.46
ORD-2024-13506,P0952,WH_KOLKATA_E,1,498.09,1237.37,4.3,0.0,1739.76,1739.76
ORD-2024-13507,P0150,WH_NAGPUR_C,7,1571.71,394.44,30.12,0.0,1996.27,285.18
ORD-2024-13508,P0021,WH_MUMBAI_W,47,11621.69,1319.46,202.24,0.0,13143.39,279.65
ORD-2024-13509,P0540,WH_NAGPUR_C,8,3168.4,1602.17,34.42,0.0,4804.99,600.62
ORD-2024-13510,P0568,WH_DELHI_N,11,8321.060000000001,1022.93,47.33,0.0,9391.32,853.76
ORD-2024-13511,P0022,WH_NAGPUR_C,34,19691.1,1214.84,146.3,0.0,21052.24,619.18
ORD-2024-13512,P0220,WH_NAGPUR_C,28,16763.88,1230.01,120.48,0.0,18114.37,646.94
ORD-2024-13513,P0410,WH_NAGPUR_C,34,17452.539999999997,1403.77,146.3,0.0,19002.61,558.9
ORD-2024-13514,P0560,WH_DELHI_N,43,1560.04,243.1,185.03,0.0,1988.17,46.24
ORD-2024-13515,P0918,WH_BLR_S,20,8684.6,509.46,86.06,0.0,9280.12,464.01
ORD-2024-13516,P0608,WH_KOLKATA_E,28,23388.12,817.05,120.48,0.0,24325.65,868.77
ORD-2024-13517,P0544,WH_MUMBAI_W,49,22356.25,642.41,210.85,0.0,23209.51,473.66
ORD-2024-13518,P0429,WH_MUMBAI_W,42,30076.62,541.14,180.72,0.0,30798.48,733.3
ORD-2024-13519,P0005,WH_NAGPUR_C,37,13130.93,1497.36,159.21,0.0,14787.5,399.66
ORD-2024-13520,P0866,WH_DELHI_N,3,1678.02,1219.81,12.91,0.0,2910.74,970.25
ORD-2024-13521,P0188,WH_BLR_S,9,7207.92,434.25,38.73,0.0,7680.9,853.43
ORD-2024-13522,P0867,WH_DELHI_N,22,17161.760000000002,512.33,94.67,0.0,17768.76,807.67
ORD-2024-13523,P0102,WH_KOLKATA_E,25,2334.75,1016.29,107.57,0.0,3458.61,138.34
ORD-2024-13524,P0911,WH_BLR_S,2,58.36,848.96,8.61,0.0,915.93,457.96
ORD-2024-13525,P0345,WH_MUMBAI_W,23,16182.570000000002,562.68,98.97,0.0,16844.22,732.36
ORD-2024-13526,P0911,WH_BLR_S,17,496.06,1287.29,73.15,0.0,1856.5,109.21
ORD-2024-13527,P0280,WH_BLR_S,25,13568.5,1505.19,107.57,0.0,15181.26,607.25
ORD-2024-13528,P0567,WH_BLR_S,12,4432.32,696.13,51.64,0.0,5180.09,431.67
ORD-2024-13529,P0030,WH_MUMBAI_W,27,10479.51,1074.9,116.18,0.0,11670.59,432.24
ORD-2024-13530,P0254,WH_NAGPUR_C,20,1116.2,699.56,86.06,0.0,1901.82,95.09
ORD-2024-13531,P0458,WH_DELHI_N,9,7342.2,1526.22,38.73,0.0,8907.15,989.68
ORD-2024-13532,P0294,WH_DELHI_N,23,871.6999999999999,819.74,98.97,0.0,1790.41,77.84
ORD-2024-13533,P0511,WH_NAGPUR_C,36,22054.32,561.22,154.91,0.0,22770.45,632.51
ORD-2024-13534,P0230,WH_NAGPUR_C,28,9817.36,651.78,120.48,0.0,10589.62,378.2
ORD-2024-13535,P0069,WH_NAGPUR_C,48,4831.68,504.31,206.54,0.0,5542.53,115.47
ORD-2024-13536,P0027,WH_NAGPUR_C,29,15029.83,969.4,124.79,0.0,16124.02,556.0
ORD-2024-13537,P0663,WH_BLR_S,42,34398.84,203.59,180.72,0.0,34783.15,828.17
ORD-2024-13538,P0097,WH_DELHI_N,32,7381.44,1098.19,137.69,0.0,8617.32,269.29
ORD-2024-13539,P0540,WH_MUMBAI_W,12,4752.6,1251.9,51.64,0.0,6056.14,504.68
ORD-2024-13540,P0708,WH_MUMBAI_W,30,6258.9,614.78,129.09,0.0,7002.77,233.43
ORD-2024-13541,P0347,WH_NAGPUR_C,11,9117.68,560.57,47.33,0.0,9725.58,884.14
ORD-2024-13542,P0988,WH_NAGPUR_C,37,30265.260000000002,636.03,159.21,0.0,31060.5,839.47
ORD-2024-13543,P0783,WH_NAGPUR_C,20,10966.800000000001,959.54,86.06,0.0,12012.4,600.62
ORD-2024-13544,P0633,WH_BLR_S,11,5365.469999999999,176.22,47.33,0.0,5589.02,508.09
ORD-2024-13545,P0161,WH_BLR_S,48,13750.079999999998,870.93,206.54,0.0,14827.55,308.91
ORD-2024-13546,P0222,WH_KOLKATA_E,47,8884.88,1036.3,202.24,0.0,10123.42,215.39
ORD-2024-13547,P0975,WH_BLR_S,38,1595.2399999999998,1523.07,163.51,0.0,3281.82,86.36
ORD-2024-13548,P0069,WH_MUMBAI_W,45,4529.7,1554.86,193.63,0.0,6278.19,139.52
ORD-2024-13549,P0911,WH_NAGPUR_C,16,466.88,608.56,68.85,0.0,1144.29,71.52
ORD-2024-13550,P0088,WH_MUMBAI_W,35,7135.45,1167.47,150.6,0.0,8453.52,241.53
ORD-2024-13551,P0595,WH_DELHI_N,1,237.8,1231.72,4.3,0.0,1473.82,1473.82
ORD-2024-13552,P0276,WH_NAGPUR_C,25,16476.5,1305.0,107.57,0.0,17889.07,715.56
ORD-2024-13553,P0064,WH_BLR_S,49,12330.85,268.74,210.85,0.0,12810.44,261.44
ORD-2024-13554,P0927,WH_BLR_S,27,2535.03,390.81,116.18,0.0,3042.02,112.67
ORD-2024-13555,P0553,WH_KOLKATA_E,32,8573.44,593.75,137.69,0.0,9304.88,290.78
ORD-2024-13556,P0070,WH_DELHI_N,6,3186.42,624.64,25.82,0.0,3836.88,639.48
ORD-2024-13557,P0254,WH_MUMBAI_W,41,2288.21,1366.07,176.42,0.0,3830.7,93.43
ORD-2024-13558,P0353,WH_MUMBAI_W,36,29136.24,1275.7,154.91,0.0,30566.85,849.08
ORD-2024-13559,P0554,WH_KOLKATA_E,39,28527.33,830.39,167.82,0.0,29525.54,757.07
ORD-2024-13560,P0188,WH_BLR_S,23,18420.24,752.84,98.97,0.0,19272.05,837.92
ORD-2024-13561,P0834,WH_BLR_S,29,18530.13,816.59,124.79,0.0,19471.51,671.43
ORD-2024-13562,P0116,WH_MUMBAI_W,30,5289.3,235.99,129.09,0.0,5654.38,188.48
ORD-2024-13563,P0714,WH_NAGPUR_C,22,1594.78,729.01,94.67,0.0,2418.46,109.93
ORD-2024-13564,P0876,WH_KOLKATA_E,11,4860.13,378.47,47.33,0.0,5285.93,480.54
ORD-2024-13565,P0662,WH_NAGPUR_C,26,19061.899999999998,272.04,111.88,0.0,19445.82,747.92
ORD-2024-13566,P0159,WH_KOLKATA_E,23,9123.18,1114.17,98.97,0.0,10336.32,449.41
ORD-2024-13567,P0116,WH_DELHI_N,3,528.9300000000001,971.11,12.91,0.0,1512.95,504.32
ORD-2024-13568,P0688,WH_NAGPUR_C,48,9069.119999999999,789.54,206.54,0.0,10065.2,209.69
ORD-2024-13569,P0487,WH_BLR_S,6,265.20000000000005,1245.88,25.82,0.0,1536.9,256.15
ORD-2024-13570,P0476,WH_MUMBAI_W,7,3731.5600000000004,983.46,30.12,0.0,4745.14,677.88
ORD-2024-13571,P0103,WH_KOLKATA_E,44,5712.08,526.83,189.33,0.0,6428.24,146.1
ORD-2024-13572,P0038,WH_MUMBAI_W,39,15471.3,1133.81,167.82,0.0,16772.93,430.08
ORD-2024-13573,P0091,WH_MUMBAI_W,22,14663.439999999999,514.0,94.67,0.0,15272.11,694.19
ORD-2024-13574,P0230,WH_NAGPUR_C,48,16829.760000000002,183.03,206.54,0.0,17219.33,358.74
ORD-2024-13575,P0759,WH_NAGPUR_C,42,23136.96,1584.14,180.72,0.0,24901.82,592.9
ORD-2024-13576,P0641,WH_BLR_S,33,17473.5,1360.51,142.0,0.0,18976.01,575.03
ORD-2024-13577,P0102,WH_DELHI_N,40,3735.6,858.72,172.12,0.0,4766.44,119.16
ORD-2024-13578,P0076,WH_MUMBAI_W,3,693.78,245.86,12.91,0.0,952.55,317.52
ORD-2024-13579,P0544,WH_BLR_S,30,13687.5,745.65,129.09,0.0,14562.24,485.41
ORD-2024-13580,P0176,WH_BLR_S,48,5427.36,904.22,206.54,0.0,6538.12,136.21
ORD-2024-13581,P0195,WH_MUMBAI_W,24,13844.64,693.05,103.27,0.0,14640.96,610.04
ORD-2024-13582,P0422,WH_KOLKATA_E,3,1286.4,416.48,12.91,0.0,1715.79,571.93
ORD-2024-13583,P0748,WH_KOLKATA_E,2,360.4,867.36,8.61,0.0,1236.37,618.18
ORD-2024-13584,P0335,WH_NAGPUR_C,44,37055.479999999996,1423.01,189.33,0.0,38667.82,878.81
ORD-2024-13585,P0560,WH_MUMBAI_W,40,1451.2,506.23,172.12,0.0,2129.55,53.24
ORD-2024-13586,P0545,WH_NAGPUR_C,19,5541.16,1526.3,81.76,0.0,7149.22,376.27
ORD-2024-13587,P0634,WH_DELHI_N,24,17642.4,664.22,103.27,0.0,18409.89,767.08
ORD-2024-13588,P0084,WH_KOLKATA_E,20,16383.599999999999,538.87,86.06,0.0,17008.53,850.43
ORD-2024-13589,P0479,WH_KOLKATA_E,47,32695.079999999998,1402.22,202.24,0.0,34299.54,729.78
ORD-2024-13590,P0487,WH_NAGPUR_C,49,2165.8,312.52,210.85,0.0,2689.17,54.88
ORD-2024-13591,P0080,WH_NAGPUR_C,31,9069.98,1381.84,133.39,0.0,10585.21,341.46
ORD-2024-13592,P0202,WH_BLR_S,41,11825.630000000001,841.59,176.42,0.0,12843.64,313.26
ORD-2024-13593,P0476,WH_NAGPUR_C,31,16525.48,314.79,133.39,0.0,16973.66,547.54
ORD-2024-13594,P0135,WH_MUMBAI_W,37,22564.45,1232.37,159.21,0.0,23956.03,647.46
ORD-2024-13595,P0673,WH_BLR_S,43,21377.02,693.6,185.03,0.0,22255.65,517.57
ORD-2024-13596,P0125,WH_NAGPUR_C,29,5583.37,1196.98,124.79,0.0,6905.14,238.11
ORD-2024-13597,P0569,WH_DELHI_N,4,2484.08,820.5,17.21,0.0,3321.79,830.45
ORD-2024-13598,P0748,WH_MUMBAI_W,10,1802.0,1321.81,43.03,0.0,3166.84,316.68
ORD-2024-13599,P0913,WH_NAGPUR_C,36,23385.24,232.87,154.91,0.0,23773.02,660.36
ORD-2024-13600,P0581,WH_MUMBAI_W,35,1353.8,803.16,150.6,0.0,2307.56,65.93
ORD-2024-13601,P0103,WH_KOLKATA_E,48,6231.36,880.69,206.54,0.0,7318.59,152.47
ORD-2024-13602,P0152,WH_NAGPUR_C,21,5229.42,1330.54,90.36,0.0,6650.32,316.68
ORD-2024-13603,P0998,WH_DELHI_N,43,2901.21,1369.65,185.03,0.0,4455.89,103.63
ORD-2024-13604,P0261,WH_BLR_S,41,18043.69,840.28,176.42,0.0,19060.39,464.89
ORD-2024-13605,P0840,WH_MUMBAI_W,1,327.25,566.7,4.3,0.0,898.25,898.25
ORD-2024-13606,P0711,WH_MUMBAI_W,42,31662.96,824.23,180.72,0.0,32667.91,777.81
ORD-2024-13607,P0884,WH_BLR_S,12,3412.08,1222.07,51.64,0.0,4685.79,390.48
ORD-2024-13608,P0545,WH_MUMBAI_W,24,6999.36,317.57,103.27,0.0,7420.2,309.18
ORD-2024-13609,P0492,WH_MUMBAI_W,2,1383.4,1568.44,8.61,0.0,2960.45,1480.22
ORD-2024-13610,P0596,WH_KOLKATA_E,47,11209.03,1054.26,202.24,0.0,12465.53,265.22
ORD-2024-13611,P0711,WH_DELHI_N,20,15077.6,780.13,86.06,0.0,15943.79,797.19
ORD-2024-13612,P0027,WH_NAGPUR_C,16,8292.32,985.03,68.85,0.0,9346.2,584.14
ORD-2024-13613,P0663,WH_BLR_S,34,27846.68,1459.71,146.3,0.0,29452.69,866.26
ORD-2024-13614,P0364,WH_KOLKATA_E,13,10872.16,717.29,55.94,0.0,11645.39,895.8
ORD-2024-13615,P0368,WH_KOLKATA_E,18,14738.22,510.08,77.45,0.0,15325.75,851.43
ORD-2024-13616,P0070,WH_BLR_S,29,15401.03,1175.57,124.79,0.0,16701.39,575.91
ORD-2024-13617,P0492,WH_DELHI_N,43,29743.100000000002,153.78,185.03,0.0,30081.91,699.58
ORD-2024-13618,P0125,WH_NAGPUR_C,14,2695.42,587.73,60.24,0.0,3343.39,238.81
ORD-2024-13619,P0335,WH_MUMBAI_W,30,25265.1,394.41,129.09,0.0,25788.6,859.62
ORD-2024-13620,P0913,WH_DELHI_N,35,22735.65,1256.51,150.6,0.0,24142.76,689.79
ORD-2024-13621,P0981,WH_KOLKATA_E,9,569.88,1361.38,38.73,0.0,1969.99,218.89
ORD-2024-13622,P0458,WH_MUMBAI_W,37,30184.6,1381.03,159.21,0.0,31724.84,857.43
ORD-2024-13623,P0637,WH_NAGPUR_C,46,17011.26,198.53,197.94,0.0,17407.73,378.43
ORD-2024-13624,P0822,WH_NAGPUR_C,39,16599.57,277.22,167.82,0.0,17044.61,437.04
ORD-2024-13625,P0746,WH_DELHI_N,12,7071.24,1474.99,51.64,0.0,8597.87,716.49
ORD-2024-13626,P0634,WH_NAGPUR_C,21,15437.1,1060.8,90.36,0.0,16588.26,789.92
ORD-2024-13627,P0866,WH_DELHI_N,18,10068.12,524.47,77.45,0.0,10670.04,592.78
ORD-2024-13628,P0353,WH_MUMBAI_W,11,8902.74,995.22,47.33,0.0,9945.29,904.12
ORD-2024-13629,P0102,WH_KOLKATA_E,27,2521.53,1111.31,116.18,0.0,3749.02,138.85
ORD-2024-13630,P0754,WH_NAGPUR_C,24,17272.079999999998,1109.17,103.27,0.0,18484.52,770.19
ORD-2024-13631,P0533,WH_KOLKATA_E,41,7277.5,698.77,176.42,0.0,8152.69,198.85
ORD-2024-13632,P0911,WH_KOLKATA_E,43,1254.74,1060.34,185.03,0.0,2500.11,58.14
ORD-2024-13633,P0554,WH_MUMBAI_W,34,24869.98,261.99,146.3,0.0,25278.27,743.48
ORD-2024-13634,P0992,WH_DELHI_N,20,10234.199999999999,1603.37,86.06,0.0,11923.63,596.18
ORD-2024-13635,P0560,WH_DELHI_N,13,471.64,1286.03,55.94,0.0,1813.61,139.51
ORD-2024-13636,P0759,WH_MUMBAI_W,47,25891.36,1392.87,202.24,0.0,27486.47,584.82
ORD-2024-13637,P0159,WH_KOLKATA_E,8,3173.28,527.89,34.42,0.0,3735.59,466.95
ORD-2024-13638,P0560,WH_MUMBAI_W,37,1342.3600000000001,463.69,159.21,0.0,1965.26,53.12
ORD-2024-13639,P0410,WH_KOLKATA_E,5,2566.5499999999997,887.26,21.51,0.0,3475.32,695.06
ORD-2024-13640,P0866,WH_NAGPUR_C,7,3915.38,737.71,30.12,0.0,4683.21,669.03
ORD-2024-13641,P0673,WH_BLR_S,44,21874.16,446.63,189.33,0.0,22510.12,511.59
ORD-2024-13642,P0583,WH_KOLKATA_E,12,4909.4400000000005,1369.25,51.64,0.0,6330.33,527.53
ORD-2024-13643,P0109,WH_BLR_S,41,18624.25,312.24,176.42,0.0,19112.91,466.17
ORD-2024-13644,P0005,WH_DELHI_N,4,1419.56,223.05,17.21,0.0,1659.82,414.96
ORD-2024-13645,P0714,WH_DELHI_N,40,2899.6,1368.83,172.12,0.0,4440.55,111.01
ORD-2024-13646,P0553,WH_DELHI_N,19,5090.4800000000005,360.79,81.76,0.0,5533.03,291.21
ORD-2024-13647,P0280,WH_DELHI_N,1,542.74,1507.72,4.3,0.0,2054.76,2054.76
ORD-2024-13648,P0188,WH_BLR_S,43,34437.84,903.05,185.03,0.0,35525.92,826.18
ORD-2024-13649,P0755,WH_KOLKATA_E,13,7899.45,940.64,55.94,0.0,8896.03,684.31
ORD-2024-13650,P0867,WH_MUMBAI_W,42,32763.36,274.03,180.72,0.0,33218.11,790.91
ORD-2024-13651,P0748,WH_NAGPUR_C,45,8108.999999999999,859.6,193.63,0.0,9162.23,203.61
ORD-2024-13652,P0867,WH_KOLKATA_E,25,19502.0,1428.32,107.57,0.0,21037.89,841.52
ORD-2024-13653,P0195,WH_KOLKATA_E,44,25381.84,1295.27,189.33,0.0,26866.44,610.6
ORD-2024-13654,P0011,WH_DELHI_N,45,19195.2,538.98,193.63,0.0,19927.81,442.84
ORD-2024-13655,P0432,WH_BLR_S,34,25969.539999999997,208.11,146.3,0.0,26323.95,774.23
ORD-2024-13656,P0064,WH_BLR_S,35,8807.75,356.77,150.6,0.0,9315.12,266.15
ORD-2024-13657,P0608,WH_KOLKATA_E,17,14199.93,1196.46,73.15,0.0,15469.54,909.97
ORD-2024-13658,P0410,WH_BLR_S,26,13346.059999999998,822.27,111.88,0.0,14280.21,549.24
ORD-2024-13659,P0746,WH_BLR_S,21,12374.67,759.82,90.36,0.0,13224.85,629.75
ORD-2024-13660,P0719,WH_KOLKATA_E,12,2811.48,1329.21,51.64,0.0,4192.33,349.36
ORD-2024-13661,P0011,WH_DELHI_N,16,6824.96,742.76,68.85,0.0,7636.57,477.29
ORD-2024-13662,P0458,WH_NAGPUR_C,20,16316.0,893.29,86.06,0.0,17295.35,864.77
ORD-2024-13663,P0470,WH_MUMBAI_W,10,7155.0,252.91,43.03,0.0,7450.94,745.09
ORD-2024-13664,P0102,WH_NAGPUR_C,23,2147.97,1319.77,98.97,0.0,3566.71,155.07
ORD-2024-13665,P0195,WH_BLR_S,47,27112.420000000002,772.36,202.24,0.0,28087.02,597.6
ORD-2024-13666,P0084,WH_KOLKATA_E,30,24575.399999999998,1424.79,129.09,0.0,26129.28,870.98
ORD-2024-13667,P0911,WH_NAGPUR_C,8,233.44,589.69,34.42,0.0,857.55,107.19
ORD-2024-13668,P0213,WH_BLR_S,5,2152.9,330.56,21.51,0.0,2504.97,500.99
ORD-2024-13669,P0466,WH_NAGPUR_C,12,2662.08,215.75,51.64,0.0,2929.47,244.12
ORD-2024-13670,P0492,WH_DELHI_N,42,29051.4,1205.4,180.72,0.0,30437.52,724.7
ORD-2024-13671,P0368,WH_DELHI_N,14,11463.06,866.55,60.24,0.0,12389.85,884.99
ORD-2024-13672,P0857,WH_KOLKATA_E,12,6208.799999999999,561.43,51.64,0.0,6821.87,568.49
ORD-2024-13673,P0709,WH_BLR_S,24,11597.52,621.09,103.27,0.0,12321.88,513.41
ORD-2024-13674,P0852,WH_MUMBAI_W,45,29758.499999999996,673.65,193.63,0.0,30625.78,680.57
ORD-2024-13675,P0254,WH_NAGPUR_C,17,948.77,811.19,73.15,0.0,1833.11,107.83
ORD-2024-13676,P0064,WH_BLR_S,1,251.65,615.85,4.3,0.0,871.8,871.8
ORD-2024-13677,P0663,WH_MUMBAI_W,42,34398.84,867.09,180.72,0.0,35446.65,843.97
ORD-2024-13678,P0337,WH_BLR_S,37,12288.81,1393.89,159.21,0.0,13841.91,374.11
ORD-2024-13679,P0791,WH_DELHI_N,11,3745.83,902.48,47.33,0.0,4695.64,426.88
ORD-2024-13680,P0076,WH_NAGPUR_C,42,9712.92,1276.88,180.72,0.0,11170.52,265.96
ORD-2024-13681,P0663,WH_KOLKATA_E,6,4914.12,1006.4,25.82,0.0,5946.34,991.06
ORD-2024-13682,P0716,WH_MUMBAI_W,15,5567.55,545.52,64.54,0.0,6177.61,411.84
ORD-2024-13683,P0408,WH_BLR_S,41,6955.650000000001,1490.63,176.42,0.0,8622.7,210.31
ORD-2024-13684,P0125,WH_KOLKATA_E,40,7701.2,284.92,172.12,0.0,8158.24,203.96
ORD-2024-13685,P0222,WH_NAGPUR_C,23,4347.92,1524.51,98.97,0.0,5971.4,259.63
ORD-2024-13686,P0300,WH_KOLKATA_E,23,9289.24,1414.88,98.97,0.0,10803.09,469.7
ORD-2024-13687,P0195,WH_DELHI_N,38,21920.68,319.17,163.51,0.0,22403.36,589.56
ORD-2024-13688,P0809,WH_KOLKATA_E,38,10598.960000000001,274.08,163.51,0.0,11036.55,290.44
ORD-2024-13689,P0962,WH_DELHI_N,49,5957.42,494.85,210.85,0.0,6663.12,135.98
ORD-2024-13690,P0592,WH_DELHI_N,12,7605.12,1161.47,51.64,0.0,8818.23,734.85
ORD-2024-13691,P0857,WH_NAGPUR_C,7,3621.7999999999997,851.51,30.12,0.0,4503.43,643.35
ORD-2024-13692,P0230,WH_NAGPUR_C,37,12972.94,1283.5,159.21,0.0,14415.65,389.61
ORD-2024-13693,P0834,WH_NAGPUR_C,16,10223.52,1617.28,68.85,0.0,11909.65,744.35
ORD-2024-13694,P0316,WH_DELHI_N,38,26677.14,911.46,163.51,0.0,27752.11,730.32
ORD-2024-13695,P0904,WH_NAGPUR_C,40,8861.6,233.81,172.12,0.0,9267.53,231.69
ORD-2024-13696,P0821,WH_BLR_S,35,17335.5,1632.7206,150.6,0.0,19118.82,546.25
ORD-2024-13697,P0139,WH_DELHI_N,40,23928.0,660.3,172.12,0.0,24760.42,619.01
ORD-2024-13698,P0857,WH_KOLKATA_E,29,15004.599999999999,836.64,124.79,0.0,15966.03,550.55
ORD-2024-13699,P0297,WH_BLR_S,39,17346.03,1110.97,167.82,0.0,18624.82,477.56
ORD-2024-13700,P0356,WH_KOLKATA_E,17,13934.22,1344.65,73.15,0.0,15352.02,903.06
ORD-2024-13701,P0159,WH_NAGPUR_C,26,10313.16,834.28,111.88,0.0,11259.32,433.05
ORD-2024-13702,P0119,WH_KOLKATA_E,20,4604.0,152.03,86.06,0.0,4842.09,242.1
ORD-2024-13703,P0429,WH_BLR_S,46,32941.06,978.52,197.94,0.0,34117.52,741.69
ORD-2024-13704,P0783,WH_NAGPUR_C,25,13708.5,807.75,107.57,0.0,14623.82,584.95
ORD-2024-13705,P0866,WH_MUMBAI_W,38,21254.920000000002,856.79,163.51,0.0,22275.22,586.19
ORD-2024-13706,P0568,WH_BLR_S,39,29501.940000000002,468.96,167.82,0.0,30138.72,772.79
ORD-2024-13707,P0581,WH_DELHI_N,37,1431.16,168.2,159.21,0.0,1758.57,47.53
ORD-2024-13708,P0545,WH_DELHI_N,19,5541.16,409.14,81.76,0.0,6032.06,317.48
ORD-2024-13709,P0746,WH_BLR_S,21,12374.67,931.18,90.36,0.0,13396.21,637.91
ORD-2024-13710,P0714,WH_DELHI_N,32,2319.68,1115.92,137.69,0.0,3573.29,111.67
ORD-2024-13711,P0672,WH_NAGPUR_C,28,6968.08,243.62,120.48,0.0,7332.18,261.86
ORD-2024-13712,P0565,WH_DELHI_N,39,4625.79,698.28,167.82,0.0,5491.89,140.82
ORD-2024-13713,P0097,WH_NAGPUR_C,41,9457.47,957.24,176.42,0.0,10591.13,258.32
ORD-2024-13714,P0222,WH_MUMBAI_W,12,2268.48,750.83,51.64,0.0,3070.95,255.91
ORD-2024-13715,P0027,WH_DELHI_N,47,24358.69,1143.4,202.24,0.0,25704.33,546.9
ORD-2024-13716,P0345,WH_KOLKATA_E,15,10553.85,1415.48,64.54,0.0,12033.87,802.26
ORD-2024-13717,P0152,WH_DELHI_N,28,6972.56,493.75,120.48,0.0,7586.79,270.96
ORD-2024-13718,P0432,WH_BLR_S,21,16040.009999999998,1249.39,90.36,0.0,17379.76,827.61
ORD-2024-13719,P0719,WH_BLR_S,16,3748.64,433.41,68.85,0.0,4250.9,265.68
ORD-2024-13720,P0641,WH_MUMBAI_W,23,12178.5,910.22,98.97,0.0,13187.69,573.38
ORD-2024-13721,P0088,WH_DELHI_N,26,5300.62,1324.11,111.88,0.0,6736.61,259.1
ORD-2024-13722,P0837,WH_MUMBAI_W,15,9753.300000000001,1426.28,64.54,0.0,11244.12,749.61
ORD-2024-13723,P0205,WH_MUMBAI_W,37,20523.16,778.37,159.21,0.0,21460.74,580.02
ORD-2024-13724,P0801,WH_NAGPUR_C,12,7078.799999999999,1273.89,51.64,0.0,8404.33,700.36
ORD-2024-13725,P0213,WH_KOLKATA_E,4,1722.32,869.28,17.21,0.0,2608.81,652.2
ORD-2024-13726,P0062,WH_BLR_S,35,4220.650000000001,1033.07,150.6,0.0,5404.32,154.41
ORD-2024-13727,P0131,WH_MUMBAI_W,31,2399.4,900.04,133.39,0.0,3432.83,110.74
ORD-2024-13728,P0754,WH_MUMBAI_W,27,19431.09,1005.06,116.18,0.0,20552.33,761.2
ORD-2024-13729,P0279,WH_BLR_S,32,22167.04,212.8,137.69,0.0,22517.53,703.67
ORD-2024-13730,P0404,WH_BLR_S,33,20688.69,1278.97,142.0,0.0,22109.66,669.99
ORD-2024-13731,P0022,WH_MUMBAI_W,13,7528.95,518.54,55.94,0.0,8103.43,623.34
ORD-2024-13732,P0022,WH_NAGPUR_C,37,21428.55,351.83,159.21,0.0,21939.59,592.96
ORD-2024-13733,P0470,WH_KOLKATA_E,44,31482.0,670.13,189.33,0.0,32341.46,735.03
ORD-2024-13734,P0220,WH_NAGPUR_C,2,1197.42,174.03,8.61,0.0,1380.06,690.03
ORD-2024-13735,P0790,WH_KOLKATA_E,38,16433.48,150.24,163.51,0.0,16747.23,440.72
ORD-2024-13736,P0492,WH_MUMBAI_W,37,25592.9,691.58,159.21,0.0,26443.69,714.69
ORD-2024-13737,P0449,WH_BLR_S,5,1563.25,856.55,21.51,0.0,2441.31,488.26
ORD-2024-13738,P0672,WH_MUMBAI_W,18,4479.4800000000005,1486.66,77.45,0.0,6043.59,335.76
ORD-2024-13739,P0198,WH_DELHI_N,48,34421.76,722.79,206.54,0.0,35351.09,736.48
ORD-2024-13740,P0337,WH_MUMBAI_W,17,5646.21,1426.19,73.15,0.0,7145.55,420.33
ORD-2024-13741,P0021,WH_KOLKATA_E,2,494.54,1016.41,8.61,0.0,1519.56,759.78
ORD-2024-13742,P0909,WH_KOLKATA_E,49,16208.22,842.56,210.85,0.0,17261.63,352.28
ORD-2024-13743,P0191,WH_NAGPUR_C,42,3851.4,275.31,180.72,0.0,4307.43,102.56
ORD-2024-13744,P0716,WH_KOLKATA_E,35,12990.95,1312.87,150.6,0.0,14454.42,412.98
ORD-2024-13745,P0926,WH_MUMBAI_W,14,7602.139999999999,1023.1,60.24,0.0,8685.48,620.39
ORD-2024-13746,P0476,WH_MUMBAI_W,12,6396.960000000001,447.79,51.64,0.0,6896.39,574.7
ORD-2024-13747,P0410,WH_DELHI_N,33,16939.23,442.15,142.0,0.0,17523.38,531.01
ORD-2024-13748,P0565,WH_NAGPUR_C,7,830.27,1356.18,30.12,0.0,2216.57,316.65
ORD-2024-13749,P0368,WH_KOLKATA_E,39,31932.809999999998,1371.22,167.82,0.0,33471.85,858.25
ORD-2024-13750,P0372,WH_MUMBAI_W,45,29369.25,1206.62,193.63,0.0,30769.5,683.77
ORD-2024-13751,P0584,WH_DELHI_N,9,4320.54,509.87,38.73,0.0,4869.14,541.02
ORD-2024-13752,P0470,WH_BLR_S,5,3577.5,247.21,21.51,0.0,3846.22,769.24
ORD-2024-13753,P0332,WH_NAGPUR_C,4,2545.2,798.11,17.21,0.0,3360.52,840.13
ORD-2024-13754,P0836,WH_KOLKATA_E,32,12203.2,875.79,137.69,0.0,13216.68,413.02
ORD-2024-13755,P0965,WH_DELHI_N,5,1233.25,882.54,21.51,0.0,2137.3,427.46
ORD-2024-13756,P0332,WH_KOLKATA_E,44,27997.199999999997,909.01,189.33,0.0,29095.54,661.26
ORD-2024-13757,P0422,WH_NAGPUR_C,8,3430.4,1300.41,34.42,0.0,4765.23,595.65
ORD-2024-13758,P0429,WH_DELHI_N,13,9309.43,1101.54,55.94,0.0,10466.91,805.15
ORD-2024-13759,P0038,WH_DELHI_N,4,1586.8,601.53,17.21,0.0,2205.54,551.38
ORD-2024-13760,P0567,WH_KOLKATA_E,11,4062.96,191.44,47.33,0.0,4301.73,391.07
ORD-2024-13761,P0202,WH_KOLKATA_E,15,4326.45,795.13,64.54,0.0,5186.12,345.74
ORD-2024-13762,P0533,WH_DELHI_N,46,8165.0,330.84,197.94,0.0,8693.78,189.0
ORD-2024-13763,P0708,WH_DELHI_N,18,3755.34,758.58,77.45,0.0,4591.37,255.08
ORD-2024-13764,P0131,WH_KOLKATA_E,20,1548.0,419.74,86.06,0.0,2053.8,102.69
ORD-2024-13765,P0432,WH_KOLKATA_E,1,763.81,733.18,4.3,0.0,1501.29,1501.29
ORD-2024-13766,P0119,WH_DELHI_N,1,230.2,534.51,4.3,0.0,769.01,769.01
ORD-2024-13767,P0627,WH_MUMBAI_W,11,9286.2,645.54,47.33,0.0,9979.07,907.19
ORD-2024-13768,P0261,WH_BLR_S,29,12762.609999999999,441.74,124.79,0.0,13329.14,459.63
ORD-2024-13769,P0637,WH_NAGPUR_C,29,10724.49,956.62,124.79,0.0,11805.9,407.1
ORD-2024-13770,P0545,WH_NAGPUR_C,24,6999.36,1202.63,103.27,0.0,8305.26,346.05
ORD-2024-13771,P0084,WH_MUMBAI_W,20,16383.599999999999,912.65,86.06,0.0,17382.31,869.12
ORD-2024-13772,P0097,WH_DELHI_N,30,6920.099999999999,1623.46,129.09,0.0,8672.65,289.09
ORD-2024-13773,P0231,WH_DELHI_N,38,22610.76,771.09,163.51,0.0,23545.36,619.61
ORD-2024-13774,P0150,WH_BLR_S,5,1122.65,413.26,21.51,0.0,1557.42,311.48
ORD-2024-13775,P0487,WH_KOLKATA_E,45,1989.0000000000002,1377.81,193.63,0.0,3560.44,79.12
ORD-2024-13776,P0927,WH_BLR_S,10,938.9,798.86,43.03,0.0,1780.79,178.08
ORD-2024-13777,P0176,WH_MUMBAI_W,6,678.42,604.86,25.82,0.0,1309.1,218.18
ORD-2024-13778,P0893,WH_KOLKATA_E,4,2278.64,838.18,17.21,0.0,3134.03,783.51
ORD-2024-13779,P0584,WH_BLR_S,4,1920.24,280.38,17.21,0.0,2217.83,554.46
ORD-2024-13780,P0429,WH_NAGPUR_C,7,5012.77,1443.75,30.12,0.0,6486.64,926.66
ORD-2024-13781,P0517,WH_NAGPUR_C,48,14303.52,1381.51,206.54,0.0,15891.57,331.07
ORD-2024-13782,P0988,WH_MUMBAI_W,33,26993.34,1526.64,142.0,0.0,28661.98,868.54
ORD-2024-13783,P0084,WH_BLR_S,9,7372.62,833.55,38.73,0.0,8244.9,916.1
ORD-2024-13784,P0759,WH_NAGPUR_C,26,14322.88,601.81,111.88,0.0,15036.57,578.33
ORD-2024-13785,P0267,WH_MUMBAI_W,47,10069.75,438.18,202.24,0.0,10710.17,227.88
ORD-2024-13786,P0150,WH_DELHI_N,41,9205.73,1001.67,176.42,0.0,10383.82,253.26
ORD-2024-13787,P0755,WH_DELHI_N,21,12760.65,462.36,90.36,0.0,13313.37,633.97
ORD-2024-13788,P0892,WH_BLR_S,22,1384.9,511.28,94.67,0.0,1990.85,90.49
ORD-2024-13789,P0711,WH_MUMBAI_W,33,24878.04,95.6674,142.0,0.0,25115.71,761.08
ORD-2024-13790,P0824,WH_NAGPUR_C,33,27230.94,1493.78,142.0,0.0,28866.72,874.75
ORD-2024-13791,P0595,WH_DELHI_N,48,11414.400000000001,1481.87,206.54,0.0,13102.81,272.98
ORD-2024-13792,P0337,WH_DELHI_N,5,1660.65,1111.09,21.51,0.0,2793.25,558.65
ORD-2024-13793,P0866,WH_MUMBAI_W,21,11746.140000000001,1225.33,90.36,0.0,13061.83,621.99
ORD-2024-13794,P0975,WH_KOLKATA_E,27,1133.4599999999998,1358.14,116.18,0.0,2607.78,96.58
ORD-2024-13795,P0143,WH_DELHI_N,41,25955.05,338.26,176.42,0.0,26469.73,645.6
ORD-2024-13796,P0962,WH_KOLKATA_E,1,121.58,845.15,4.3,0.0,971.03,971.03
ORD-2024-13797,P0280,WH_DELHI_N,16,8683.84,897.88,68.85,0.0,9650.57,603.16
ORD-2024-13798,P0152,WH_NAGPUR_C,35,8715.7,106.96,150.6,0.0,8973.26,256.38
ORD-2024-13799,P0913,WH_NAGPUR_C,36,23385.24,1165.25,154.91,0.0,24705.4,686.26
ORD-2024-13800,P0663,WH_KOLKATA_E,44,36036.88,215.2,189.33,0.0,36441.41,828.21
ORD-2024-13801,P0193,WH_NAGPUR_C,32,11461.12,887.08,137.69,0.0,12485.89,390.18
ORD-2024-13802,P0116,WH_NAGPUR_C,29,5112.99,1192.54,124.79,0.0,6430.32,221.74
ORD-2024-13803,P0364,WH_DELHI_N,39,32616.480000000003,251.67,167.82,0.0,33035.97,847.08
ORD-2024-13804,P0925,WH_KOLKATA_E,47,11291.28,318.67,202.24,0.0,11812.19,251.32
ORD-2024-13805,P0466,WH_BLR_S,23,5102.32,1473.96,98.97,0.0,6675.25,290.23
ORD-2024-13806,P0062,WH_BLR_S,15,1808.8500000000001,1158.68,64.54,0.0,3032.07,202.14
ORD-2024-13807,P0319,WH_MUMBAI_W,26,1575.86,1319.85,111.88,0.0,3007.59,115.68
ORD-2024-13808,P0213,WH_DELHI_N,37,15931.46,356.54,159.21,0.0,16447.21,444.52
ORD-2024-13809,P0925,WH_NAGPUR_C,25,6006.0,1039.76,107.57,0.0,7153.33,286.13
ORD-2024-13810,P0884,WH_KOLKATA_E,2,568.68,283.33,8.61,0.0,860.62,430.31
ORD-2024-13811,P0319,WH_NAGPUR_C,12,727.3199999999999,711.15,51.64,0.0,1490.11,124.18
ORD-2024-13812,P0476,WH_DELHI_N,19,10128.52,95.6674,81.76,0.0,10305.95,542.42
ORD-2024-13813,P0568,WH_MUMBAI_W,32,24206.72,537.85,137.69,0.0,24882.26,777.57
ORD-2024-13814,P0544,WH_BLR_S,23,10493.75,1510.7,98.97,0.0,12103.42,526.24
ORD-2024-13815,P0188,WH_MUMBAI_W,5,4004.4,1076.08,21.51,0.0,5101.99,1020.4
ORD-2024-13816,P0491,WH_KOLKATA_E,25,1428.5,95.6674,107.57,0.0,1631.74,65.27
ORD-2024-13817,P0965,WH_KOLKATA_E,35,8632.75,1204.19,150.6,0.0,9987.54,285.36
ORD-2024-13818,P0154,WH_KOLKATA_E,29,10896.75,650.48,124.79,0.0,11672.02,402.48
ORD-2024-13819,P0084,WH_KOLKATA_E,38,31128.839999999997,542.33,163.51,0.0,31834.68,837.75
ORD-2024-13820,P0852,WH_KOLKATA_E,45,29758.499999999996,508.28,193.63,0.0,30460.41,676.9
ORD-2024-13821,P0822,WH_NAGPUR_C,20,8512.6,669.75,86.06,0.0,9268.41,463.42
ORD-2024-13822,P0364,WH_NAGPUR_C,47,39307.04,497.67,202.24,0.0,40006.95,851.21
ORD-2024-13823,P0867,WH_KOLKATA_E,36,28082.88,1440.94,154.91,0.0,29678.73,824.41
ORD-2024-13824,P0261,WH_DELHI_N,7,3080.6299999999997,1104.3,30.12,0.0,4215.05,602.15
ORD-2024-13825,P0876,WH_DELHI_N,22,9720.26,1524.5,94.67,0.0,11339.43,515.43
ORD-2024-13826,P0759,WH_NAGPUR_C,18,9915.84,180.89,77.45,0.0,10174.18,565.23
ORD-2024-13827,P0530,WH_DELHI_N,21,1308.51,157.33,90.36,0.0,1556.2,74.1
ORD-2024-13828,P0608,WH_MUMBAI_W,22,18376.379999999997,1020.99,94.67,0.0,19492.04,886.0
ORD-2024-13829,P0150,WH_MUMBAI_W,39,8756.67,1045.37,167.82,0.0,9969.86,255.64
ORD-2024-13830,P0332,WH_NAGPUR_C,12,7635.599999999999,1126.04,51.64,0.0,8813.28,734.44
ORD-2024-13831,P0545,WH_BLR_S,11,3208.04,970.6,47.33,0.0,4225.97,384.18
ORD-2024-13832,P0335,WH_MUMBAI_W,12,10106.039999999999,170.75,51.64,0.0,10328.43,860.7
ORD-2024-13833,P0927,WH_KOLKATA_E,26,2441.14,1149.98,111.88,0.0,3703.0,142.42
ORD-2024-13834,P0759,WH_BLR_S,30,16526.4,1376.64,129.09,0.0,18032.13,601.07
ORD-2024-13835,P0276,WH_MUMBAI_W,15,9885.9,1191.97,64.54,0.0,11142.41,742.83
ORD-2024-13836,P0041,WH_MUMBAI_W,8,1960.72,1368.65,34.42,0.0,3363.79,420.47
ORD-2024-13837,P0693,WH_KOLKATA_E,43,17559.48,876.69,185.03,0.0,18621.2,433.05
ORD-2024-13838,P0188,WH_NAGPUR_C,18,14415.84,215.01,77.45,0.0,14708.3,817.13
ORD-2024-13839,P0347,WH_MUMBAI_W,10,8288.8,1452.63,43.03,0.0,9784.46,978.45
ORD-2024-13840,P0316,WH_MUMBAI_W,8,5616.24,1284.8,34.42,0.0,6935.46,866.93
ORD-2024-13841,P0363,WH_MUMBAI_W,38,26145.14,831.94,163.51,0.0,27140.59,714.23
ORD-2024-13842,P0279,WH_NAGPUR_C,35,24245.2,280.3,150.6,0.0,24676.1,705.03
ORD-2024-13843,P0909,WH_MUMBAI_W,20,6615.599999999999,354.13,86.06,0.0,7055.79,352.79
ORD-2024-13844,P0759,WH_DELHI_N,12,6610.5599999999995,375.39,51.64,0.0,7037.59,586.47
ORD-2024-13845,P0663,WH_NAGPUR_C,49,40131.979999999996,326.85,210.85,0.0,40669.68,829.99
ORD-2024-13846,P0569,WH_NAGPUR_C,3,1863.06,1285.02,12.91,0.0,3160.99,1053.66
ORD-2024-13847,P0280,WH_MUMBAI_W,20,10854.8,756.62,86.06,0.0,11697.48,584.87
ORD-2024-13848,P0746,WH_NAGPUR_C,12,7071.24,542.45,51.64,0.0,7665.33,638.78
ORD-2024-13849,P0027,WH_BLR_S,24,12438.48,672.29,103.27,0.0,13214.04,550.58
ORD-2024-13850,P0589,WH_NAGPUR_C,16,4597.6,486.87,68.85,0.0,5153.32,322.08
ORD-2024-13851,P0637,WH_DELHI_N,10,3698.1,912.8,43.03,0.0,4653.93,465.39
ORD-2024-13852,P0583,WH_MUMBAI_W,19,7773.28,793.79,81.76,0.0,8648.83,455.2
ORD-2024-13853,P0608,WH_KOLKATA_E,41,34246.89,1357.91,176.42,0.0,35781.22,872.71
ORD-2024-13854,P0915,WH_NAGPUR_C,14,9600.92,374.54,60.24,0.0,10035.7,716.84
ORD-2024-13855,P0161,WH_KOLKATA_E,14,4010.4399999999996,1346.28,60.24,0.0,5416.96,386.93
ORD-2024-13856,P0709,WH_MUMBAI_W,22,10631.060000000001,643.84,94.67,0.0,11369.57,516.8
ORD-2024-13857,P0218,WH_BLR_S,4,3285.36,1566.77,17.21,0.0,4869.34,1217.34
ORD-2024-13858,P0925,WH_KOLKATA_E,47,11291.28,1241.03,202.24,0.0,12734.55,270.95
ORD-2024-13859,P0335,WH_BLR_S,34,28633.78,1475.36,146.3,0.0,30255.44,889.87
ORD-2024-13860,P0056,WH_NAGPUR_C,18,12258.539999999999,1414.05,77.45,0.0,13750.04,763.89
ORD-2024-13861,P0279,WH_KOLKATA_E,34,23552.48,760.33,146.3,0.0,24459.11,719.39
ORD-2024-13862,P0637,WH_BLR_S,18,6656.58,723.72,77.45,0.0,7457.75,414.32
ORD-2024-13863,P0347,WH_DELHI_N,40,33155.2,362.58,172.12,0.0,33689.9,842.25
ORD-2024-13864,P0596,WH_NAGPUR_C,31,7393.1900000000005,622.41,133.39,0.0,8148.99,262.87
ORD-2024-13865,P0641,WH_MUMBAI_W,42,22239.0,561.21,180.72,0.0,22980.93,547.16
ORD-2024-13866,P0011,WH_KOLKATA_E,20,8531.2,617.76,86.06,0.0,9235.02,461.75
ORD-2024-13867,P0198,WH_BLR_S,36,25816.32,422.36,154.91,0.0,26393.59,733.16
ORD-2024-13868,P0565,WH_BLR_S,42,4981.62,523.46,180.72,0.0,5685.8,135.38
ORD-2024-13869,P0533,WH_MUMBAI_W,10,1775.0,1381.73,43.03,0.0,3199.76,319.98
ORD-2024-13870,P0332,WH_KOLKATA_E,3,1908.8999999999999,1303.03,12.91,0.0,3224.84,1074.95
ORD-2024-13871,P0569,WH_KOLKATA_E,21,13041.42,1389.84,90.36,0.0,14521.62,691.51
ORD-2024-13872,P0005,WH_MUMBAI_W,36,12776.039999999999,465.72,154.91,0.0,13396.67,372.13
ORD-2024-13873,P0222,WH_NAGPUR_C,10,1890.3999999999999,1618.43,43.03,0.0,3551.86,355.19
ORD-2024-13874,P0160,WH_DELHI_N,7,5595.17,507.85,30.12,0.0,6133.14,876.16
ORD-2024-13875,P0876,WH_MUMBAI_W,22,9720.26,329.02,94.67,0.0,10143.95,461.09
ORD-2024-13876,P0568,WH_MUMBAI_W,23,17398.58,316.08,98.97,0.0,17813.63,774.51
ORD-2024-13877,P0719,WH_KOLKATA_E,12,2811.48,353.02,51.64,0.0,3216.14,268.01
ORD-2024-13878,P0716,WH_BLR_S,39,14475.630000000001,518.31,167.82,0.0,15161.76,388.76
ORD-2024-13879,P0458,WH_KOLKATA_E,13,10605.4,1632.7206,55.94,0.0,12294.06,945.7
ORD-2024-13880,P0231,WH_MUMBAI_W,40,23800.8,1103.69,172.12,0.0,25076.61,626.92
ORD-2024-13881,P0553,WH_BLR_S,13,3482.96,913.33,55.94,0.0,4452.23,342.48
ORD-2024-13882,P0592,WH_DELHI_N,33,20914.079999999998,656.71,142.0,0.0,21712.79,657.96
ORD-2024-13883,P0279,WH_DELHI_N,31,21474.32,930.52,133.39,0.0,22538.23,727.04
ORD-2024-13884,P0981,WH_DELHI_N,48,3039.36,952.94,206.54,0.0,4198.84,87.48
ORD-2024-13885,P0998,WH_NAGPUR_C,28,1889.1599999999999,1479.0,120.48,0.0,3488.64,124.59
ORD-2024-13886,P0088,WH_DELHI_N,19,3873.53,625.68,81.76,0.0,4580.97,241.1
ORD-2024-13887,P0567,WH_MUMBAI_W,21,7756.56,341.54,90.36,0.0,8188.46,389.93
ORD-2024-13888,P0371,WH_DELHI_N,32,5484.48,586.45,137.69,0.0,6208.62,194.02
ORD-2024-13889,P0952,WH_KOLKATA_E,26,12950.34,1187.9,111.88,0.0,14250.12,548.08
ORD-2024-13890,P0637,WH_MUMBAI_W,13,4807.53,996.83,55.94,0.0,5860.3,450.79
ORD-2024-13891,P0160,WH_DELHI_N,29,23179.989999999998,1209.7,124.79,0.0,24514.48,845.33
ORD-2024-13892,P0584,WH_KOLKATA_E,7,3360.42,813.36,30.12,0.0,4203.9,600.56
ORD-2024-13893,P0540,WH_KOLKATA_E,47,18614.350000000002,670.08,202.24,0.0,19486.67,414.61
ORD-2024-13894,P0356,WH_MUMBAI_W,26,21311.16,549.71,111.88,0.0,21972.75,845.11
ORD-2024-13895,P0634,WH_KOLKATA_E,6,4410.6,1217.5,25.82,0.0,5653.92,942.32
ORD-2024-13896,P0159,WH_MUMBAI_W,32,12693.12,599.3,137.69,0.0,13430.11,419.69
ORD-2024-13897,P0357,WH_KOLKATA_E,36,17481.239999999998,165.13,154.91,0.0,17801.28,494.48
ORD-2024-13898,P0596,WH_BLR_S,23,5485.27,601.19,98.97,0.0,6185.43,268.93
ORD-2024-13899,P0907,WH_KOLKATA_E,11,1694.66,257.03,47.33,0.0,1999.02,181.73
ORD-2024-13900,P0458,WH_NAGPUR_C,21,17131.8,951.69,90.36,0.0,18173.85,865.42
ORD-2024-13901,P0143,WH_KOLKATA_E,19,12027.949999999999,836.56,81.76,0.0,12946.27,681.38
ORD-2024-13902,P0021,WH_MUMBAI_W,34,8407.18,797.48,146.3,0.0,9350.96,275.03
ORD-2024-13903,P0754,WH_MUMBAI_W,49,35263.829999999994,517.09,210.85,0.0,35991.77,734.53
ORD-2024-13904,P0511,WH_DELHI_N,47,28793.14,239.76,202.24,0.0,29235.14,622.02
ORD-2024-13905,P0189,WH_DELHI_N,44,27989.72,315.7,189.33,0.0,28494.75,647.61
ORD-2024-13906,P0357,WH_KOLKATA_E,35,16995.649999999998,558.43,150.6,0.0,17704.68,505.85
ORD-2024-13907,P0070,WH_DELHI_N,49,26022.430000000004,1045.48,210.85,0.0,27278.76,556.71
ORD-2024-13908,P0286,WH_KOLKATA_E,31,3178.7400000000002,176.64,133.39,0.0,3488.77,112.54
ORD-2024-13909,P0337,WH_KOLKATA_E,46,15277.98,181.49,197.94,0.0,15657.41,340.38
ORD-2024-13910,P0410,WH_KOLKATA_E,29,14885.989999999998,366.05,124.79,0.0,15376.83,530.24
ORD-2024-13911,P0479,WH_MUMBAI_W,6,4173.84,899.84,25.82,0.0,5099.5,849.92
ORD-2024-13912,P0521,WH_BLR_S,36,20873.88,612.21,154.91,0.0,21641.0,601.14
ORD-2024-13913,P0466,WH_DELHI_N,31,6877.04,815.56,133.39,0.0,7825.99,252.45
ORD-2024-13914,P0962,WH_KOLKATA_E,32,3890.56,639.78,137.69,0.0,4668.03,145.88
ORD-2024-13915,P0913,WH_NAGPUR_C,40,25983.600000000002,1047.31,172.12,0.0,27203.03,680.08
ORD-2024-13916,P0347,WH_BLR_S,20,16577.6,512.77,86.06,0.0,17176.43,858.82
ORD-2024-13917,P0801,WH_MUMBAI_W,22,12977.8,365.36,94.67,0.0,13437.83,610.81
ORD-2024-13918,P0011,WH_KOLKATA_E,3,1279.68,1159.25,12.91,0.0,2451.84,817.28
ORD-2024-13919,P0161,WH_DELHI_N,8,2291.68,1594.53,34.42,0.0,3920.63,490.08
ORD-2024-13920,P0347,WH_KOLKATA_E,45,37299.6,959.48,193.63,0.0,38452.71,854.5
ORD-2024-13921,P0867,WH_KOLKATA_E,19,14821.52,214.24,81.76,0.0,15117.52,795.66
ORD-2024-13922,P0975,WH_MUMBAI_W,31,1301.3799999999999,1210.82,133.39,0.0,2645.59,85.34
ORD-2024-13923,P0971,WH_MUMBAI_W,32,18111.04,766.68,137.69,0.0,19015.41,594.23
ORD-2024-13924,P0759,WH_DELHI_N,15,8263.2,1097.29,64.54,0.0,9425.03,628.34
ORD-2024-13925,P0119,WH_DELHI_N,39,8977.8,1022.02,167.82,0.0,10167.64,260.71
ORD-2024-13926,P0021,WH_DELHI_N,31,7665.37,898.19,133.39,0.0,8696.95,280.55
ORD-2024-13927,P0205,WH_MUMBAI_W,3,1664.04,696.87,12.91,0.0,2373.82,791.27
ORD-2024-13928,P0554,WH_KOLKATA_E,32,23407.04,367.82,137.69,0.0,23912.55,747.27
ORD-2024-13929,P0893,WH_BLR_S,10,5696.599999999999,622.1,43.03,0.0,6361.73,636.17
ORD-2024-13930,P0088,WH_KOLKATA_E,28,5708.360000000001,264.39,120.48,0.0,6093.23,217.62
ORD-2024-13931,P0297,WH_DELHI_N,27,12008.789999999999,1144.38,116.18,0.0,13269.35,491.46
ORD-2024-13932,P0297,WH_KOLKATA_E,48,21348.96,180.18,206.54,0.0,21735.68,452.83
ORD-2024-13933,P0084,WH_DELHI_N,46,37682.28,1281.78,197.94,0.0,39162.0,851.35
ORD-2024-13934,P0189,WH_MUMBAI_W,40,25445.2,1330.06,172.12,0.0,26947.38,673.68
ORD-2024-13935,P0554,WH_DELHI_N,43,31453.210000000003,961.06,185.03,0.0,32599.3,758.12
ORD-2024-13936,P0458,WH_BLR_S,31,25289.8,1331.36,133.39,0.0,26754.55,863.05
ORD-2024-13937,P0449,WH_NAGPUR_C,34,10630.099999999999,666.13,146.3,0.0,11442.53,336.54
ORD-2024-13938,P0097,WH_MUMBAI_W,5,1153.35,799.49,21.51,0.0,1974.35,394.87
ORD-2024-13939,P0595,WH_NAGPUR_C,11,2615.8,821.57,47.33,0.0,3484.7,316.79
ORD-2024-13940,P0824,WH_KOLKATA_E,7,5776.259999999999,1028.15,30.12,0.0,6834.53,976.36
ORD-2024-13941,P0150,WH_MUMBAI_W,8,1796.24,857.13,34.42,0.0,2687.79,335.97
ORD-2024-13942,P0700,WH_KOLKATA_E,17,13968.05,241.35,73.15,0.0,14282.55,840.15
ORD-2024-13943,P0867,WH_MUMBAI_W,44,34323.520000000004,923.3,189.33,0.0,35436.15,805.37
ORD-2024-13944,P0560,WH_KOLKATA_E,39,1414.92,95.6674,167.82,0.0,1678.41,43.04
ORD-2024-13945,P0517,WH_DELHI_N,41,12217.59,792.89,176.42,0.0,13186.9,321.63
ORD-2024-13946,P0465,WH_MUMBAI_W,14,8302.14,95.6674,60.24,0.0,8458.05,604.15
ORD-2024-13947,P0530,WH_DELHI_N,24,1495.44,874.52,103.27,0.0,2473.23,103.05
ORD-2024-13948,P0230,WH_MUMBAI_W,30,10518.6,657.06,129.09,0.0,11304.75,376.82
ORD-2024-13949,P0627,WH_DELHI_N,15,12663.0,880.73,64.54,0.0,13608.27,907.22
ORD-2024-13950,P0595,WH_NAGPUR_C,4,951.2,991.39,17.21,0.0,1959.8,489.95
ORD-2024-13951,P0998,WH_KOLKATA_E,13,877.11,1277.6,55.94,0.0,2210.65,170.05
ORD-2024-13952,P0083,WH_KOLKATA_E,5,2719.4,1529.54,21.51,0.0,4270.45,854.09
ORD-2024-13953,P0363,WH_NAGPUR_C,31,21328.93,457.83,133.39,0.0,21920.15,707.1
ORD-2024-13954,P0231,WH_NAGPUR_C,12,7140.24,1589.87,51.64,0.0,8781.75,731.81
ORD-2024-13955,P0261,WH_BLR_S,30,13202.699999999999,651.18,129.09,0.0,13982.97,466.1
ORD-2024-13956,P0027,WH_NAGPUR_C,49,25395.23,399.93,210.85,0.0,26006.01,530.73
ORD-2024-13957,P0064,WH_KOLKATA_E,10,2516.5,1125.09,43.03,0.0,3684.62,368.46
ORD-2024-13958,P0356,WH_BLR_S,30,24589.8,785.03,129.09,0.0,25503.92,850.13
ORD-2024-13959,P0565,WH_NAGPUR_C,26,3083.86,571.6,111.88,0.0,3767.34,144.9
ORD-2024-13960,P0544,WH_NAGPUR_C,44,20075.0,1047.08,189.33,0.0,21311.41,484.35
ORD-2024-13961,P0584,WH_NAGPUR_C,6,2880.36,1246.82,25.82,0.0,4153.0,692.17
ORD-2024-13962,P0062,WH_KOLKATA_E,27,3255.9300000000003,745.11,116.18,0.0,4117.22,152.49
ORD-2024-13963,P0191,WH_KOLKATA_E,20,1834.0,593.57,86.06,0.0,2513.63,125.68
ORD-2024-13964,P0567,WH_NAGPUR_C,28,10342.08,1219.77,120.48,0.0,11682.33,417.23
ORD-2024-13965,P0119,WH_DELHI_N,20,4604.0,1078.41,86.06,0.0,5768.47,288.42
ORD-2024-13966,P0533,WH_NAGPUR_C,12,2130.0,1015.89,51.64,0.0,3197.53,266.46
ORD-2024-13967,P0465,WH_NAGPUR_C,45,26685.45,1422.5,193.63,0.0,28301.58,628.92
ORD-2024-13968,P0005,WH_KOLKATA_E,21,7452.69,1565.95,90.36,0.0,9109.0,433.76
ORD-2024-13969,P0294,WH_DELHI_N,30,1137.0,135.4,129.09,0.0,1401.49,46.72
ORD-2024-13970,P0084,WH_BLR_S,49,40139.82,470.18,210.85,0.0,40820.85,833.08
ORD-2024-13971,P0228,WH_DELHI_N,10,2550.7,1397.92,43.03,0.0,3991.65,399.16
ORD-2024-13972,P0062,WH_MUMBAI_W,5,602.95,366.17,21.51,0.0,990.63,198.13
ORD-2024-13973,P0971,WH_BLR_S,37,20940.89,292.44,159.21,0.0,21392.54,578.18
ORD-2024-13974,P0595,WH_BLR_S,8,1902.4,622.79,34.42,0.0,2559.61,319.95
ORD-2024-13975,P0429,WH_KOLKATA_E,30,21483.3,1233.08,129.09,0.0,22845.47,761.52
ORD-2024-13976,P0914,WH_MUMBAI_W,17,6586.65,806.15,73.15,0.0,7465.95,439.17
ORD-2024-13977,P0342,WH_DELHI_N,3,423.78,393.24,12.91,0.0,829.93,276.64
ORD-2024-13978,P0884,WH_KOLKATA_E,21,5971.139999999999,334.8,90.36,0.0,6396.3,304.59
ORD-2024-13979,P0353,WH_DELHI_N,16,12949.44,1072.23,68.85,0.0,14090.52,880.66
ORD-2024-13980,P0466,WH_KOLKATA_E,32,7098.88,697.35,137.69,0.0,7933.92,247.94
ORD-2024-13981,P0884,WH_BLR_S,27,7677.179999999999,1081.69,116.18,0.0,8875.05,328.71
ORD-2024-13982,P0335,WH_BLR_S,6,5053.0199999999995,1324.32,25.82,0.0,6403.16,1067.19
ORD-2024-13983,P0487,WH_DELHI_N,42,1856.4,95.6674,180.72,0.0,2132.79,50.78
ORD-2024-13984,P0674,WH_MUMBAI_W,16,4016.32,601.36,68.85,0.0,4686.53,292.91
ORD-2024-13985,P0131,WH_BLR_S,45,3483.0000000000005,992.49,193.63,0.0,4669.12,103.76
ORD-2024-13986,P0079,WH_MUMBAI_W,3,140.60999999999999,1065.9,12.91,0.0,1219.42,406.47
ORD-2024-13987,P0746,WH_MUMBAI_W,40,23570.8,537.68,172.12,0.0,24280.6,607.02
ORD-2024-13988,P0353,WH_MUMBAI_W,20,16186.800000000001,875.33,86.06,0.0,17148.19,857.41
ORD-2024-13989,P0719,WH_DELHI_N,40,9371.6,310.78,172.12,0.0,9854.5,246.36
ORD-2024-13990,P0544,WH_NAGPUR_C,7,3193.75,283.16,30.12,0.0,3507.03,501.0
ORD-2024-13991,P0064,WH_MUMBAI_W,11,2768.15,1497.18,47.33,0.0,4312.66,392.06
ORD-2024-13992,P0709,WH_MUMBAI_W,29,14013.67,892.39,124.79,0.0,15030.85,518.31
ORD-2024-13993,P0198,WH_MUMBAI_W,3,2151.36,908.78,12.91,0.0,3073.05,1024.35
ORD-2024-13994,P0672,WH_KOLKATA_E,21,5226.06,816.37,90.36,0.0,6132.79,292.04
ORD-2024-13995,P0840,WH_MUMBAI_W,32,10472.0,1440.23,137.69,0.0,12049.92,376.56
ORD-2024-13996,P0372,WH_BLR_S,30,19579.5,753.92,129.09,0.0,20462.51,682.08
ORD-2024-13997,P0280,WH_BLR_S,39,21166.86,579.68,167.82,0.0,21914.36,561.91
ORD-2024-13998,P0079,WH_BLR_S,11,515.5699999999999,161.05,47.33,0.0,723.95,65.81
ORD-2024-13999,P0975,WH_BLR_S,17,713.66,1400.82,73.15,0.0,2187.63,128.68
ORD-2024-14000,P0755,WH_KOLKATA_E,25,15191.25,1469.42,107.57,0.0,16768.24,670.73
ORD-2024-14001,P0286,WH_MUMBAI_W,25,2563.5,1570.05,107.57,0.0,4241.12,169.64
ORD-2024-14002,P0337,WH_BLR_S,9,2989.17,448.71,38.73,0.0,3476.61,386.29
ORD-2024-14003,P0641,WH_BLR_S,45,23827.5,1005.05,193.63,0.0,25026.18,556.14
ORD-2024-14004,P0554,WH_MUMBAI_W,29,21212.63,870.63,124.79,0.0,22208.05,765.79
ORD-2024-14005,P0300,WH_MUMBAI_W,15,6058.2,756.46,64.54,0.0,6879.2,458.61
ORD-2024-14006,P0076,WH_BLR_S,19,4393.94,1447.01,81.76,0.0,5922.71,311.72
ORD-2024-14007,P0131,WH_DELHI_N,15,1161.0,1426.19,64.54,0.0,2651.73,176.78
ORD-2024-14008,P0088,WH_BLR_S,39,7950.93,253.95,167.82,0.0,8372.7,214.68
ORD-2024-14009,P0372,WH_DELHI_N,35,22842.75,240.32,150.6,0.0,23233.67,663.82
ORD-2024-14010,P0866,WH_MUMBAI_W,40,22373.600000000002,432.93,172.12,0.0,22978.65,574.47
ORD-2024-14011,P0662,WH_MUMBAI_W,13,9530.949999999999,1359.97,55.94,0.0,10946.86,842.07
ORD-2024-14012,P0105,WH_MUMBAI_W,16,10891.52,1451.62,68.85,0.0,12411.99,775.75
ORD-2024-14013,P0693,WH_BLR_S,3,1225.08,1149.24,12.91,0.0,2387.23,795.74
ORD-2024-14014,P0286,WH_BLR_S,31,3178.7400000000002,180.25,133.39,0.0,3492.38,112.66
ORD-2024-14015,P0956,WH_KOLKATA_E,1,712.39,980.24,4.3,0.0,1696.93,1696.93
ORD-2024-14016,P0620,WH_MUMBAI_W,35,4151.7,781.98,150.6,0.0,5084.28,145.27
ORD-2024-14017,P0102,WH_NAGPUR_C,16,1494.24,1187.04,68.85,0.0,2750.13,171.88
ORD-2024-14018,P0876,WH_NAGPUR_C,1,441.83,1177.91,4.3,0.0,1624.04,1624.04
ORD-2024-14019,P0837,WH_BLR_S,14,9103.08,443.88,60.24,0.0,9607.2,686.23
ORD-2024-14020,P0927,WH_DELHI_N,7,657.23,621.07,30.12,0.0,1308.42,186.92
ORD-2024-14021,P0476,WH_DELHI_N,23,12260.84,411.6,98.97,0.0,12771.41,555.28
ORD-2024-14022,P0904,WH_NAGPUR_C,35,7753.9,877.83,150.6,0.0,8782.33,250.92
ORD-2024-14023,P0286,WH_NAGPUR_C,29,2973.6600000000003,243.78,124.79,0.0,3342.23,115.25
ORD-2024-14024,P0131,WH_KOLKATA_E,22,1702.8000000000002,973.81,94.67,0.0,2771.28,125.97
ORD-2024-14025,P0620,WH_DELHI_N,16,1897.92,889.42,68.85,0.0,2856.19,178.51
ORD-2024-14026,P0064,WH_KOLKATA_E,29,7297.85,927.66,124.79,0.0,8350.3,287.94
ORD-2024-14027,P0700,WH_MUMBAI_W,6,4929.9,1457.93,25.82,0.0,6413.65,1068.94
ORD-2024-14028,P0584,WH_MUMBAI_W,18,8641.08,863.38,77.45,0.0,9581.91,532.33
ORD-2024-14029,P0056,WH_MUMBAI_W,29,19749.87,1311.55,124.79,0.0,21186.21,730.56
ORD-2024-14030,P0598,WH_MUMBAI_W,25,5435.25,1457.86,107.57,0.0,7000.68,280.03
ORD-2024-14031,P0372,WH_DELHI_N,45,29369.25,347.08,193.63,0.0,29909.96,664.67
ORD-2024-14032,P0125,WH_MUMBAI_W,2,385.06,254.77,8.61,0.0,648.44,324.22
ORD-2024-14033,P0022,WH_NAGPUR_C,44,25482.6,343.12,189.33,0.0,26015.05,591.25
ORD-2024-14034,P0487,WH_KOLKATA_E,32,1414.4,1201.02,137.69,0.0,2753.11,86.03
ORD-2024-14035,P0892,WH_KOLKATA_E,36,2266.2000000000003,1062.1,154.91,0.0,3483.21,96.76
ORD-2024-14036,P0261,WH_BLR_S,32,14082.88,988.53,137.69,0.0,15209.1,475.28
ORD-2024-14037,P0783,WH_NAGPUR_C,41,22481.940000000002,1136.93,176.42,0.0,23795.29,580.37
ORD-2024-14038,P0688,WH_BLR_S,20,3778.8,845.99,86.06,0.0,4710.85,235.54
ORD-2024-14039,P0716,WH_NAGPUR_C,37,13733.29,515.16,159.21,0.0,14407.66,389.4
ORD-2024-14040,P0041,WH_KOLKATA_E,42,10293.78,367.47,180.72,0.0,10841.97,258.14
ORD-2024-14041,P0125,WH_BLR_S,38,7316.14,1524.85,163.51,0.0,9004.5,236.96
ORD-2024-14042,P0429,WH_KOLKATA_E,33,23631.63,460.56,142.0,0.0,24234.19,734.37
ORD-2024-14043,P0876,WH_DELHI_N,5,2209.15,602.35,21.51,0.0,2833.01,566.6
ORD-2024-14044,P0755,WH_NAGPUR_C,6,3645.8999999999996,1228.2,25.82,0.0,4899.92,816.65
ORD-2024-14045,P0801,WH_KOLKATA_E,22,12977.8,1226.47,94.67,0.0,14298.94,649.95
ORD-2024-14046,P0700,WH_KOLKATA_E,21,17254.649999999998,1032.02,90.36,0.0,18377.03,875.1
ORD-2024-14047,P0027,WH_KOLKATA_E,19,9847.13,839.29,81.76,0.0,10768.18,566.75
ORD-2024-14048,P0458,WH_MUMBAI_W,43,35079.4,1582.61,185.03,0.0,36847.04,856.91
ORD-2024-14049,P0041,WH_MUMBAI_W,15,3676.35,824.73,64.54,0.0,4565.62,304.37
ORD-2024-14050,P0533,WH_MUMBAI_W,34,6035.0,1460.02,146.3,0.0,7641.32,224.74
ORD-2024-14051,P0191,WH_DELHI_N,47,4309.900000000001,1594.6,202.24,0.0,6106.74,129.93
ORD-2024-14052,P0342,WH_MUMBAI_W,7,988.8199999999999,344.64,30.12,0.0,1363.58,194.8
ORD-2024-14053,P0517,WH_MUMBAI_W,17,5065.83,1182.36,73.15,0.0,6321.34,371.84
ORD-2024-14054,P0297,WH_NAGPUR_C,44,19569.879999999997,1624.73,189.33,0.0,21383.94,486.0
ORD-2024-14055,P0070,WH_BLR_S,44,23367.08,903.86,189.33,0.0,24460.27,555.92
ORD-2024-14056,P0672,WH_NAGPUR_C,5,1244.3000000000002,705.72,21.51,0.0,1971.53,394.31
ORD-2024-14057,P0404,WH_NAGPUR_C,39,24450.269999999997,668.61,167.82,0.0,25286.7,648.38
ORD-2024-14058,P0479,WH_DELHI_N,2,1391.28,1219.32,8.61,0.0,2619.21,1309.6
ORD-2024-14059,P0115,WH_NAGPUR_C,27,20690.37,1093.7,116.18,0.0,21900.25,811.12
ORD-2024-14060,P0791,WH_NAGPUR_C,45,15323.849999999999,779.01,193.63,0.0,16296.49,362.14
ORD-2024-14061,P0992,WH_NAGPUR_C,24,12281.039999999999,1093.29,103.27,0.0,13477.6,561.57
ORD-2024-14062,P0998,WH_NAGPUR_C,41,2766.27,1074.27,176.42,0.0,4016.96,97.97
ORD-2024-14063,P0511,WH_BLR_S,47,28793.14,506.8,202.24,0.0,29502.18,627.71
ORD-2024-14064,P0202,WH_DELHI_N,28,8076.04,234.41,120.48,0.0,8430.93,301.1
ORD-2024-14065,P0909,WH_MUMBAI_W,47,15546.659999999998,146.03,202.24,0.0,15894.93,338.19
ORD-2024-14066,P0465,WH_KOLKATA_E,1,593.01,732.06,4.3,0.0,1329.37,1329.37
ORD-2024-14067,P0247,WH_NAGPUR_C,21,801.57,1170.89,90.36,0.0,2062.82,98.23
ORD-2024-14068,P0267,WH_KOLKATA_E,28,5999.0,1411.25,120.48,0.0,7530.73,268.95
ORD-2024-14069,P0470,WH_DELHI_N,3,2146.5,1302.94,12.91,0.0,3462.35,1154.12
ORD-2024-14070,P0763,WH_KOLKATA_E,30,24746.1,565.89,129.09,0.0,25441.08,848.04
ORD-2024-14071,P0041,WH_BLR_S,1,245.09,1051.39,4.3,0.0,1300.78,1300.78
ORD-2024-14072,P0565,WH_NAGPUR_C,45,5337.45,909.25,193.63,0.0,6440.33,143.12
ORD-2024-14073,P0790,WH_MUMBAI_W,47,20325.62,464.16,202.24,0.0,20992.02,446.64
ORD-2024-14074,P0530,WH_NAGPUR_C,45,2803.9500000000003,382.1,193.63,0.0,3379.68,75.1
ORD-2024-14075,P0062,WH_MUMBAI_W,18,2170.62,1335.12,77.45,0.0,3583.19,199.07
ORD-2024-14076,P0709,WH_DELHI_N,49,23678.27,369.04,210.85,0.0,24258.16,495.06
ORD-2024-14077,P0975,WH_NAGPUR_C,33,1385.34,117.11,142.0,0.0,1644.45,49.83
ORD-2024-14078,P0364,WH_DELHI_N,15,12544.800000000001,419.95,64.54,0.0,13029.29,868.62
ORD-2024-14079,P0005,WH_BLR_S,24,8517.36,802.54,103.27,0.0,9423.17,392.63
ORD-2024-14080,P0159,WH_DELHI_N,36,14279.76,161.09,154.91,0.0,14595.76,405.44
ORD-2024-14081,P0837,WH_DELHI_N,34,22107.48,709.37,146.3,0.0,22963.15,675.39
ORD-2024-14082,P0598,WH_NAGPUR_C,26,5652.66,1329.8,111.88,0.0,7094.34,272.86
ORD-2024-14083,P0372,WH_DELHI_N,40,26106.0,678.34,172.12,0.0,26956.46,673.91
ORD-2024-14084,P0011,WH_DELHI_N,22,9384.32,961.58,94.67,0.0,10440.57,474.57
ORD-2024-14085,P0279,WH_DELHI_N,16,11083.52,1530.57,68.85,0.0,12682.94,792.68
ORD-2024-14086,P0746,WH_MUMBAI_W,40,23570.8,1088.41,172.12,0.0,24831.33,620.78
ORD-2024-14087,P0337,WH_BLR_S,42,13949.46,1160.48,180.72,0.0,15290.66,364.06
ORD-2024-14088,P0254,WH_MUMBAI_W,16,892.96,1462.84,68.85,0.0,2424.65,151.54
ORD-2024-14089,P0545,WH_BLR_S,5,1458.1999999999998,178.31,21.51,0.0,1658.02,331.6
ORD-2024-14090,P0790,WH_BLR_S,6,2594.7599999999998,1472.91,25.82,0.0,4093.49,682.25
ORD-2024-14091,P0091,WH_DELHI_N,42,27993.84,462.16,180.72,0.0,28636.72,681.83
ORD-2024-14092,P0230,WH_BLR_S,24,8414.880000000001,155.32,103.27,0.0,8673.47,361.39
ORD-2024-14093,P0143,WH_BLR_S,30,18991.5,790.67,129.09,0.0,19911.26,663.71
ORD-2024-14094,P0154,WH_NAGPUR_C,37,13902.75,1422.15,159.21,0.0,15484.11,418.49
ORD-2024-14095,P0189,WH_KOLKATA_E,32,20356.16,596.71,137.69,0.0,21090.56,659.08
ORD-2024-14096,P0097,WH_KOLKATA_E,19,4382.73,272.38,81.76,0.0,4736.87,249.31
ORD-2024-14097,P0188,WH_NAGPUR_C,45,36039.6,245.43,193.63,0.0,36478.66,810.64
ORD-2024-14098,P0711,WH_KOLKATA_E,28,21108.64,645.79,120.48,0.0,21874.91,781.25
ORD-2024-14099,P0193,WH_NAGPUR_C,47,16833.52,1508.65,202.24,0.0,18544.41,394.56
ORD-2024-14100,P0005,WH_BLR_S,8,2839.12,1261.53,34.42,0.0,4135.07,516.88
ORD-2024-14101,P0356,WH_NAGPUR_C,43,35245.38,885.76,185.03,0.0,36316.17,844.56
ORD-2024-14102,P0491,WH_DELHI_N,1,57.14,457.26,4.3,0.0,518.7,518.7
ORD-2024-14103,P0150,WH_KOLKATA_E,4,898.12,1563.34,17.21,0.0,2478.67,619.67
ORD-2024-14104,P0220,WH_KOLKATA_E,22,13171.62,141.44,94.67,0.0,13407.73,609.44
ORD-2024-14105,P0408,WH_NAGPUR_C,22,3732.3,227.8,94.67,0.0,4054.77,184.31
ORD-2024-14106,P0231,WH_BLR_S,30,17850.6,565.52,129.09,0.0,18545.21,618.17
ORD-2024-14107,P0708,WH_BLR_S,27,5633.01,822.28,116.18,0.0,6571.47,243.39
ORD-2024-14108,P0470,WH_BLR_S,27,19318.5,1409.49,116.18,0.0,20844.17,772.01
ORD-2024-14109,P0637,WH_MUMBAI_W,13,4807.53,1072.5,55.94,0.0,5935.97,456.61
ORD-2024-14110,P0408,WH_BLR_S,39,6616.35,747.23,167.82,0.0,7531.4,193.11
ORD-2024-14111,P0429,WH_KOLKATA_E,27,19334.97,1063.73,116.18,0.0,20514.88,759.81
ORD-2024-14112,P0152,WH_MUMBAI_W,39,9711.78,1259.33,167.82,0.0,11138.93,285.61
ORD-2024-14113,P0458,WH_BLR_S,38,31000.399999999998,383.34,163.51,0.0,31547.25,830.19
ORD-2024-14114,P0918,WH_BLR_S,8,3473.84,580.09,34.42,0.0,4088.35,511.04
ORD-2024-14115,P0962,WH_DELHI_N,12,1458.96,418.48,51.64,0.0,1929.08,160.76
ORD-2024-14116,P0927,WH_DELHI_N,24,2253.36,1433.64,103.27,0.0,3790.27,157.93
ORD-2024-14117,P0220,WH_NAGPUR_C,18,10776.78,1412.36,77.45,0.0,12266.59,681.48
ORD-2024-14118,P0965,WH_NAGPUR_C,15,3699.75,1453.55,64.54,0.0,5217.84,347.86
ORD-2024-14119,P0926,WH_DELHI_N,16,8688.16,1072.35,68.85,0.0,9829.36,614.34
ORD-2024-14120,P0011,WH_KOLKATA_E,33,14076.48,597.71,142.0,0.0,14816.19,448.98
ORD-2024-14121,P0466,WH_DELHI_N,10,2218.4,890.46,43.03,0.0,3151.89,315.19
ORD-2024-14122,P0663,WH_NAGPUR_C,47,38493.94,1445.31,202.24,0.0,40141.49,854.07
ORD-2024-14123,P0335,WH_MUMBAI_W,24,20212.079999999998,1183.78,103.27,0.0,21499.13,895.8
ORD-2024-14124,P0105,WH_MUMBAI_W,45,30632.4,1316.35,193.63,0.0,32142.38,714.28
ORD-2024-14125,P0748,WH_BLR_S,19,3423.7999999999997,162.06,81.76,0.0,3667.62,193.03
ORD-2024-14126,P0809,WH_BLR_S,27,7530.84,921.55,116.18,0.0,8568.57,317.35
ORD-2024-14127,P0780,WH_NAGPUR_C,45,28747.800000000003,1426.32,193.63,0.0,30367.75,674.84
ORD-2024-14128,P0422,WH_KOLKATA_E,41,17580.8,1028.61,176.42,0.0,18785.83,458.19
ORD-2024-14129,P0347,WH_KOLKATA_E,31,25695.28,508.84,133.39,0.0,26337.51,849.6
ORD-2024-14130,P0332,WH_NAGPUR_C,21,13362.3,575.79,90.36,0.0,14028.45,668.02
ORD-2024-14131,P0876,WH_NAGPUR_C,16,7069.28,154.28,68.85,0.0,7292.41,455.78
ORD-2024-14132,P0994,WH_BLR_S,23,7723.63,1327.16,98.97,0.0,9149.76,397.82
ORD-2024-14133,P0708,WH_DELHI_N,14,2920.8199999999997,1111.13,60.24,0.0,4092.19,292.3
ORD-2024-14134,P0410,WH_BLR_S,23,11806.13,1466.53,98.97,0.0,13371.63,581.38
ORD-2024-14135,P0524,WH_MUMBAI_W,41,6122.9400000000005,262.39,176.42,0.0,6561.75,160.04
ORD-2024-14136,P0892,WH_DELHI_N,18,1133.1000000000001,371.9,77.45,0.0,1582.45,87.91
ORD-2024-14137,P0070,WH_BLR_S,36,19118.52,875.52,154.91,0.0,20148.95,559.69
ORD-2024-14138,P0083,WH_NAGPUR_C,12,6526.5599999999995,357.11,51.64,0.0,6935.31,577.94
ORD-2024-14139,P0867,WH_KOLKATA_E,37,28862.960000000003,950.63,159.21,0.0,29972.8,810.08
ORD-2024-14140,P0672,WH_BLR_S,11,2737.46,582.21,47.33,0.0,3367.0,306.09
ORD-2024-14141,P0952,WH_KOLKATA_E,5,2490.45,360.02,21.51,0.0,2871.98,574.4
ORD-2024-14142,P0700,WH_NAGPUR_C,21,17254.649999999998,649.22,90.36,0.0,17994.23,856.87
ORD-2024-14143,P0568,WH_BLR_S,32,24206.72,1632.7206,137.69,0.0,25977.13,811.79
ORD-2024-14144,P0410,WH_KOLKATA_E,29,14885.989999999998,1144.74,124.79,0.0,16155.52,557.09
ORD-2024-14145,P0218,WH_MUMBAI_W,7,5749.38,964.86,30.12,0.0,6744.36,963.48
ORD-2024-14146,P0754,WH_KOLKATA_E,36,25908.12,1208.89,154.91,0.0,27271.92,757.55
ORD-2024-14147,P0981,WH_NAGPUR_C,40,2532.8,1288.28,172.12,0.0,3993.2,99.83
ORD-2024-14148,P0596,WH_KOLKATA_E,27,6439.2300000000005,947.65,116.18,0.0,7503.06,277.89
ORD-2024-14149,P0965,WH_MUMBAI_W,6,1479.9,768.52,25.82,0.0,2274.24,379.04
ORD-2024-14150,P0867,WH_BLR_S,38,29643.04,209.49,163.51,0.0,30016.04,789.9
ORD-2024-14151,P0342,WH_DELHI_N,4,565.04,1234.59,17.21,0.0,1816.84,454.21
ORD-2024-14152,P0821,WH_BLR_S,46,22783.8,516.79,197.94,0.0,23498.53,510.84
ORD-2024-14153,P0027,WH_DELHI_N,35,18139.45,304.52,150.6,0.0,18594.57,531.27
ORD-2024-14154,P0195,WH_MUMBAI_W,10,5768.6,1430.67,43.03,0.0,7242.3,724.23
ORD-2024-14155,P0371,WH_KOLKATA_E,38,6512.82,1091.22,163.51,0.0,7767.55,204.41
ORD-2024-14156,P0884,WH_MUMBAI_W,30,8530.199999999999,1011.11,129.09,0.0,9670.4,322.35
ORD-2024-14157,P0363,WH_MUMBAI_W,42,28897.26,1187.2,180.72,0.0,30265.18,720.6
ORD-2024-14158,P0876,WH_KOLKATA_E,9,3976.47,717.27,38.73,0.0,4732.47,525.83
ORD-2024-14159,P0568,WH_NAGPUR_C,16,12103.36,1349.58,68.85,0.0,13521.79,845.11
ORD-2024-14160,P0021,WH_KOLKATA_E,4,989.08,908.95,17.21,0.0,1915.24,478.81
ORD-2024-14161,P0583,WH_MUMBAI_W,26,10637.12,826.25,111.88,0.0,11575.25,445.2
ORD-2024-14162,P0222,WH_MUMBAI_W,29,5482.16,718.15,124.79,0.0,6325.1,218.11
ORD-2024-14163,P0492,WH_MUMBAI_W,28,19367.600000000002,1632.7206,120.48,0.0,21120.8,754.31
ORD-2024-14164,P0641,WH_KOLKATA_E,11,5824.5,828.16,47.33,0.0,6699.99,609.09
ORD-2024-14165,P0567,WH_KOLKATA_E,28,10342.08,172.71,120.48,0.0,10635.27,379.83
ORD-2024-14166,P0432,WH_NAGPUR_C,44,33607.64,1432.71,189.33,0.0,35229.68,800.67
ORD-2024-14167,P0254,WH_NAGPUR_C,32,1785.92,840.82,137.69,0.0,2764.43,86.39
ORD-2024-14168,P0476,WH_DELHI_N,24,12793.920000000002,947.8,103.27,0.0,13844.99,576.87
ORD-2024-14169,P0633,WH_NAGPUR_C,42,20486.34,528.86,180.72,0.0,21195.92,504.66
ORD-2024-14170,P0700,WH_NAGPUR_C,39,32044.35,153.78,167.82,0.0,32365.95,829.9
ORD-2024-14171,P0335,WH_KOLKATA_E,7,5895.19,245.18,30.12,0.0,6170.49,881.5
ORD-2024-14172,P0926,WH_KOLKATA_E,18,9774.18,560.51,77.45,0.0,10412.14,578.45
ORD-2024-14173,P0517,WH_KOLKATA_E,3,893.97,1367.32,12.91,0.0,2274.2,758.07
ORD-2024-14174,P0430,WH_KOLKATA_E,44,24451.24,1592.99,189.33,0.0,26233.56,596.22
ORD-2024-14175,P0956,WH_DELHI_N,46,32769.94,295.01,197.94,0.0,33262.89,723.11
ORD-2024-14176,P0918,WH_BLR_S,20,8684.6,1200.65,86.06,0.0,9971.31,498.57
ORD-2024-14177,P0205,WH_NAGPUR_C,34,18859.12,1528.3,146.3,0.0,20533.72,603.93
ORD-2024-14178,P0834,WH_KOLKATA_E,30,19169.100000000002,569.94,129.09,0.0,19868.13,662.27
ORD-2024-14179,P0998,WH_BLR_S,9,607.23,1476.89,38.73,0.0,2122.85,235.87
ORD-2024-14180,P0584,WH_BLR_S,10,4800.6,813.42,43.03,0.0,5657.05,565.71
ORD-2024-14181,P0926,WH_MUMBAI_W,6,3258.06,553.01,25.82,0.0,3836.89,639.48
ORD-2024-14182,P0759,WH_KOLKATA_E,17,9364.96,1332.22,73.15,0.0,10770.33,633.55
ORD-2024-14183,P0188,WH_KOLKATA_E,15,12013.2,339.06,64.54,0.0,12416.8,827.79
ORD-2024-14184,P0088,WH_BLR_S,33,6727.71,821.02,142.0,0.0,7690.73,233.05
ORD-2024-14185,P0927,WH_DELHI_N,13,1220.57,367.27,55.94,0.0,1643.78,126.44
ORD-2024-14186,P0918,WH_BLR_S,42,18237.66,812.17,180.72,0.0,19230.55,457.87
ORD-2024-14187,P0005,WH_KOLKATA_E,44,15615.16,867.04,189.33,0.0,16671.53,378.9
ORD-2024-14188,P0836,WH_BLR_S,22,8389.7,954.97,94.67,0.0,9439.34,429.06
ORD-2024-14189,P0914,WH_KOLKATA_E,16,6199.2,380.48,68.85,0.0,6648.53,415.53
ORD-2024-14190,P0154,WH_NAGPUR_C,34,12775.5,1376.65,146.3,0.0,14298.45,420.54
ORD-2024-14191,P0300,WH_DELHI_N,3,1211.6399999999999,1520.99,12.91,0.0,2745.54,915.18
ORD-2024-14192,P0222,WH_NAGPUR_C,8,1512.32,1366.49,34.42,0.0,2913.23,364.15
ORD-2024-14193,P0357,WH_DELHI_N,20,9711.8,991.04,86.06,0.0,10788.9,539.44
ORD-2024-14194,P0220,WH_KOLKATA_E,47,28139.370000000003,1075.55,202.24,0.0,29417.16,625.9
ORD-2024-14195,P0952,WH_MUMBAI_W,24,11954.16,1494.31,103.27,0.0,13551.74,564.66
ORD-2024-14196,P0222,WH_BLR_S,18,3402.72,250.92,77.45,0.0,3731.09,207.28
ORD-2024-14197,P0998,WH_BLR_S,23,1551.81,1127.74,98.97,0.0,2778.52,120.81
ORD-2024-14198,P0345,WH_KOLKATA_E,1,703.59,982.54,4.3,0.0,1690.43,1690.43
ORD-2024-14199,P0429,WH_DELHI_N,2,1432.22,1207.08,8.61,0.0,2647.91,1323.96
ORD-2024-14200,P0926,WH_NAGPUR_C,5,2715.05,489.55,21.51,0.0,3226.11,645.22
ORD-2024-14201,P0027,WH_BLR_S,18,9328.86,566.47,77.45,0.0,9972.78,554.04
ORD-2024-14202,P0700,WH_MUMBAI_W,16,13146.4,1548.5,68.85,0.0,14763.75,922.73
ORD-2024-14203,P0191,WH_BLR_S,10,917.0,255.04,43.03,0.0,1215.07,121.51
ORD-2024-14204,P0545,WH_NAGPUR_C,29,8457.56,1630.13,124.79,0.0,10212.48,352.15
ORD-2024-14205,P0716,WH_DELHI_N,35,12990.95,1141.92,150.6,0.0,14283.47,408.1
ORD-2024-14206,P0998,WH_MUMBAI_W,25,1686.75,425.36,107.57,0.0,2219.68,88.79
ORD-2024-14207,P0083,WH_MUMBAI_W,42,22842.96,1123.48,180.72,0.0,24147.16,574.93
ORD-2024-14208,P0041,WH_MUMBAI_W,24,5882.16,1428.29,103.27,0.0,7413.72,308.91
ORD-2024-14209,P0589,WH_DELHI_N,13,3735.55,472.87,55.94,0.0,4264.36,328.03
ORD-2024-14210,P0567,WH_DELHI_N,21,7756.56,1101.94,90.36,0.0,8948.86,426.14
ORD-2024-14211,P0041,WH_NAGPUR_C,42,10293.78,1525.15,180.72,0.0,11999.65,285.71
ORD-2024-14212,P0115,WH_BLR_S,43,32951.329999999994,412.83,185.03,0.0,33549.19,780.21
ORD-2024-14213,P0634,WH_NAGPUR_C,39,28668.9,1591.09,167.82,0.0,30427.81,780.2
ORD-2024-14214,P0700,WH_NAGPUR_C,34,27936.1,377.0,146.3,0.0,28459.4,837.04
ORD-2024-14215,P0332,WH_MUMBAI_W,19,12089.699999999999,1110.14,81.76,0.0,13281.6,699.03
ORD-2024-14216,P0286,WH_DELHI_N,28,2871.1200000000003,95.6674,120.48,0.0,3087.27,110.26
ORD-2024-14217,P0218,WH_BLR_S,27,22176.18,796.84,116.18,0.0,23089.2,855.16
ORD-2024-14218,P0857,WH_DELHI_N,26,13452.4,230.82,111.88,0.0,13795.1,530.58
ORD-2024-14219,P0297,WH_DELHI_N,11,4892.469999999999,1632.7206,47.33,0.0,6572.52,597.5
ORD-2024-14220,P0926,WH_NAGPUR_C,49,26607.489999999998,1378.21,210.85,0.0,28196.55,575.44
ORD-2024-14221,P0076,WH_KOLKATA_E,35,8094.099999999999,1469.51,150.6,0.0,9714.21,277.55
ORD-2024-14222,P0083,WH_MUMBAI_W,20,10877.6,1427.32,86.06,0.0,12390.98,619.55
ORD-2024-14223,P0119,WH_DELHI_N,12,2762.3999999999996,1133.12,51.64,0.0,3947.16,328.93
ORD-2024-14224,P0714,WH_DELHI_N,28,2029.7199999999998,469.24,120.48,0.0,2619.44,93.55
ORD-2024-14225,P0316,WH_KOLKATA_E,2,1404.06,1544.49,8.61,0.0,2957.16,1478.58
ORD-2024-14226,P0056,WH_KOLKATA_E,1,681.03,737.8,4.3,0.0,1423.13,1423.13
ORD-2024-14227,P0286,WH_KOLKATA_E,9,922.86,1370.1,38.73,0.0,2331.69,259.08
ORD-2024-14228,P0596,WH_DELHI_N,22,5246.780000000001,1225.78,94.67,0.0,6567.23,298.51
ORD-2024-14229,P0159,WH_BLR_S,40,15866.400000000001,1087.08,172.12,0.0,17125.6,428.14
ORD-2024-14230,P0345,WH_DELHI_N,27,18996.93,1239.16,116.18,0.0,20352.27,753.79
ORD-2024-14231,P0893,WH_DELHI_N,9,5126.94,95.6674,38.73,0.0,5261.34,584.59
ORD-2024-14232,P0218,WH_BLR_S,7,5749.38,894.79,30.12,0.0,6674.29,953.47
ORD-2024-14233,P0852,WH_MUMBAI_W,36,23806.8,381.1,154.91,0.0,24342.81,676.19
ORD-2024-14234,P0627,WH_MUMBAI_W,48,40521.600000000006,1603.08,206.54,0.0,42331.22,881.9
ORD-2024-14235,P0714,WH_NAGPUR_C,38,2754.62,477.48,163.51,0.0,3395.61,89.36
ORD-2024-14236,P0213,WH_BLR_S,2,861.16,1303.01,8.61,0.0,2172.78,1086.39
ORD-2024-14237,P0131,WH_KOLKATA_E,43,3328.2000000000003,1286.95,185.03,0.0,4800.18,111.63
ORD-2024-14238,P0673,WH_NAGPUR_C,5,2485.7,1096.74,21.51,0.0,3603.95,720.79
ORD-2024-14239,P0429,WH_KOLKATA_E,17,12173.87,1027.29,73.15,0.0,13274.31,780.84
ORD-2024-14240,P0195,WH_DELHI_N,37,21343.82,743.21,159.21,0.0,22246.24,601.25
ORD-2024-14241,P0837,WH_KOLKATA_E,35,22757.7,1341.5,150.6,0.0,24249.8,692.85
ORD-2024-14242,P0470,WH_DELHI_N,8,5724.0,702.42,34.42,0.0,6460.84,807.6
ORD-2024-14243,P0956,WH_BLR_S,43,30632.77,1260.72,185.03,0.0,32078.52,746.01
ORD-2024-14244,P0867,WH_BLR_S,3,2340.2400000000002,427.06,12.91,0.0,2780.21,926.74
ORD-2024-14245,P0198,WH_NAGPUR_C,3,2151.36,1366.49,12.91,0.0,3530.76,1176.92
ORD-2024-14246,P0161,WH_MUMBAI_W,1,286.46,1248.96,4.3,0.0,1539.72,1539.72
ORD-2024-14247,P0994,WH_MUMBAI_W,24,8059.4400000000005,1204.98,103.27,0.0,9367.69,390.32
ORD-2024-14248,P0688,WH_NAGPUR_C,45,8502.3,749.11,193.63,0.0,9445.04,209.89
ORD-2024-14249,P0801,WH_NAGPUR_C,30,17697.0,1148.94,129.09,0.0,18975.03,632.5
ORD-2024-14250,P0319,WH_BLR_S,42,2545.62,806.54,180.72,0.0,3532.88,84.12
ORD-2024-14251,P0824,WH_KOLKATA_E,26,21454.68,450.94,111.88,0.0,22017.5,846.83
ORD-2024-14252,P0867,WH_KOLKATA_E,38,29643.04,808.38,163.51,0.0,30614.93,805.66
ORD-2024-14253,P0927,WH_DELHI_N,43,4037.27,733.07,185.03,0.0,4955.37,115.24
ORD-2024-14254,P0332,WH_DELHI_N,40,25452.0,313.92,172.12,0.0,25938.04,648.45
ORD-2024-14255,P0491,WH_BLR_S,43,2457.02,95.6674,185.03,0.0,2737.72,63.67
ORD-2024-14256,P0971,WH_DELHI_N,38,21506.86,1137.35,163.51,0.0,22807.72,600.2
ORD-2024-14257,P0714,WH_MUMBAI_W,44,3189.56,1289.21,189.33,0.0,4668.1,106.09
ORD-2024-14258,P0642,WH_DELHI_N,3,1464.09,571.3,12.91,0.0,2048.3,682.77
ORD-2024-14259,P0783,WH_BLR_S,13,7128.42,1615.81,55.94,0.0,8800.17,676.94
ORD-2024-14260,P0994,WH_DELHI_N,36,12089.16,569.76,154.91,0.0,12813.83,355.94
ORD-2024-14261,P0836,WH_KOLKATA_E,41,15635.35,948.8,176.42,0.0,16760.57,408.79
ORD-2024-14262,P0191,WH_NAGPUR_C,48,4401.6,1303.2,206.54,0.0,5911.34,123.15
ORD-2024-14263,P0261,WH_DELHI_N,12,5281.08,1265.5,51.64,0.0,6598.22,549.85
ORD-2024-14264,P0159,WH_MUMBAI_W,20,7933.200000000001,733.43,86.06,0.0,8752.69,437.63
ORD-2024-14265,P0956,WH_KOLKATA_E,39,27783.21,1436.14,167.82,0.0,29387.17,753.52
ORD-2024-14266,P0080,WH_NAGPUR_C,44,12873.519999999999,1252.82,189.33,0.0,14315.67,325.36
ORD-2024-14267,P0592,WH_KOLKATA_E,8,5070.08,574.45,34.42,0.0,5678.95,709.87
ORD-2024-14268,P0971,WH_NAGPUR_C,47,26600.59,1283.51,202.24,0.0,28086.34,597.58
ORD-2024-14269,P0056,WH_MUMBAI_W,2,1362.06,688.44,8.61,0.0,2059.11,1029.56
ORD-2024-14270,P0663,WH_MUMBAI_W,11,9009.22,636.59,47.33,0.0,9693.14,881.19
ORD-2024-14271,P0909,WH_KOLKATA_E,21,6946.379999999999,703.05,90.36,0.0,7739.79,368.56
ORD-2024-14272,P0337,WH_BLR_S,37,12288.81,743.68,159.21,0.0,13191.7,356.53
ORD-2024-14273,P0005,WH_KOLKATA_E,6,2129.34,95.6674,25.82,0.0,2250.83,375.14
ORD-2024-14274,P0992,WH_DELHI_N,19,9722.49,457.63,81.76,0.0,10261.88,540.1
ORD-2024-14275,P0866,WH_MUMBAI_W,30,16780.2,1074.96,129.09,0.0,17984.25,599.48
ORD-2024-14276,P0364,WH_DELHI_N,46,38470.72,655.76,197.94,0.0,39324.42,854.88
ORD-2024-14277,P0988,WH_NAGPUR_C,39,31901.22,1054.22,167.82,0.0,33123.26,849.31
ORD-2024-14278,P0198,WH_DELHI_N,44,31553.28,1078.94,189.33,0.0,32821.55,745.94
ORD-2024-14279,P0022,WH_DELHI_N,49,28378.35,1578.32,210.85,0.0,30167.52,615.66
ORD-2024-14280,P0708,WH_DELHI_N,36,7510.68,862.15,154.91,0.0,8527.74,236.88
ORD-2024-14281,P0708,WH_DELHI_N,20,4172.6,995.33,86.06,0.0,5253.99,262.7
ORD-2024-14282,P0279,WH_DELHI_N,10,6927.200000000001,1114.27,43.03,0.0,8084.5,808.45
ORD-2024-14283,P0470,WH_NAGPUR_C,24,17172.0,1247.88,103.27,0.0,18523.15,771.8
ORD-2024-14284,P0790,WH_MUMBAI_W,33,14271.179999999998,809.0,142.0,0.0,15222.18,461.28
ORD-2024-14285,P0476,WH_BLR_S,29,15459.320000000002,1241.67,124.79,0.0,16825.78,580.2
ORD-2024-14286,P0220,WH_BLR_S,30,17961.300000000003,1047.26,129.09,0.0,19137.65,637.92
ORD-2024-14287,P0975,WH_BLR_S,36,1511.28,1190.95,154.91,0.0,2857.14,79.36
ORD-2024-14288,P0673,WH_KOLKATA_E,45,22371.3,566.9,193.63,0.0,23131.83,514.04
ORD-2024-14289,P0198,WH_BLR_S,6,4302.72,1303.75,25.82,0.0,5632.29,938.72
ORD-2024-14290,P0918,WH_KOLKATA_E,47,20408.81,937.53,202.24,0.0,21548.58,458.48
ORD-2024-14291,P0837,WH_BLR_S,14,9103.08,1434.7,60.24,0.0,10598.02,757.0
ORD-2024-14292,P0674,WH_BLR_S,3,753.0600000000001,327.36,12.91,0.0,1093.33,364.44
ORD-2024-14293,P0422,WH_KOLKATA_E,24,10291.2,717.76,103.27,0.0,11112.23,463.01
ORD-2024-14294,P0189,WH_DELHI_N,19,12086.47,1228.61,81.76,0.0,13396.84,705.1
ORD-2024-14295,P0267,WH_KOLKATA_E,38,8141.5,1469.87,163.51,0.0,9774.88,257.23
ORD-2024-14296,P0337,WH_KOLKATA_E,34,11292.42,1318.36,146.3,0.0,12757.08,375.21
ORD-2024-14297,P0466,WH_DELHI_N,9,1996.56,1103.41,38.73,0.0,3138.7,348.74
ORD-2024-14298,P0404,WH_NAGPUR_C,30,18807.899999999998,1237.61,129.09,0.0,20174.6,672.49
ORD-2024-14299,P0222,WH_NAGPUR_C,32,6049.28,720.16,137.69,0.0,6907.13,215.85
ORD-2024-14300,P0530,WH_MUMBAI_W,13,810.03,373.06,55.94,0.0,1239.03,95.31
ORD-2024-14301,P0596,WH_NAGPUR_C,18,4292.82,792.51,77.45,0.0,5162.78,286.82
ORD-2024-14302,P0364,WH_NAGPUR_C,44,36798.08,1612.66,189.33,0.0,38600.07,877.27
ORD-2024-14303,P0673,WH_MUMBAI_W,22,10937.08,675.9,94.67,0.0,11707.65,532.17
ORD-2024-14304,P0633,WH_BLR_S,4,1951.08,927.38,17.21,0.0,2895.67,723.92
ORD-2024-14305,P0103,WH_BLR_S,23,2985.8599999999997,1455.62,98.97,0.0,4540.45,197.41
ORD-2024-14306,P0091,WH_NAGPUR_C,7,4665.639999999999,278.75,30.12,0.0,4974.51,710.64
ORD-2024-14307,P0294,WH_KOLKATA_E,44,1667.6,261.68,189.33,0.0,2118.61,48.15
ORD-2024-14308,P0342,WH_MUMBAI_W,11,1553.86,1016.78,47.33,0.0,2617.97,238.0
ORD-2024-14309,P0083,WH_NAGPUR_C,39,21211.32,637.44,167.82,0.0,22016.58,564.53
ORD-2024-14310,P0866,WH_NAGPUR_C,42,23492.280000000002,1172.75,180.72,0.0,24845.75,591.57
ORD-2024-14311,P0105,WH_MUMBAI_W,41,27909.52,741.6,176.42,0.0,28827.54,703.11
ORD-2024-14312,P0981,WH_BLR_S,34,2152.88,938.38,146.3,0.0,3237.56,95.22
ORD-2024-14313,P0801,WH_DELHI_N,5,2949.5,1615.28,21.51,0.0,4586.29,917.26
ORD-2024-14314,P0992,WH_NAGPUR_C,42,21491.82,789.65,180.72,0.0,22462.19,534.81
ORD-2024-14315,P0198,WH_DELHI_N,25,17928.0,1059.54,107.57,0.0,19095.11,763.8
ORD-2024-14316,P0608,WH_KOLKATA_E,28,23388.12,1526.35,120.48,0.0,25034.95,894.11
ORD-2024-14317,P0651,WH_BLR_S,14,3285.66,666.29,60.24,0.0,4012.19,286.58
ORD-2024-14318,P0470,WH_KOLKATA_E,27,19318.5,95.6674,116.18,0.0,19530.35,723.35
ORD-2024-14319,P0429,WH_NAGPUR_C,16,11457.76,1191.13,68.85,0.0,12717.74,794.86
ORD-2024-14320,P0545,WH_KOLKATA_E,27,7874.28,997.05,116.18,0.0,8987.51,332.87
ORD-2024-14321,P0867,WH_DELHI_N,2,1560.16,667.71,8.61,0.0,2236.48,1118.24
ORD-2024-14322,P0511,WH_KOLKATA_E,19,11639.78,1199.81,81.76,0.0,12921.35,680.07
ORD-2024-14323,P0286,WH_DELHI_N,23,2358.42,1247.62,98.97,0.0,3705.01,161.09
ORD-2024-14324,P0345,WH_NAGPUR_C,41,28847.190000000002,478.72,176.42,0.0,29502.33,719.57
ORD-2024-14325,P0131,WH_DELHI_N,14,1083.6000000000001,351.16,60.24,0.0,1495.0,106.79
ORD-2024-14326,P0191,WH_NAGPUR_C,47,4309.900000000001,1186.45,202.24,0.0,5698.59,121.25
ORD-2024-14327,P0567,WH_BLR_S,26,9603.36,810.96,111.88,0.0,10526.2,404.85
ORD-2024-14328,P0598,WH_MUMBAI_W,8,1739.28,225.23,34.42,0.0,1998.93,249.87
ORD-2024-14329,P0280,WH_NAGPUR_C,27,14653.98,220.36,116.18,0.0,14990.52,555.2
ORD-2024-14330,P0294,WH_DELHI_N,47,1781.3,95.6674,202.24,0.0,2079.21,44.24
ORD-2024-14331,P0465,WH_NAGPUR_C,40,23720.4,127.58,172.12,0.0,24020.1,600.5
ORD-2024-14332,P0160,WH_KOLKATA_E,28,22380.68,1109.73,120.48,0.0,23610.89,843.25
ORD-2024-14333,P0195,WH_KOLKATA_E,4,2307.44,1410.25,17.21,0.0,3734.9,933.72
ORD-2024-14334,P0511,WH_BLR_S,38,23279.56,1440.69,163.51,0.0,24883.76,654.84
ORD-2024-14335,P0254,WH_NAGPUR_C,11,613.9100000000001,811.49,47.33,0.0,1472.73,133.88
ORD-2024-14336,P0998,WH_MUMBAI_W,44,2968.68,1187.83,189.33,0.0,4345.84,98.77
ORD-2024-14337,P0410,WH_BLR_S,24,12319.439999999999,1125.95,103.27,0.0,13548.66,564.53
ORD-2024-14338,P0267,WH_DELHI_N,28,5999.0,463.53,120.48,0.0,6583.01,235.11
ORD-2024-14339,P0834,WH_NAGPUR_C,41,26197.77,694.46,176.42,0.0,27068.65,660.21
ORD-2024-14340,P0962,WH_MUMBAI_W,18,2188.44,882.07,77.45,0.0,3147.96,174.89
ORD-2024-14341,P0030,WH_DELHI_N,49,19018.37,460.01,210.85,0.0,19689.23,401.82
ORD-2024-14342,P0662,WH_KOLKATA_E,21,15396.15,1607.05,90.36,0.0,17093.56,813.98
ORD-2024-14343,P0213,WH_BLR_S,26,11195.08,602.22,111.88,0.0,11909.18,458.05
ORD-2024-14344,P0027,WH_BLR_S,3,1554.81,1086.61,12.91,0.0,2654.33,884.78
ORD-2024-14345,P0634,WH_KOLKATA_E,13,9556.300000000001,589.54,55.94,0.0,10201.78,784.75
ORD-2024-14346,P0109,WH_DELHI_N,38,17261.5,825.65,163.51,0.0,18250.66,480.28
ORD-2024-14347,P0491,WH_BLR_S,28,1599.92,1090.29,120.48,0.0,2810.69,100.38
ORD-2024-14348,P0097,WH_DELHI_N,14,3229.3799999999997,1334.82,60.24,0.0,4624.44,330.32
ORD-2024-14349,P0581,WH_NAGPUR_C,1,38.68,386.83,4.3,0.0,429.81,429.81
ORD-2024-14350,P0276,WH_NAGPUR_C,28,18453.68,880.21,120.48,0.0,19454.37,694.8
ORD-2024-14351,P0479,WH_DELHI_N,36,25043.04,992.29,154.91,0.0,26190.24,727.51
ORD-2024-14352,P0266,WH_KOLKATA_E,11,2310.2200000000003,170.44,47.33,0.0,2527.99,229.82
ORD-2024-14353,P0634,WH_BLR_S,43,31609.3,1310.6,185.03,0.0,33104.93,769.88
ORD-2024-14354,P0335,WH_KOLKATA_E,40,33686.799999999996,1088.79,172.12,0.0,34947.71,873.69
ORD-2024-14355,P0300,WH_KOLKATA_E,4,1615.52,1030.1,17.21,0.0,2662.83,665.71
ORD-2024-14356,P0116,WH_DELHI_N,34,5994.54,435.75,146.3,0.0,6576.59,193.43
ORD-2024-14357,P0230,WH_MUMBAI_W,1,350.62,855.03,4.3,0.0,1209.95,1209.95
ORD-2024-14358,P0005,WH_MUMBAI_W,10,3548.8999999999996,960.13,43.03,0.0,4552.06,455.21
ORD-2024-14359,P0220,WH_DELHI_N,17,10178.07,654.26,73.15,0.0,10905.48,641.5
ORD-2024-14360,P0754,WH_BLR_S,7,5037.69,1036.64,30.12,0.0,6104.45,872.06
ORD-2024-14361,P0410,WH_DELHI_N,39,20019.089999999997,182.14,167.82,0.0,20369.05,522.28
ORD-2024-14362,P0337,WH_BLR_S,13,4317.69,763.22,55.94,0.0,5136.85,395.14
ORD-2024-14363,P0822,WH_KOLKATA_E,22,9363.86,201.72,94.67,0.0,9660.25,439.1
ORD-2024-14364,P0193,WH_MUMBAI_W,1,358.16,837.12,4.3,0.0,1199.58,1199.58
ORD-2024-14365,P0981,WH_MUMBAI_W,28,1772.96,1419.47,120.48,0.0,3312.91,118.32
ORD-2024-14366,P0651,WH_DELHI_N,33,7744.7699999999995,699.65,142.0,0.0,8586.42,260.19
ORD-2024-14367,P0470,WH_KOLKATA_E,13,9301.5,1566.48,55.94,0.0,10923.92,840.3
ORD-2024-14368,P0357,WH_MUMBAI_W,1,485.59,1290.03,4.3,0.0,1779.92,1779.92
ORD-2024-14369,P0356,WH_NAGPUR_C,38,31147.079999999998,1563.93,163.51,0.0,32874.52,865.12
ORD-2024-14370,P0956,WH_NAGPUR_C,25,17809.75,1383.9,107.57,0.0,19301.22,772.05
ORD-2024-14371,P0608,WH_BLR_S,42,35082.18,1413.29,180.72,0.0,36676.19,873.24
ORD-2024-14372,P0641,WH_KOLKATA_E,21,11119.5,732.51,90.36,0.0,11942.37,568.68
ORD-2024-14373,P0021,WH_DELHI_N,33,8159.910000000001,1413.49,142.0,0.0,9715.4,294.41
ORD-2024-14374,P0584,WH_BLR_S,37,17762.22,631.8,159.21,0.0,18553.23,501.44
ORD-2024-14375,P0231,WH_BLR_S,34,20230.68,1391.16,146.3,0.0,21768.14,640.24
ORD-2024-14376,P0824,WH_BLR_S,3,2475.54,812.6,12.91,0.0,3301.05,1100.35
ORD-2024-14377,P0673,WH_NAGPUR_C,30,14914.199999999999,142.36,129.09,0.0,15185.65,506.19
ORD-2024-14378,P0479,WH_MUMBAI_W,3,2086.92,1503.66,12.91,0.0,3603.49,1201.16
ORD-2024-14379,P0911,WH_NAGPUR_C,18,525.24,1181.41,77.45,0.0,1784.1,99.12
ORD-2024-14380,P0637,WH_BLR_S,23,8505.63,1160.53,98.97,0.0,9765.13,424.57
ORD-2024-14381,P0568,WH_BLR_S,8,6051.68,1523.14,34.42,0.0,7609.24,951.16
ORD-2024-14382,P0391,WH_NAGPUR_C,9,7117.74,1559.35,38.73,0.0,8715.82,968.42
ORD-2024-14383,P0154,WH_DELHI_N,2,751.5,1340.65,8.61,0.0,2100.76,1050.38
ORD-2024-14384,P0533,WH_MUMBAI_W,2,355.0,1030.33,8.61,0.0,1393.94,696.97
ORD-2024-14385,P0783,WH_MUMBAI_W,27,14805.18,362.88,116.18,0.0,15284.24,566.08
ORD-2024-14386,P0286,WH_BLR_S,48,4921.92,1222.4,206.54,0.0,6350.86,132.31
ORD-2024-14387,P0716,WH_NAGPUR_C,39,14475.630000000001,916.5,167.82,0.0,15559.95,398.97
ORD-2024-14388,P0143,WH_BLR_S,36,22789.8,919.94,154.91,0.0,23864.65,662.91
ORD-2024-14389,P0491,WH_BLR_S,5,285.7,1191.52,21.51,0.0,1498.73,299.75
ORD-2024-14390,P0975,WH_BLR_S,1,41.98,1377.92,4.3,0.0,1424.2,1424.2
ORD-2024-14391,P0754,WH_BLR_S,22,15832.74,431.79,94.67,0.0,16359.2,743.6
ORD-2024-14392,P0907,WH_BLR_S,10,1540.6,534.04,43.03,0.0,2117.67,211.77
ORD-2024-14393,P0852,WH_KOLKATA_E,45,29758.499999999996,473.38,193.63,0.0,30425.51,676.12
ORD-2024-14394,P0364,WH_NAGPUR_C,24,20071.68,1339.4,103.27,0.0,21514.35,896.43
ORD-2024-14395,P0925,WH_KOLKATA_E,15,3603.6000000000004,831.35,64.54,0.0,4499.49,299.97
ORD-2024-14396,P0279,WH_MUMBAI_W,33,22859.760000000002,923.23,142.0,0.0,23924.99,725.0
ORD-2024-14397,P0596,WH_MUMBAI_W,23,5485.27,907.14,98.97,0.0,6491.38,282.23
ORD-2024-14398,P0152,WH_MUMBAI_W,14,3486.28,1398.41,60.24,0.0,4944.93,353.21
ORD-2024-14399,P0080,WH_BLR_S,18,5266.44,1017.57,77.45,0.0,6361.46,353.41
ORD-2024-14400,P0796,WH_BLR_S,25,14188.25,1620.23,107.57,0.0,15916.05,636.64
ORD-2024-14401,P0064,WH_BLR_S,22,5536.3,966.82,94.67,0.0,6597.79,299.9
ORD-2024-14402,P0927,WH_BLR_S,44,4131.16,829.14,189.33,0.0,5149.63,117.04
ORD-2024-14403,P0005,WH_NAGPUR_C,44,15615.16,281.23,189.33,0.0,16085.72,365.58
ORD-2024-14404,P0335,WH_KOLKATA_E,37,31160.289999999997,822.58,159.21,0.0,32142.08,868.7
ORD-2024-14405,P0103,WH_NAGPUR_C,7,908.74,646.93,30.12,0.0,1585.79,226.54
ORD-2024-14406,P0005,WH_NAGPUR_C,26,9227.14,1057.08,111.88,0.0,10396.1,399.85
ORD-2024-14407,P0189,WH_MUMBAI_W,24,15267.119999999999,571.16,103.27,0.0,15941.55,664.23
ORD-2024-14408,P0821,WH_MUMBAI_W,13,6438.900000000001,528.07,55.94,0.0,7022.91,540.22
ORD-2024-14409,P0429,WH_DELHI_N,41,29360.510000000002,1602.93,176.42,0.0,31139.86,759.51
ORD-2024-14410,P0627,WH_DELHI_N,6,5065.200000000001,567.19,25.82,0.0,5658.21,943.04
ORD-2024-14411,P0125,WH_MUMBAI_W,21,4043.13,1392.49,90.36,0.0,5525.98,263.14
ORD-2024-14412,P0297,WH_NAGPUR_C,7,3113.39,1364.95,30.12,0.0,4508.46,644.07
ORD-2024-14413,P0824,WH_NAGPUR_C,18,14853.24,575.68,77.45,0.0,15506.37,861.46
ORD-2024-14414,P0195,WH_BLR_S,15,8652.9,719.6,64.54,0.0,9437.04,629.14
ORD-2024-14415,P0711,WH_MUMBAI_W,8,6031.04,1219.59,34.42,0.0,7285.05,910.63
ORD-2024-14416,P0276,WH_MUMBAI_W,16,10544.96,592.98,68.85,0.0,11206.79,700.42
ORD-2024-14417,P0230,WH_DELHI_N,49,17180.38,122.52,210.85,0.0,17513.75,357.42
ORD-2024-14418,P0276,WH_NAGPUR_C,3,1977.1799999999998,933.74,12.91,0.0,2923.83,974.61
ORD-2024-14419,P0589,WH_BLR_S,45,12930.750000000002,848.2,193.63,0.0,13972.58,310.5
ORD-2024-14420,P0918,WH_MUMBAI_W,9,3908.07,537.3,38.73,0.0,4484.1,498.23
ORD-2024-14421,P0332,WH_BLR_S,47,29906.1,218.67,202.24,0.0,30327.01,645.26
ORD-2024-14422,P0115,WH_NAGPUR_C,26,19924.059999999998,809.91,111.88,0.0,20845.85,801.76
ORD-2024-14423,P0914,WH_KOLKATA_E,26,10073.699999999999,1527.47,111.88,0.0,11713.05,450.5
ORD-2024-14424,P0568,WH_NAGPUR_C,30,22693.800000000003,1602.97,129.09,0.0,24425.86,814.2
ORD-2024-14425,P0470,WH_NAGPUR_C,27,19318.5,1324.5,116.18,0.0,20759.18,768.86
ORD-2024-14426,P0319,WH_DELHI_N,16,969.76,740.3,68.85,0.0,1778.91,111.18
ORD-2024-14427,P0627,WH_KOLKATA_E,48,40521.600000000006,381.24,206.54,0.0,41109.38,856.45
ORD-2024-14428,P0319,WH_MUMBAI_W,4,242.44,1538.27,17.21,0.0,1797.92,449.48
ORD-2024-14429,P0198,WH_NAGPUR_C,19,13625.28,1408.36,81.76,0.0,15115.4,795.55
ORD-2024-14430,P0620,WH_MUMBAI_W,34,4033.08,399.73,146.3,0.0,4579.11,134.68
ORD-2024-14431,P0783,WH_MUMBAI_W,6,3290.04,886.91,25.82,0.0,4202.77,700.46
ORD-2024-14432,P0992,WH_BLR_S,45,23026.95,951.92,193.63,0.0,24172.5,537.17
ORD-2024-14433,P0176,WH_DELHI_N,15,1696.05,930.48,64.54,0.0,2691.07,179.4
ORD-2024-14434,P0553,WH_NAGPUR_C,10,2679.2000000000003,1070.8,43.03,0.0,3793.03,379.3
ORD-2024-14435,P0530,WH_DELHI_N,42,2617.02,1534.63,180.72,0.0,4332.37,103.15
ORD-2024-14436,P0568,WH_NAGPUR_C,36,27232.56,356.31,154.91,0.0,27743.78,770.66
ORD-2024-14437,P0962,WH_DELHI_N,46,5592.68,1492.6,197.94,0.0,7283.22,158.33
ORD-2024-14438,P0408,WH_BLR_S,40,6786.0,459.93,172.12,0.0,7418.05,185.45
ORD-2024-14439,P0230,WH_NAGPUR_C,6,2103.7200000000003,832.14,25.82,0.0,2961.68,493.61
ORD-2024-14440,P0022,WH_BLR_S,44,25482.6,856.19,189.33,0.0,26528.12,602.91
ORD-2024-14441,P0754,WH_BLR_S,40,28786.8,1122.94,172.12,0.0,30081.86,752.05
ORD-2024-14442,P0335,WH_BLR_S,6,5053.0199999999995,643.99,25.82,0.0,5722.83,953.8
ORD-2024-14443,P0088,WH_MUMBAI_W,15,3058.05,310.92,64.54,0.0,3433.51,228.9
ORD-2024-14444,P0791,WH_BLR_S,29,9875.369999999999,1286.08,124.79,0.0,11286.24,389.18
ORD-2024-14445,P0840,WH_MUMBAI_W,25,8181.25,391.93,107.57,0.0,8680.75,347.23
ORD-2024-14446,P0345,WH_KOLKATA_E,19,13368.210000000001,411.74,81.76,0.0,13861.71,729.56
ORD-2024-14447,P0962,WH_NAGPUR_C,14,1702.12,216.08,60.24,0.0,1978.44,141.32
ORD-2024-14448,P0372,WH_MUMBAI_W,3,1957.9499999999998,976.27,12.91,0.0,2947.13,982.38
ORD-2024-14449,P0915,WH_KOLKATA_E,42,28802.76,939.54,180.72,0.0,29923.02,712.45
ORD-2024-14450,P0909,WH_DELHI_N,46,15215.88,913.39,197.94,0.0,16327.21,354.94
ORD-2024-14451,P0391,WH_KOLKATA_E,14,11072.04,268.91,60.24,0.0,11401.19,814.37
ORD-2024-14452,P0230,WH_KOLKATA_E,39,13674.18,1440.68,167.82,0.0,15282.68,391.86
ORD-2024-14453,P0228,WH_NAGPUR_C,39,9947.73,269.7,167.82,0.0,10385.25,266.29
ORD-2024-14454,P0595,WH_BLR_S,21,4993.8,1592.59,90.36,0.0,6676.75,317.94
ORD-2024-14455,P0202,WH_BLR_S,11,3172.73,692.83,47.33,0.0,3912.89,355.72
ORD-2024-14456,P0592,WH_NAGPUR_C,10,6337.6,1056.26,43.03,0.0,7436.89,743.69
ORD-2024-14457,P0821,WH_NAGPUR_C,15,7429.5,1103.88,64.54,0.0,8597.92,573.19
ORD-2024-14458,P0119,WH_NAGPUR_C,30,6906.0,932.39,129.09,0.0,7967.48,265.58
ORD-2024-14459,P0641,WH_DELHI_N,44,23298.0,1386.48,189.33,0.0,24873.81,565.31
ORD-2024-14460,P0084,WH_DELHI_N,17,13926.06,1202.47,73.15,0.0,15201.68,894.22
ORD-2024-14461,P0583,WH_BLR_S,29,11864.48,946.96,124.79,0.0,12936.23,446.08
ORD-2024-14462,P0553,WH_BLR_S,17,4554.64,95.6674,73.15,0.0,4723.46,277.85
ORD-2024-14463,P0673,WH_BLR_S,33,16405.62,1081.02,142.0,0.0,17628.64,534.2
ORD-2024-14464,P0596,WH_NAGPUR_C,38,9062.62,1282.34,163.51,0.0,10508.47,276.54
ORD-2024-14465,P0154,WH_KOLKATA_E,21,7890.75,1354.89,90.36,0.0,9336.0,444.57
ORD-2024-14466,P0088,WH_BLR_S,47,9581.89,933.22,202.24,0.0,10717.35,228.03
ORD-2024-14467,P0893,WH_MUMBAI_W,14,7975.24,625.55,60.24,0.0,8661.03,618.65
ORD-2024-14468,P0230,WH_NAGPUR_C,10,3506.2,625.65,43.03,0.0,4174.88,417.49
ORD-2024-14469,P0801,WH_KOLKATA_E,42,24775.8,794.33,180.72,0.0,25750.85,613.12
ORD-2024-14470,P0553,WH_DELHI_N,23,6162.160000000001,1175.11,98.97,0.0,7436.24,323.31
ORD-2024-14471,P0011,WH_KOLKATA_E,39,16635.84,1088.36,167.82,0.0,17892.02,458.77
ORD-2024-14472,P0608,WH_BLR_S,39,32576.309999999998,995.37,167.82,0.0,33739.5,865.12
ORD-2024-14473,P0038,WH_DELHI_N,14,5553.8,1380.52,60.24,0.0,6994.56,499.61
ORD-2024-14474,P0465,WH_MUMBAI_W,47,27871.47,726.94,202.24,0.0,28800.65,612.78
ORD-2024-14475,P0353,WH_MUMBAI_W,22,17805.48,1000.03,94.67,0.0,18900.18,859.1
ORD-2024-14476,P0666,WH_BLR_S,41,25656.98,1475.58,176.42,0.0,27308.98,666.07
ORD-2024-14477,P0143,WH_BLR_S,28,17725.399999999998,805.52,120.48,0.0,18651.4,666.12
ORD-2024-14478,P0759,WH_MUMBAI_W,47,25891.36,589.03,202.24,0.0,26682.63,567.72
ORD-2024-14479,P0202,WH_DELHI_N,9,2595.87,801.49,38.73,0.0,3436.09,381.79
ORD-2024-14480,P0893,WH_NAGPUR_C,23,13102.179999999998,593.27,98.97,0.0,13794.42,599.76
ORD-2024-14481,P0188,WH_KOLKATA_E,7,5606.16,382.95,30.12,0.0,6019.23,859.89
ORD-2024-14482,P0791,WH_KOLKATA_E,24,8172.719999999999,961.48,103.27,0.0,9237.47,384.89
ORD-2024-14483,P0364,WH_KOLKATA_E,43,35961.76,171.25,185.03,0.0,36318.04,844.61
ORD-2024-14484,P0492,WH_KOLKATA_E,37,25592.9,491.34,159.21,0.0,26243.45,709.28
ORD-2024-14485,P0254,WH_DELHI_N,9,502.29,1035.92,38.73,0.0,1576.94,175.22
ORD-2024-14486,P0674,WH_MUMBAI_W,38,9538.76,434.43,163.51,0.0,10136.7,266.76
ORD-2024-14487,P0213,WH_NAGPUR_C,7,3014.06,1632.7206,30.12,0.0,4676.9,668.13
ORD-2024-14488,P0038,WH_MUMBAI_W,23,9124.1,1057.25,98.97,0.0,10280.32,446.97
ORD-2024-14489,P0876,WH_MUMBAI_W,25,11045.75,976.76,107.57,0.0,12130.08,485.2
ORD-2024-14490,P0530,WH_DELHI_N,46,2866.26,922.23,197.94,0.0,3986.43,86.66
ORD-2024-14491,P0279,WH_MUMBAI_W,22,15239.84,1289.39,94.67,0.0,16623.9,755.63
ORD-2024-14492,P0356,WH_KOLKATA_E,43,35245.38,1127.6,185.03,0.0,36558.01,850.19
ORD-2024-14493,P0608,WH_BLR_S,7,5847.03,1498.3,30.12,0.0,7375.45,1053.64
ORD-2024-14494,P0109,WH_KOLKATA_E,6,2725.5,588.26,25.82,0.0,3339.58,556.6
ORD-2024-14495,P0637,WH_BLR_S,36,13313.16,762.5,154.91,0.0,14230.57,395.29
ORD-2024-14496,P0422,WH_BLR_S,46,19724.8,929.37,197.94,0.0,20852.11,453.31
ORD-2024-14497,P0347,WH_NAGPUR_C,22,18235.36,672.8,94.67,0.0,19002.83,863.77
ORD-2024-14498,P0952,WH_MUMBAI_W,35,17433.149999999998,425.62,150.6,0.0,18009.37,514.55
ORD-2024-14499,P0641,WH_KOLKATA_E,49,25945.5,95.6674,210.85,0.0,26252.02,535.76
ORD-2024-14500,P0911,WH_NAGPUR_C,47,1371.46,671.64,202.24,0.0,2245.34,47.77
ORD-2024-14501,P0294,WH_DELHI_N,33,1250.7,841.03,142.0,0.0,2233.73,67.69
ORD-2024-14502,P0907,WH_NAGPUR_C,21,3235.26,1230.52,90.36,0.0,4556.14,216.96
ORD-2024-14503,P0458,WH_KOLKATA_E,11,8973.8,1199.99,47.33,0.0,10221.12,929.19
ORD-2024-14504,P0759,WH_MUMBAI_W,13,7161.44,579.78,55.94,0.0,7797.16,599.78
ORD-2024-14505,P0131,WH_NAGPUR_C,3,232.20000000000002,1150.18,12.91,0.0,1395.29,465.1
ORD-2024-14506,P0633,WH_MUMBAI_W,13,6341.01,326.52,55.94,0.0,6723.47,517.19
ORD-2024-14507,P0567,WH_NAGPUR_C,41,15143.76,651.28,176.42,0.0,15971.46,389.55
ORD-2024-14508,P0228,WH_BLR_S,34,8672.38,623.91,146.3,0.0,9442.59,277.72
ORD-2024-14509,P0143,WH_DELHI_N,28,17725.399999999998,278.36,120.48,0.0,18124.24,647.29
ORD-2024-14510,P0139,WH_DELHI_N,40,23928.0,1412.47,172.12,0.0,25512.59,637.81
ORD-2024-14511,P0674,WH_MUMBAI_W,34,8534.68,790.34,146.3,0.0,9471.32,278.57
ORD-2024-14512,P0952,WH_KOLKATA_E,32,15938.88,571.96,137.69,0.0,16648.53,520.27
ORD-2024-14513,P0988,WH_MUMBAI_W,23,18813.54,1251.77,98.97,0.0,20164.28,876.71
ORD-2024-14514,P0672,WH_KOLKATA_E,24,5972.64,933.98,103.27,0.0,7009.89,292.08
ORD-2024-14515,P0103,WH_BLR_S,1,129.82,1467.51,4.3,0.0,1601.63,1601.63
ORD-2024-14516,P0195,WH_NAGPUR_C,24,13844.64,1142.36,103.27,0.0,15090.27,628.76
ORD-2024-14517,P0466,WH_DELHI_N,3,665.52,1458.13,12.91,0.0,2136.56,712.19
ORD-2024-14518,P0893,WH_MUMBAI_W,17,9684.22,1272.81,73.15,0.0,11030.18,648.83
ORD-2024-14519,P0759,WH_DELHI_N,7,3856.16,1291.09,30.12,0.0,5177.37,739.62
ORD-2024-14520,P0487,WH_BLR_S,10,442.0,690.24,43.03,0.0,1175.27,117.53
ORD-2024-14521,P0492,WH_DELHI_N,19,13142.300000000001,300.41,81.76,0.0,13524.47,711.81
ORD-2024-14522,P0780,WH_DELHI_N,24,15332.16,820.97,103.27,0.0,16256.4,677.35
ORD-2024-14523,P0458,WH_DELHI_N,9,7342.2,852.86,38.73,0.0,8233.79,914.87
ORD-2024-14524,P0780,WH_BLR_S,15,9582.6,444.58,64.54,0.0,10091.72,672.78
ORD-2024-14525,P0583,WH_NAGPUR_C,49,20046.88,483.29,210.85,0.0,20741.02,423.29
ORD-2024-14526,P0634,WH_BLR_S,22,16172.2,709.5,94.67,0.0,16976.37,771.65
ORD-2024-14527,P0470,WH_MUMBAI_W,17,12163.5,761.77,73.15,0.0,12998.42,764.61
ORD-2024-14528,P0608,WH_MUMBAI_W,19,15870.509999999998,959.9,81.76,0.0,16912.17,890.11
ORD-2024-14529,P0213,WH_NAGPUR_C,9,3875.22,460.82,38.73,0.0,4374.77,486.09
ORD-2024-14530,P0030,WH_NAGPUR_C,38,14748.94,219.02,163.51,0.0,15131.47,398.2
ORD-2024-14531,P0332,WH_DELHI_N,19,12089.699999999999,619.99,81.76,0.0,12791.45,673.23
ORD-2024-14532,P0915,WH_BLR_S,8,5486.24,526.21,34.42,0.0,6046.87,755.86
ORD-2024-14533,P0022,WH_MUMBAI_W,6,3474.8999999999996,1104.51,25.82,0.0,4605.23,767.54
ORD-2024-14534,P0056,WH_MUMBAI_W,49,33370.47,615.69,210.85,0.0,34197.01,697.9
ORD-2024-14535,P0218,WH_NAGPUR_C,38,31210.920000000002,1107.1,163.51,0.0,32481.53,854.78
ORD-2024-14536,P0688,WH_MUMBAI_W,45,8502.3,608.91,193.63,0.0,9304.84,206.77
ORD-2024-14537,P0139,WH_KOLKATA_E,21,12562.2,965.94,90.36,0.0,13618.5,648.5
ORD-2024-14538,P0709,WH_BLR_S,29,14013.67,163.12,124.79,0.0,14301.58,493.16
ORD-2024-14539,P0560,WH_KOLKATA_E,34,1233.52,1137.71,146.3,0.0,2517.53,74.04
ORD-2024-14540,P0719,WH_DELHI_N,12,2811.48,226.45,51.64,0.0,3089.57,257.46
ORD-2024-14541,P0218,WH_MUMBAI_W,39,32032.260000000002,1342.05,167.82,0.0,33542.13,860.05
ORD-2024-14542,P0218,WH_DELHI_N,32,26282.88,1488.2,137.69,0.0,27908.77,872.15
ORD-2024-14543,P0975,WH_MUMBAI_W,6,251.88,854.85,25.82,0.0,1132.55,188.76
ORD-2024-14544,P0595,WH_MUMBAI_W,17,4042.6000000000004,116.2,73.15,0.0,4231.95,248.94
ORD-2024-14545,P0372,WH_NAGPUR_C,32,20884.8,565.98,137.69,0.0,21588.47,674.64
ORD-2024-14546,P0091,WH_NAGPUR_C,8,5332.16,253.54,34.42,0.0,5620.12,702.52
ORD-2024-14547,P0748,WH_MUMBAI_W,38,6847.599999999999,193.4,163.51,0.0,7204.51,189.59
ORD-2024-14548,P0801,WH_MUMBAI_W,29,17107.1,1080.62,124.79,0.0,18312.51,631.47
ORD-2024-14549,P0893,WH_BLR_S,31,17659.46,1173.38,133.39,0.0,18966.23,611.81
ORD-2024-14550,P0672,WH_MUMBAI_W,19,4728.34,999.31,81.76,0.0,5809.41,305.76
ORD-2024-14551,P0759,WH_KOLKATA_E,9,4957.92,442.67,38.73,0.0,5439.32,604.37
ORD-2024-14552,P0150,WH_KOLKATA_E,28,6286.84,349.4,120.48,0.0,6756.72,241.31
ORD-2024-14553,P0651,WH_MUMBAI_W,48,11265.119999999999,688.98,206.54,0.0,12160.64,253.35
ORD-2024-14554,P0801,WH_BLR_S,39,23006.1,634.69,167.82,0.0,23808.61,610.48
ORD-2024-14555,P0581,WH_BLR_S,40,1547.2,457.04,172.12,0.0,2176.36,54.41
ORD-2024-14556,P0356,WH_DELHI_N,31,25409.46,1355.62,133.39,0.0,26898.47,867.69
ORD-2024-14557,P0191,WH_BLR_S,19,1742.3,186.29,81.76,0.0,2010.35,105.81
ORD-2024-14558,P0131,WH_NAGPUR_C,33,2554.2000000000003,855.06,142.0,0.0,3551.26,107.61
ORD-2024-14559,P0998,WH_DELHI_N,26,1754.22,1479.11,111.88,0.0,3345.21,128.66
ORD-2024-14560,P0357,WH_KOLKATA_E,45,21851.55,1632.7206,193.63,0.0,23677.9,526.18
ORD-2024-14561,P0568,WH_NAGPUR_C,1,756.46,503.1,4.3,0.0,1263.86,1263.86
ORD-2024-14562,P0191,WH_NAGPUR_C,11,1008.7,1046.05,47.33,0.0,2102.08,191.1
ORD-2024-14563,P0083,WH_NAGPUR_C,2,1087.76,1345.22,8.61,0.0,2441.59,1220.8
ORD-2024-14564,P0102,WH_BLR_S,35,3268.65,448.57,150.6,0.0,3867.82,110.51
ORD-2024-14565,P0971,WH_BLR_S,13,7357.610000000001,892.37,55.94,0.0,8305.92,638.92
ORD-2024-14566,P0583,WH_BLR_S,39,15955.68,1489.69,167.82,0.0,17613.19,451.62
ORD-2024-14567,P0834,WH_KOLKATA_E,34,21724.98,1463.75,146.3,0.0,23335.03,686.32
ORD-2024-14568,P0569,WH_MUMBAI_W,34,21114.68,1446.49,146.3,0.0,22707.47,667.87
ORD-2024-14569,P0662,WH_MUMBAI_W,35,25660.25,970.96,150.6,0.0,26781.81,765.19
ORD-2024-14570,P0300,WH_MUMBAI_W,32,12924.16,989.66,137.69,0.0,14051.51,439.11
ORD-2024-14571,P0079,WH_KOLKATA_E,45,2109.15,473.15,193.63,0.0,2775.93,61.69
ORD-2024-14572,P0347,WH_MUMBAI_W,12,9946.56,1354.41,51.64,0.0,11352.61,946.05
ORD-2024-14573,P0276,WH_BLR_S,33,21748.98,1378.29,142.0,0.0,23269.27,705.13
ORD-2024-14574,P0567,WH_DELHI_N,18,6648.4800000000005,720.18,77.45,0.0,7446.11,413.67
ORD-2024-14575,P0965,WH_NAGPUR_C,5,1233.25,1495.67,21.51,0.0,2750.43,550.09
ORD-2024-14576,P0911,WH_DELHI_N,19,554.42,497.1,81.76,0.0,1133.28,59.65
ORD-2024-14577,P0097,WH_NAGPUR_C,31,7150.7699999999995,1348.17,133.39,0.0,8632.33,278.46
ORD-2024-14578,P0719,WH_KOLKATA_E,27,6325.83,1117.66,116.18,0.0,7559.67,279.99
ORD-2024-14579,P0356,WH_NAGPUR_C,42,34425.72,147.1,180.72,0.0,34753.54,827.47
ORD-2024-14580,P0109,WH_KOLKATA_E,38,17261.5,614.47,163.51,0.0,18039.48,474.72
ORD-2024-14581,P0335,WH_DELHI_N,15,12632.55,1035.73,64.54,0.0,13732.82,915.52
ORD-2024-14582,P0188,WH_DELHI_N,46,36840.48,1172.28,197.94,0.0,38210.7,830.67
ORD-2024-14583,P0666,WH_DELHI_N,48,30037.44,737.37,206.54,0.0,30981.35,645.44
ORD-2024-14584,P0193,WH_KOLKATA_E,4,1432.64,484.04,17.21,0.0,1933.89,483.47
ORD-2024-14585,P0062,WH_MUMBAI_W,19,2291.21,401.13,81.76,0.0,2774.1,146.01
ORD-2024-14586,P0479,WH_MUMBAI_W,21,14608.44,1616.81,90.36,0.0,16315.61,776.93
ORD-2024-14587,P0568,WH_NAGPUR_C,40,30258.4,602.67,172.12,0.0,31033.19,775.83
ORD-2024-14588,P0342,WH_KOLKATA_E,1,141.26,739.35,4.3,0.0,884.91,884.91
ORD-2024-14589,P0780,WH_DELHI_N,20,12776.800000000001,381.28,86.06,0.0,13244.14,662.21
ORD-2024-14590,P0962,WH_DELHI_N,22,2674.7599999999998,582.25,94.67,0.0,3351.68,152.35
ORD-2024-14591,P0347,WH_DELHI_N,13,10775.44,1597.02,55.94,0.0,12428.4,956.03
ORD-2024-14592,P0091,WH_NAGPUR_C,41,27327.32,779.73,176.42,0.0,28283.47,689.84
ORD-2024-14593,P0261,WH_NAGPUR_C,1,440.09,1232.84,4.3,0.0,1677.23,1677.23
ORD-2024-14594,P0693,WH_DELHI_N,15,6125.400000000001,1445.59,64.54,0.0,7635.53,509.04
ORD-2024-14595,P0567,WH_BLR_S,15,5540.400000000001,1462.47,64.54,0.0,7067.41,471.16
ORD-2024-14596,P0716,WH_BLR_S,14,5196.38,1392.3,60.24,0.0,6648.92,474.92
ORD-2024-14597,P0125,WH_MUMBAI_W,5,962.65,1390.37,21.51,0.0,2374.53,474.91
ORD-2024-14598,P0956,WH_DELHI_N,49,34907.11,1032.47,210.85,0.0,36150.43,737.76
ORD-2024-14599,P0530,WH_NAGPUR_C,6,373.86,1446.25,25.82,0.0,1845.93,307.66
ORD-2024-14600,P0998,WH_BLR_S,41,2766.27,1275.9,176.42,0.0,4218.59,102.89
ORD-2024-14601,P0952,WH_NAGPUR_C,31,15440.789999999999,1525.42,133.39,0.0,17099.6,551.6
ORD-2024-14602,P0992,WH_MUMBAI_W,26,13304.46,1496.03,111.88,0.0,14912.37,573.55
ORD-2024-14603,P0956,WH_BLR_S,25,17809.75,856.67,107.57,0.0,18773.99,750.96
ORD-2024-14604,P0364,WH_DELHI_N,49,40979.68,95.6674,210.85,0.0,41286.2,842.58
ORD-2024-14605,P0517,WH_KOLKATA_E,39,11621.61,1632.7206,167.82,0.0,13422.15,344.16
ORD-2024-14606,P0319,WH_DELHI_N,40,2424.4,940.03,172.12,0.0,3536.55,88.41
ORD-2024-14607,P0404,WH_MUMBAI_W,15,9403.949999999999,1531.13,64.54,0.0,10999.62,733.31
ORD-2024-14608,P0824,WH_BLR_S,6,4951.08,645.72,25.82,0.0,5622.62,937.1
ORD-2024-14609,P0927,WH_NAGPUR_C,1,93.89,1126.36,4.3,0.0,1224.55,1224.55
ORD-2024-14610,P0840,WH_DELHI_N,41,13417.25,1517.25,176.42,0.0,15110.92,368.56
ORD-2024-14611,P0637,WH_BLR_S,7,2588.67,296.1,30.12,0.0,2914.89,416.41
ORD-2024-14612,P0791,WH_BLR_S,4,1362.12,680.15,17.21,0.0,2059.48,514.87
ORD-2024-14613,P0596,WH_MUMBAI_W,1,238.49,1454.17,4.3,0.0,1696.96,1696.96
ORD-2024-14614,P0608,WH_BLR_S,41,34246.89,884.78,176.42,0.0,35308.09,861.17
ORD-2024-14615,P0021,WH_MUMBAI_W,2,494.54,1054.27,8.61,0.0,1557.42,778.71
ORD-2024-14616,P0712,WH_BLR_S,48,12278.400000000001,921.81,206.54,0.0,13406.75,279.31
ORD-2024-14617,P0056,WH_DELHI_N,34,23155.02,827.1,146.3,0.0,24128.42,709.66
ORD-2024-14618,P0714,WH_NAGPUR_C,35,2537.1499999999996,639.09,150.6,0.0,3326.84,95.05
ORD-2024-14619,P0693,WH_DELHI_N,46,18784.56,1607.09,197.94,0.0,20589.59,447.6
ORD-2024-14620,P0952,WH_KOLKATA_E,13,6475.17,1108.46,55.94,0.0,7639.57,587.66
ORD-2024-14621,P0568,WH_MUMBAI_W,17,12859.82,1590.53,73.15,0.0,14523.5,854.32
ORD-2024-14622,P0286,WH_DELHI_N,10,1025.4,1371.16,43.03,0.0,2439.59,243.96
ORD-2024-14623,P0429,WH_MUMBAI_W,3,2148.33,163.71,12.91,0.0,2324.95,774.98
ORD-2024-14624,P0709,WH_KOLKATA_E,4,1932.92,1472.0,17.21,0.0,3422.13,855.53
ORD-2024-14625,P0663,WH_MUMBAI_W,25,20475.5,373.0,107.57,0.0,20956.07,838.24
ORD-2024-14626,P0914,WH_DELHI_N,37,14335.65,1556.46,159.21,0.0,16051.32,433.82
ORD-2024-14627,P0297,WH_NAGPUR_C,43,19125.11,953.37,185.03,0.0,20263.51,471.24
ORD-2024-14628,P0746,WH_DELHI_N,38,22392.26,479.13,163.51,0.0,23034.9,606.18
ORD-2024-14629,P0711,WH_NAGPUR_C,29,21862.52,1023.07,124.79,0.0,23010.38,793.46
ORD-2024-14630,P0064,WH_BLR_S,1,251.65,1495.69,4.3,0.0,1751.64,1751.64
ORD-2024-14631,P0198,WH_DELHI_N,30,21513.6,1489.71,129.09,0.0,23132.4,771.08
ORD-2024-14632,P0030,WH_BLR_S,39,15137.07,365.95,167.82,0.0,15670.84,401.82
ORD-2024-14633,P0189,WH_KOLKATA_E,10,6361.3,1231.3,43.03,0.0,7635.63,763.56
ORD-2024-14634,P0368,WH_DELHI_N,29,23744.91,339.0,124.79,0.0,24208.7,834.78
ORD-2024-14635,P0693,WH_BLR_S,44,17967.84,95.6674,189.33,0.0,18252.84,414.84
ORD-2024-14636,P0809,WH_BLR_S,32,8925.44,400.97,137.69,0.0,9464.1,295.75
ORD-2024-14637,P0353,WH_DELHI_N,44,35610.96,1352.57,189.33,0.0,37152.86,844.38
ORD-2024-14638,P0521,WH_KOLKATA_E,1,579.83,406.02,4.3,0.0,990.15,990.15
ORD-2024-14639,P0213,WH_DELHI_N,41,17653.78,1179.7,176.42,0.0,19009.9,463.66
ORD-2024-14640,P0368,WH_BLR_S,17,13919.43,1619.29,73.15,0.0,15611.87,918.35
ORD-2024-14641,P0261,WH_DELHI_N,12,5281.08,1172.42,51.64,0.0,6505.14,542.1
ORD-2024-14642,P0191,WH_DELHI_N,2,183.4,434.72,8.61,0.0,626.73,313.36
ORD-2024-14643,P0297,WH_KOLKATA_E,9,4002.93,1460.56,38.73,0.0,5502.22,611.36
ORD-2024-14644,P0927,WH_NAGPUR_C,12,1126.68,1429.3,51.64,0.0,2607.62,217.3
ORD-2024-14645,P0356,WH_BLR_S,25,20491.5,985.41,107.57,0.0,21584.48,863.38
ORD-2024-14646,P0205,WH_MUMBAI_W,36,19968.48,1569.86,154.91,0.0,21693.25,602.59
ORD-2024-14647,P0335,WH_DELHI_N,44,37055.479999999996,310.18,189.33,0.0,37554.99,853.52
ORD-2024-14648,P0357,WH_MUMBAI_W,35,16995.649999999998,134.66,150.6,0.0,17280.91,493.74
ORD-2024-14649,P0116,WH_MUMBAI_W,22,3878.82,558.19,94.67,0.0,4531.68,205.99
ORD-2024-14650,P0195,WH_KOLKATA_E,33,19036.38,538.88,142.0,0.0,19717.26,597.49
ORD-2024-14651,P0511,WH_BLR_S,21,12865.02,372.38,90.36,0.0,13327.76,634.66
ORD-2024-14652,P0300,WH_KOLKATA_E,40,16155.2,998.99,172.12,0.0,17326.31,433.16
ORD-2024-14653,P0297,WH_MUMBAI_W,22,9784.939999999999,295.92,94.67,0.0,10175.53,462.52
ORD-2024-14654,P0449,WH_MUMBAI_W,28,8754.199999999999,950.51,120.48,0.0,9825.19,350.9
ORD-2024-14655,P0545,WH_DELHI_N,4,1166.56,271.29,17.21,0.0,1455.06,363.76
ORD-2024-14656,P0911,WH_BLR_S,26,758.68,756.25,111.88,0.0,1626.81,62.57
ORD-2024-14657,P0780,WH_NAGPUR_C,23,14693.320000000002,802.99,98.97,0.0,15595.28,678.06
ORD-2024-14658,P0867,WH_NAGPUR_C,48,37443.840000000004,385.04,206.54,0.0,38035.42,792.4
ORD-2024-14659,P0759,WH_NAGPUR_C,49,26993.12,1520.71,210.85,0.0,28724.68,586.22
ORD-2024-14660,P0070,WH_MUMBAI_W,23,12214.61,194.58,98.97,0.0,12508.16,543.83
ORD-2024-14661,P0913,WH_DELHI_N,41,26633.190000000002,439.48,176.42,0.0,27249.09,664.61
ORD-2024-14662,P0429,WH_BLR_S,8,5728.88,652.28,34.42,0.0,6415.58,801.95
ORD-2024-14663,P0297,WH_BLR_S,32,14232.64,1287.14,137.69,0.0,15657.47,489.3
ORD-2024-14664,P0022,WH_BLR_S,39,22586.85,914.25,167.82,0.0,23668.92,606.9
ORD-2024-14665,P0030,WH_KOLKATA_E,44,17077.72,566.97,189.33,0.0,17834.02,405.32
ORD-2024-14666,P0926,WH_DELHI_N,1,543.01,946.15,4.3,0.0,1493.46,1493.46
ORD-2024-14667,P0404,WH_MUMBAI_W,30,18807.899999999998,1426.4,129.09,0.0,20363.39,678.78
ORD-2024-14668,P0189,WH_KOLKATA_E,28,17811.64,834.82,120.48,0.0,18766.94,670.25
ORD-2024-14669,P0079,WH_DELHI_N,17,796.79,414.65,73.15,0.0,1284.59,75.56
ORD-2024-14670,P0965,WH_NAGPUR_C,23,5672.95,386.17,98.97,0.0,6158.09,267.74
ORD-2024-14671,P0432,WH_BLR_S,38,29024.78,1390.6,163.51,0.0,30578.89,804.71
ORD-2024-14672,P0084,WH_KOLKATA_E,24,19660.32,433.04,103.27,0.0,20196.63,841.53
ORD-2024-14673,P0105,WH_KOLKATA_E,22,14975.84,930.02,94.67,0.0,16000.53,727.3
ORD-2024-14674,P0080,WH_BLR_S,5,1462.8999999999999,1162.06,21.51,0.0,2646.47,529.29
ORD-2024-14675,P0893,WH_BLR_S,25,14241.5,344.11,107.57,0.0,14693.18,587.73
ORD-2024-14676,P0119,WH_KOLKATA_E,7,1611.3999999999999,155.76,30.12,0.0,1797.28,256.75
ORD-2024-14677,P0266,WH_DELHI_N,22,4620.4400000000005,1551.68,94.67,0.0,6266.79,284.85
ORD-2024-14678,P0666,WH_MUMBAI_W,44,27534.32,1471.49,189.33,0.0,29195.14,663.53
ORD-2024-14679,P0642,WH_MUMBAI_W,37,18057.11,1567.0,159.21,0.0,19783.32,534.68
ORD-2024-14680,P0247,WH_KOLKATA_E,34,1297.78,989.55,146.3,0.0,2433.63,71.58
ORD-2024-14681,P0927,WH_NAGPUR_C,36,3380.04,520.3,154.91,0.0,4055.25,112.65
ORD-2024-14682,P0560,WH_KOLKATA_E,49,1777.72,905.33,210.85,0.0,2893.9,59.06
ORD-2024-14683,P0988,WH_BLR_S,40,32719.2,1326.1,172.12,0.0,34217.42,855.44
ORD-2024-14684,P0364,WH_MUMBAI_W,20,16726.4,1009.66,86.06,0.0,17822.12,891.11
ORD-2024-14685,P0708,WH_MUMBAI_W,37,7719.3099999999995,725.51,159.21,0.0,8604.03,232.54
ORD-2024-14686,P0105,WH_MUMBAI_W,17,11572.24,913.02,73.15,0.0,12558.41,738.73
ORD-2024-14687,P0491,WH_KOLKATA_E,4,228.56,500.34,17.21,0.0,746.11,186.53
ORD-2024-14688,P0408,WH_MUMBAI_W,18,3053.7000000000003,682.64,77.45,0.0,3813.79,211.88
ORD-2024-14689,P0748,WH_NAGPUR_C,28,5045.599999999999,853.75,120.48,0.0,6019.83,214.99
ORD-2024-14690,P0102,WH_MUMBAI_W,16,1494.24,1331.47,68.85,0.0,2894.56,180.91
ORD-2024-14691,P0105,WH_MUMBAI_W,43,29270.960000000003,967.61,185.03,0.0,30423.6,707.53
ORD-2024-14692,P0038,WH_MUMBAI_W,8,3173.6,766.09,34.42,0.0,3974.11,496.76
ORD-2024-14693,P0109,WH_NAGPUR_C,44,19987.0,1626.7,189.33,0.0,21803.03,495.52
ORD-2024-14694,P0688,WH_NAGPUR_C,18,3400.92,408.1,77.45,0.0,3886.47,215.92
ORD-2024-14695,P0796,WH_BLR_S,29,16458.37,1302.19,124.79,0.0,17885.35,616.74
ORD-2024-14696,P0491,WH_MUMBAI_W,40,2285.6,95.6674,172.12,0.0,2553.39,63.83
ORD-2024-14697,P0700,WH_MUMBAI_W,16,13146.4,684.93,68.85,0.0,13900.18,868.76
ORD-2024-14698,P0231,WH_KOLKATA_E,30,17850.6,442.89,129.09,0.0,18422.58,614.09
ORD-2024-14699,P0479,WH_KOLKATA_E,49,34086.36,814.96,210.85,0.0,35112.17,716.57
ORD-2024-14700,P0458,WH_NAGPUR_C,34,27737.199999999997,913.48,146.3,0.0,28796.98,846.97
ORD-2024-14701,P0796,WH_NAGPUR_C,30,17025.899999999998,761.58,129.09,0.0,17916.57,597.22
ORD-2024-14702,P0693,WH_NAGPUR_C,21,8575.56,227.64,90.36,0.0,8893.56,423.5
ORD-2024-14703,P0080,WH_BLR_S,22,6436.759999999999,472.98,94.67,0.0,7004.41,318.38
ORD-2024-14704,P0391,WH_BLR_S,47,37170.42,442.12,202.24,0.0,37814.78,804.57
ORD-2024-14705,P0202,WH_DELHI_N,25,7210.75,936.27,107.57,0.0,8254.59,330.18
ORD-2024-14706,P0651,WH_NAGPUR_C,22,5163.18,739.03,94.67,0.0,5996.88,272.59
ORD-2024-14707,P0965,WH_MUMBAI_W,28,6906.2,425.7,120.48,0.0,7452.38,266.16
ORD-2024-14708,P0220,WH_NAGPUR_C,39,23349.690000000002,967.39,167.82,0.0,24484.9,627.82
ORD-2024-14709,P0521,WH_MUMBAI_W,33,19134.390000000003,905.91,142.0,0.0,20182.3,611.58
ORD-2024-14710,P0857,WH_BLR_S,2,1034.8,408.64,8.61,0.0,1452.05,726.02
ORD-2024-14711,P0892,WH_BLR_S,4,251.8,257.43,17.21,0.0,526.44,131.61
ORD-2024-14712,P0530,WH_BLR_S,16,996.96,382.59,68.85,0.0,1448.4,90.52
ORD-2024-14713,P0907,WH_MUMBAI_W,12,1848.72,296.67,51.64,0.0,2197.03,183.09
ORD-2024-14714,P0191,WH_KOLKATA_E,17,1558.9,210.51,73.15,0.0,1842.56,108.39
ORD-2024-14715,P0554,WH_NAGPUR_C,36,26332.920000000002,347.75,154.91,0.0,26835.58,745.43
ORD-2024-14716,P0836,WH_MUMBAI_W,16,6101.6,619.69,68.85,0.0,6790.14,424.38
ORD-2024-14717,P0584,WH_BLR_S,39,18722.34,907.46,167.82,0.0,19797.62,507.63
ORD-2024-14718,P0837,WH_NAGPUR_C,23,14955.060000000001,823.28,98.97,0.0,15877.31,690.32
ORD-2024-14719,P0022,WH_KOLKATA_E,8,4633.2,1441.6,34.42,0.0,6109.22,763.65
ORD-2024-14720,P0465,WH_BLR_S,9,5337.09,1451.06,38.73,0.0,6826.88,758.54
ORD-2024-14721,P0956,WH_BLR_S,14,9973.46,461.68,60.24,0.0,10495.38,749.67
ORD-2024-14722,P0105,WH_MUMBAI_W,9,6126.4800000000005,1356.69,38.73,0.0,7521.9,835.77
ORD-2024-14723,P0347,WH_DELHI_N,47,38957.36,1037.4,202.24,0.0,40197.0,855.26
ORD-2024-14724,P0554,WH_MUMBAI_W,26,19018.22,1118.88,111.88,0.0,20248.98,778.81
ORD-2024-14725,P0476,WH_DELHI_N,36,19190.88,1261.98,154.91,0.0,20607.77,572.44
ORD-2024-14726,P0084,WH_MUMBAI_W,3,2457.54,774.96,12.91,0.0,3245.41,1081.8
ORD-2024-14727,P0159,WH_MUMBAI_W,10,3966.6000000000004,855.47,43.03,0.0,4865.1,486.51
ORD-2024-14728,P0261,WH_KOLKATA_E,25,11002.25,1153.6,107.57,0.0,12263.42,490.54
ORD-2024-14729,P0041,WH_DELHI_N,4,980.36,1240.3,17.21,0.0,2237.87,559.47
ORD-2024-14730,P0337,WH_KOLKATA_E,30,9963.9,782.33,129.09,0.0,10875.32,362.51
ORD-2024-14731,P0674,WH_NAGPUR_C,11,2761.2200000000003,393.44,47.33,0.0,3201.99,291.09
ORD-2024-14732,P0688,WH_BLR_S,19,3589.86,1080.04,81.76,0.0,4751.66,250.09
ORD-2024-14733,P0371,WH_NAGPUR_C,13,2228.0699999999997,1281.51,55.94,0.0,3565.52,274.27
ORD-2024-14734,P0876,WH_DELHI_N,36,15905.88,1275.97,154.91,0.0,17336.76,481.58
ORD-2024-14735,P0491,WH_NAGPUR_C,3,171.42000000000002,622.75,12.91,0.0,807.08,269.03
ORD-2024-14736,P0135,WH_BLR_S,48,29272.800000000003,389.78,206.54,0.0,29869.12,622.27
ORD-2024-14737,P0160,WH_MUMBAI_W,14,11190.34,792.87,60.24,0.0,12043.45,860.25
ORD-2024-14738,P0191,WH_BLR_S,10,917.0,576.1,43.03,0.0,1536.13,153.61
ORD-2024-14739,P0470,WH_MUMBAI_W,38,27189.0,597.09,163.51,0.0,27949.6,735.52
ORD-2024-14740,P0266,WH_MUMBAI_W,40,8400.800000000001,1175.92,172.12,0.0,9748.84,243.72
ORD-2024-14741,P0150,WH_KOLKATA_E,27,6062.31,532.58,116.18,0.0,6711.07,248.56
ORD-2024-14742,P0716,WH_NAGPUR_C,24,8908.08,1354.15,103.27,0.0,10365.5,431.9
ORD-2024-14743,P0892,WH_NAGPUR_C,16,1007.2,718.08,68.85,0.0,1794.13,112.13
ORD-2024-14744,P0364,WH_DELHI_N,10,8363.2,349.58,43.03,0.0,8755.81,875.58
ORD-2024-14745,P0642,WH_NAGPUR_C,27,13176.81,829.94,116.18,0.0,14122.93,523.07
ORD-2024-14746,P0581,WH_MUMBAI_W,7,270.76,755.79,30.12,0.0,1056.67,150.95
ORD-2024-14747,P0193,WH_KOLKATA_E,28,10028.480000000001,592.55,120.48,0.0,10741.51,383.63
ORD-2024-14748,P0780,WH_DELHI_N,26,16609.84,466.06,111.88,0.0,17187.78,661.07
ORD-2024-14749,P0533,WH_MUMBAI_W,18,3195.0,611.43,77.45,0.0,3883.88,215.77
ORD-2024-14750,P0109,WH_BLR_S,13,5905.25,1250.85,55.94,0.0,7212.04,554.77
ORD-2024-14751,P0693,WH_DELHI_N,8,3266.88,1154.21,34.42,0.0,4455.51,556.94
ORD-2024-14752,P0064,WH_DELHI_N,27,6794.55,803.56,116.18,0.0,7714.29,285.71
ORD-2024-14753,P0567,WH_DELHI_N,14,5171.04,530.2,60.24,0.0,5761.48,411.53
ORD-2024-14754,P0368,WH_BLR_S,41,33570.39,1187.04,176.42,0.0,34933.85,852.05
ORD-2024-14755,P0965,WH_DELHI_N,44,10852.6,1068.71,189.33,0.0,12110.64,275.24
ORD-2024-14756,P0642,WH_NAGPUR_C,6,2928.18,1015.82,25.82,0.0,3969.82,661.64
ORD-2024-14757,P0335,WH_BLR_S,20,16843.399999999998,1262.77,86.06,0.0,18192.23,909.61
ORD-2024-14758,P0195,WH_KOLKATA_E,28,16152.08,694.93,120.48,0.0,16967.49,605.98
ORD-2024-14759,P0345,WH_MUMBAI_W,23,16182.570000000002,1009.16,98.97,0.0,17290.7,751.77
ORD-2024-14760,P0971,WH_DELHI_N,12,6791.64,880.13,51.64,0.0,7723.41,643.62
ORD-2024-14761,P0790,WH_BLR_S,24,10379.039999999999,646.93,103.27,0.0,11129.24,463.72
ORD-2024-14762,P0247,WH_DELHI_N,44,1679.48,338.89,189.33,0.0,2207.7,50.18
ORD-2024-14763,P0458,WH_KOLKATA_E,22,17947.6,484.0,94.67,0.0,18526.27,842.1
ORD-2024-14764,P0079,WH_NAGPUR_C,26,1218.62,847.36,111.88,0.0,2177.86,83.76
ORD-2024-14765,P0998,WH_KOLKATA_E,22,1484.34,501.33,94.67,0.0,2080.34,94.56
ORD-2024-14766,P0202,WH_KOLKATA_E,7,2019.01,1552.4,30.12,0.0,3601.53,514.5
ORD-2024-14767,P0852,WH_DELHI_N,15,9919.5,741.26,64.54,0.0,10725.3,715.02
ORD-2024-14768,P0218,WH_NAGPUR_C,48,39424.32,444.85,206.54,0.0,40075.71,834.91
ORD-2024-14769,P0011,WH_KOLKATA_E,30,12796.8,1558.84,129.09,0.0,14484.73,482.82
ORD-2024-14770,P0449,WH_KOLKATA_E,4,1250.6,1393.85,17.21,0.0,2661.66,665.42
ORD-2024-14771,P0254,WH_KOLKATA_E,6,334.86,482.36,25.82,0.0,843.04,140.51
ORD-2024-14772,P0191,WH_KOLKATA_E,48,4401.6,1226.76,206.54,0.0,5834.9,121.56
ORD-2024-14773,P0487,WH_DELHI_N,47,2077.4,1150.04,202.24,0.0,3429.68,72.97
ORD-2024-14774,P0581,WH_KOLKATA_E,2,77.36,778.98,8.61,0.0,864.95,432.48
ORD-2024-14775,P0708,WH_KOLKATA_E,31,6467.53,1090.82,133.39,0.0,7691.74,248.12
ORD-2024-14776,P0596,WH_MUMBAI_W,24,5723.76,1424.37,103.27,0.0,7251.4,302.14
ORD-2024-14777,P0620,WH_KOLKATA_E,35,4151.7,749.37,150.6,0.0,5051.67,144.33
ORD-2024-14778,P0116,WH_NAGPUR_C,47,8286.57,810.16,202.24,0.0,9298.97,197.85
ORD-2024-14779,P0666,WH_MUMBAI_W,31,19399.18,1255.41,133.39,0.0,20787.98,670.58
ORD-2024-14780,P0150,WH_DELHI_N,25,5613.25,1424.64,107.57,0.0,7145.46,285.82
ORD-2024-14781,P0470,WH_NAGPUR_C,8,5724.0,1512.51,34.42,0.0,7270.93,908.87
ORD-2024-14782,P0581,WH_KOLKATA_E,12,464.15999999999997,1124.09,51.64,0.0,1639.89,136.66
ORD-2024-14783,P0356,WH_MUMBAI_W,2,1639.32,925.02,8.61,0.0,2572.95,1286.47
ORD-2024-14784,P0109,WH_BLR_S,15,6813.75,1087.45,64.54,0.0,7965.74,531.05
ORD-2024-14785,P0011,WH_MUMBAI_W,40,17062.4,136.7,172.12,0.0,17371.22,434.28
ORD-2024-14786,P0356,WH_NAGPUR_C,32,26229.12,1455.05,137.69,0.0,27821.86,869.43
ORD-2024-14787,P0748,WH_DELHI_N,11,1982.1999999999998,201.72,47.33,0.0,2231.25,202.84
ORD-2024-14788,P0748,WH_MUMBAI_W,17,3063.3999999999996,150.53,73.15,0.0,3287.08,193.36
ORD-2024-14789,P0228,WH_MUMBAI_W,21,5356.47,264.02,90.36,0.0,5710.85,271.95
ORD-2024-14790,P0316,WH_BLR_S,22,15444.66,1168.95,94.67,0.0,16708.28,759.47
ORD-2024-14791,P0791,WH_BLR_S,33,11237.49,526.66,142.0,0.0,11906.15,360.79
ORD-2024-14792,P0279,WH_KOLKATA_E,29,20088.88,809.36,124.79,0.0,21023.03,724.93
ORD-2024-14793,P0391,WH_KOLKATA_E,15,11862.9,498.18,64.54,0.0,12425.62,828.37
ORD-2024-14794,P0544,WH_KOLKATA_E,21,9581.25,1561.13,90.36,0.0,11232.74,534.89
ORD-2024-14795,P0857,WH_NAGPUR_C,2,1034.8,1617.48,8.61,0.0,2660.89,1330.44
ORD-2024-14796,P0476,WH_NAGPUR_C,42,22389.36,799.78,180.72,0.0,23369.86,556.43
ORD-2024-14797,P0218,WH_NAGPUR_C,38,31210.920000000002,1280.48,163.51,0.0,32654.91,859.34
ORD-2024-14798,P0115,WH_KOLKATA_E,3,2298.93,459.17,12.91,0.0,2771.01,923.67
ORD-2024-14799,P0834,WH_MUMBAI_W,25,15974.25,1061.76,107.57,0.0,17143.58,685.74
ORD-2024-14800,P0530,WH_DELHI_N,13,810.03,356.0,55.94,0.0,1221.97,94.0
ORD-2024-14801,P0143,WH_DELHI_N,24,15193.199999999999,1411.47,103.27,0.0,16707.94,696.16
ORD-2024-14802,P0627,WH_MUMBAI_W,31,26170.2,717.7,133.39,0.0,27021.29,871.65
ORD-2024-14803,P0070,WH_MUMBAI_W,15,7966.050000000001,1203.01,64.54,0.0,9233.6,615.57
ORD-2024-14804,P0125,WH_DELHI_N,6,1155.18,1071.54,25.82,0.0,2252.54,375.42
ORD-2024-14805,P0708,WH_MUMBAI_W,41,8553.83,1197.2,176.42,0.0,9927.45,242.13
ORD-2024-14806,P0540,WH_MUMBAI_W,10,3960.5,814.21,43.03,0.0,4817.74,481.77
ORD-2024-14807,P0492,WH_MUMBAI_W,9,6225.3,1001.79,38.73,0.0,7265.82,807.31
ORD-2024-14808,P0345,WH_KOLKATA_E,41,28847.190000000002,1048.33,176.42,0.0,30071.94,733.46
ORD-2024-14809,P0202,WH_MUMBAI_W,41,11825.630000000001,414.75,176.42,0.0,12416.8,302.85
ORD-2024-14810,P0754,WH_MUMBAI_W,5,3598.35,337.84,21.51,0.0,3957.7,791.54
ORD-2024-14811,P0458,WH_KOLKATA_E,45,36711.0,1264.13,193.63,0.0,38168.76,848.19
ORD-2024-14812,P0195,WH_KOLKATA_E,44,25381.84,502.6,189.33,0.0,26073.77,592.59
ORD-2024-14813,P0056,WH_MUMBAI_W,41,27922.23,945.78,176.42,0.0,29044.43,708.4
ORD-2024-14814,P0620,WH_DELHI_N,19,2253.78,1588.18,81.76,0.0,3923.72,206.51
ORD-2024-14815,P0755,WH_NAGPUR_C,20,12153.0,551.03,86.06,0.0,12790.09,639.5
ORD-2024-14816,P0041,WH_NAGPUR_C,33,8087.97,1418.09,142.0,0.0,9648.06,292.37
ORD-2024-14817,P0372,WH_KOLKATA_E,43,28063.95,914.1,185.03,0.0,29163.08,678.21
ORD-2024-14818,P0069,WH_NAGPUR_C,37,3724.42,1047.42,159.21,0.0,4931.05,133.27
ORD-2024-14819,P0595,WH_MUMBAI_W,31,7371.8,472.09,133.39,0.0,7977.28,257.33
ORD-2024-14820,P0491,WH_KOLKATA_E,39,2228.46,1520.02,167.82,0.0,3916.3,100.42
ORD-2024-14821,P0688,WH_KOLKATA_E,13,2456.22,1174.7,55.94,0.0,3686.86,283.6
ORD-2024-14822,P0791,WH_MUMBAI_W,38,12940.14,1101.98,163.51,0.0,14205.63,373.83
ORD-2024-14823,P0205,WH_BLR_S,45,24960.6,1306.45,193.63,0.0,26460.68,588.02
ORD-2024-14824,P0189,WH_KOLKATA_E,6,3816.7799999999997,221.43,25.82,0.0,4064.03,677.34
ORD-2024-14825,P0021,WH_KOLKATA_E,47,11621.69,161.74,202.24,0.0,11985.67,255.01
ORD-2024-14826,P0357,WH_KOLKATA_E,8,3884.72,292.8,34.42,0.0,4211.94,526.49
ORD-2024-14827,P0824,WH_KOLKATA_E,43,35482.74,1511.4,185.03,0.0,37179.17,864.63
ORD-2024-14828,P0926,WH_DELHI_N,10,5430.1,1359.53,43.03,0.0,6832.66,683.27
ORD-2024-14829,P0364,WH_MUMBAI_W,41,34289.12,838.66,176.42,0.0,35304.2,861.08
ORD-2024-14830,P0857,WH_KOLKATA_E,4,2069.6,1051.94,17.21,0.0,3138.75,784.69
ORD-2024-14831,P0708,WH_DELHI_N,14,2920.8199999999997,1410.32,60.24,0.0,4391.38,313.67
ORD-2024-14832,P0965,WH_BLR_S,4,986.6,681.59,17.21,0.0,1685.4,421.35
ORD-2024-14833,P0429,WH_KOLKATA_E,24,17186.64,608.6,103.27,0.0,17898.51,745.77
ORD-2024-14834,P0105,WH_MUMBAI_W,47,31993.84,1591.3,202.24,0.0,33787.38,718.88
ORD-2024-14835,P0143,WH_BLR_S,21,13294.05,428.88,90.36,0.0,13813.29,657.78
ORD-2024-14836,P0791,WH_NAGPUR_C,10,3405.2999999999997,826.89,43.03,0.0,4275.22,427.52
ORD-2024-14837,P0041,WH_MUMBAI_W,46,11274.14,944.62,197.94,0.0,12416.7,269.93
ORD-2024-14838,P0790,WH_DELHI_N,25,10811.5,813.94,107.57,0.0,11733.01,469.32
ORD-2024-14839,P0364,WH_DELHI_N,6,5017.92,847.29,25.82,0.0,5891.03,981.84
ORD-2024-14840,P0069,WH_MUMBAI_W,16,1610.56,1363.73,68.85,0.0,3043.14,190.2
ORD-2024-14841,P0347,WH_KOLKATA_E,44,36470.72,1231.41,189.33,0.0,37891.46,861.17
ORD-2024-14842,P0021,WH_DELHI_N,28,6923.56,1307.49,120.48,0.0,8351.53,298.27
ORD-2024-14843,P0952,WH_NAGPUR_C,36,17931.239999999998,517.2,154.91,0.0,18603.35,516.76
ORD-2024-14844,P0693,WH_DELHI_N,33,13475.880000000001,516.31,142.0,0.0,14134.19,428.31
ORD-2024-14845,P0530,WH_KOLKATA_E,30,1869.3000000000002,437.28,129.09,0.0,2435.67,81.19
ORD-2024-14846,P0926,WH_DELHI_N,36,19548.36,932.02,154.91,0.0,20635.29,573.2
ORD-2024-14847,P0279,WH_NAGPUR_C,25,17318.0,327.05,107.57,0.0,17752.62,710.1
ORD-2024-14848,P0755,WH_KOLKATA_E,13,7899.45,1595.61,55.94,0.0,9551.0,734.69
ORD-2024-14849,P0342,WH_MUMBAI_W,39,5509.139999999999,1263.83,167.82,0.0,6940.79,177.97
ORD-2024-14850,P0222,WH_NAGPUR_C,15,2835.6,1632.7206,64.54,0.0,4532.86,302.19
ORD-2024-14851,P0038,WH_BLR_S,38,15074.6,481.1,163.51,0.0,15719.21,413.66
ORD-2024-14852,P0084,WH_BLR_S,30,24575.399999999998,1087.13,129.09,0.0,25791.62,859.72
ORD-2024-14853,P0866,WH_MUMBAI_W,14,7830.76,1482.91,60.24,0.0,9373.91,669.56
ORD-2024-14854,P0608,WH_NAGPUR_C,4,3341.16,687.17,17.21,0.0,4045.54,1011.38
ORD-2024-14855,P0836,WH_DELHI_N,1,381.35,800.33,4.3,0.0,1185.98,1185.98
ORD-2024-14856,P0545,WH_KOLKATA_E,3,874.92,237.44,12.91,0.0,1125.27,375.09
ORD-2024-14857,P0918,WH_BLR_S,45,19540.350000000002,1488.76,193.63,0.0,21222.74,471.62
ORD-2024-14858,P0719,WH_DELHI_N,36,8434.44,1194.82,154.91,0.0,9784.17,271.78
ORD-2024-14859,P0105,WH_DELHI_N,4,2722.88,1538.71,17.21,0.0,4278.8,1069.7
ORD-2024-14860,P0915,WH_KOLKATA_E,43,29488.539999999997,440.45,185.03,0.0,30114.02,700.33
ORD-2024-14861,P0083,WH_DELHI_N,14,7614.32,1168.43,60.24,0.0,8842.99,631.64
ORD-2024-14862,P0719,WH_MUMBAI_W,25,5857.25,399.86,107.57,0.0,6364.68,254.59
ORD-2024-14863,P0205,WH_DELHI_N,39,21632.519999999997,420.17,167.82,0.0,22220.51,569.76
ORD-2024-14864,P0634,WH_KOLKATA_E,3,2205.3,1494.6,12.91,0.0,3712.81,1237.6
ORD-2024-14865,P0103,WH_BLR_S,7,908.74,272.48,30.12,0.0,1211.34,173.05
ORD-2024-14866,P0909,WH_KOLKATA_E,8,2646.24,1068.15,34.42,0.0,3748.81,468.6
ORD-2024-14867,P0404,WH_DELHI_N,44,27584.92,706.53,189.33,0.0,28480.78,647.29
ORD-2024-14868,P0116,WH_DELHI_N,7,1234.17,1473.8,30.12,0.0,2738.09,391.16
ORD-2024-14869,P0176,WH_BLR_S,48,5427.36,969.26,206.54,0.0,6603.16,137.57
ORD-2024-14870,P0834,WH_MUMBAI_W,25,15974.25,1134.47,107.57,0.0,17216.29,688.65
ORD-2024-14871,P0876,WH_KOLKATA_E,17,7511.11,1271.58,73.15,0.0,8855.84,520.93
ORD-2024-14872,P0115,WH_BLR_S,26,19924.059999999998,565.96,111.88,0.0,20601.9,792.38
ORD-2024-14873,P0465,WH_KOLKATA_E,4,2372.04,1414.74,17.21,0.0,3803.99,951.0
ORD-2024-14874,P0688,WH_NAGPUR_C,49,9258.06,339.99,210.85,0.0,9808.9,200.18
ORD-2024-14875,P0998,WH_NAGPUR_C,18,1214.46,260.95,77.45,0.0,1552.86,86.27
ORD-2024-14876,P0267,WH_KOLKATA_E,4,857.0,1048.29,17.21,0.0,1922.5,480.62
ORD-2024-14877,P0119,WH_KOLKATA_E,17,3913.3999999999996,891.14,73.15,0.0,4877.69,286.92
ORD-2024-14878,P0569,WH_BLR_S,47,29187.94,571.28,202.24,0.0,29961.46,637.48
ORD-2024-14879,P0746,WH_MUMBAI_W,17,10017.59,1231.95,73.15,0.0,11322.69,666.04
ORD-2024-14880,P0714,WH_NAGPUR_C,45,3262.0499999999997,1161.15,193.63,0.0,4616.83,102.6
ORD-2024-14881,P0470,WH_NAGPUR_C,25,17887.5,1468.87,107.57,0.0,19463.94,778.56
ORD-2024-14882,P0056,WH_BLR_S,3,2043.09,281.55,12.91,0.0,2337.55,779.18
ORD-2024-14883,P0030,WH_MUMBAI_W,12,4657.5599999999995,1367.2,51.64,0.0,6076.4,506.37
ORD-2024-14884,P0988,WH_DELHI_N,27,22085.46,1129.97,116.18,0.0,23331.61,864.13
ORD-2024-14885,P0230,WH_DELHI_N,17,5960.54,1326.77,73.15,0.0,7360.46,432.97
ORD-2024-14886,P0693,WH_MUMBAI_W,22,8983.92,1083.39,94.67,0.0,10161.98,461.91
ORD-2024-14887,P0205,WH_KOLKATA_E,39,21632.519999999997,1567.34,167.82,0.0,23367.68,599.17
ORD-2024-14888,P0962,WH_BLR_S,39,4741.62,1217.84,167.82,0.0,6127.28,157.11
ORD-2024-14889,P0143,WH_KOLKATA_E,43,27221.149999999998,1484.44,185.03,0.0,28890.62,671.87
ORD-2024-14890,P0458,WH_KOLKATA_E,48,39158.399999999994,1037.87,206.54,0.0,40402.81,841.73
ORD-2024-14891,P0161,WH_BLR_S,36,10312.56,744.71,154.91,0.0,11212.18,311.45
ORD-2024-14892,P0596,WH_KOLKATA_E,16,3815.84,603.33,68.85,0.0,4488.02,280.5
ORD-2024-14893,P0080,WH_DELHI_N,37,10825.46,668.74,159.21,0.0,11653.41,314.96
ORD-2024-14894,P0408,WH_MUMBAI_W,29,4919.85,1264.64,124.79,0.0,6309.28,217.56
ORD-2024-14895,P0492,WH_NAGPUR_C,14,9683.800000000001,589.64,60.24,0.0,10333.68,738.12
ORD-2024-14896,P0319,WH_KOLKATA_E,7,424.27,176.47,30.12,0.0,630.86,90.12
ORD-2024-14897,P0267,WH_MUMBAI_W,41,8784.25,276.03,176.42,0.0,9236.7,225.29
ORD-2024-14898,P0102,WH_MUMBAI_W,28,2614.92,1364.2,120.48,0.0,4099.6,146.41
ORD-2024-14899,P0125,WH_KOLKATA_E,13,2502.89,1513.05,55.94,0.0,4071.88,313.22
ORD-2024-14900,P0084,WH_NAGPUR_C,16,13106.88,231.42,68.85,0.0,13407.15,837.95
ORD-2024-14901,P0521,WH_BLR_S,21,12176.43,613.33,90.36,0.0,12880.12,613.34
ORD-2024-14902,P0056,WH_MUMBAI_W,4,2724.12,957.03,17.21,0.0,3698.36,924.59
ORD-2024-14903,P0712,WH_BLR_S,39,9976.2,1320.91,167.82,0.0,11464.93,293.97
ORD-2024-14904,P0567,WH_BLR_S,35,12927.6,1145.53,150.6,0.0,14223.73,406.39
ORD-2024-14905,P0449,WH_KOLKATA_E,15,4689.75,1535.45,64.54,0.0,6289.74,419.32
ORD-2024-14906,P0763,WH_MUMBAI_W,26,21446.62,1120.27,111.88,0.0,22678.77,872.26
ORD-2024-14907,P0150,WH_KOLKATA_E,46,10328.38,720.58,197.94,0.0,11246.9,244.5
ORD-2024-14908,P0080,WH_NAGPUR_C,7,2048.06,1457.5,30.12,0.0,3535.68,505.1
ORD-2024-14909,P0176,WH_BLR_S,18,2035.2599999999998,569.12,77.45,0.0,2681.83,148.99
ORD-2024-14910,P0372,WH_KOLKATA_E,25,16316.25,379.82,107.57,0.0,16803.64,672.15
ORD-2024-14911,P0139,WH_KOLKATA_E,37,22133.4,514.08,159.21,0.0,22806.69,616.4
ORD-2024-14912,P0662,WH_MUMBAI_W,21,15396.15,534.91,90.36,0.0,16021.42,762.92
ORD-2024-14913,P0267,WH_KOLKATA_E,8,1714.0,762.33,34.42,0.0,2510.75,313.84
ORD-2024-14914,P0022,WH_KOLKATA_E,20,11583.0,524.47,86.06,0.0,12193.53,609.68
ORD-2024-14915,P0581,WH_DELHI_N,18,696.24,1406.48,77.45,0.0,2180.17,121.12
ORD-2024-14916,P0666,WH_DELHI_N,19,11889.82,1632.7206,81.76,0.0,13604.3,716.02
ORD-2024-14917,P0410,WH_DELHI_N,3,1539.9299999999998,1632.7206,12.91,0.0,3185.56,1061.85
ORD-2024-14918,P0337,WH_MUMBAI_W,38,12620.94,1079.18,163.51,0.0,13863.63,364.83
ORD-2024-14919,P0956,WH_BLR_S,18,12823.02,1275.74,77.45,0.0,14176.21,787.57
ORD-2024-14920,P0011,WH_KOLKATA_E,27,11517.12,258.84,116.18,0.0,11892.14,440.45
ORD-2024-14921,P0821,WH_KOLKATA_E,15,7429.5,878.62,64.54,0.0,8372.66,558.18
ORD-2024-14922,P0021,WH_BLR_S,46,11374.42,1137.72,197.94,0.0,12710.08,276.31
ORD-2024-14923,P0083,WH_DELHI_N,21,11421.48,1388.48,90.36,0.0,12900.32,614.3
ORD-2024-14924,P0011,WH_KOLKATA_E,22,9384.32,366.38,94.67,0.0,9845.37,447.52
ORD-2024-14925,P0097,WH_BLR_S,8,1845.36,772.19,34.42,0.0,2651.97,331.5
ORD-2024-14926,P0746,WH_KOLKATA_E,11,6481.969999999999,777.47,47.33,0.0,7306.77,664.25
ORD-2024-14927,P0533,WH_MUMBAI_W,43,7632.5,437.33,185.03,0.0,8254.86,191.97
ORD-2024-14928,P0719,WH_MUMBAI_W,12,2811.48,1626.17,51.64,0.0,4489.29,374.11
ORD-2024-14929,P0824,WH_KOLKATA_E,48,39608.64,1543.31,206.54,0.0,41358.49,861.64
ORD-2024-14930,P0449,WH_NAGPUR_C,39,12193.349999999999,346.89,167.82,0.0,12708.06,325.85
ORD-2024-14931,P0822,WH_NAGPUR_C,27,11492.01,448.89,116.18,0.0,12057.08,446.56
ORD-2024-14932,P0280,WH_MUMBAI_W,35,18995.9,980.43,150.6,0.0,20126.93,575.06
ORD-2024-14933,P0316,WH_NAGPUR_C,2,1404.06,398.07,8.61,0.0,1810.74,905.37
ORD-2024-14934,P0286,WH_NAGPUR_C,35,3588.9,1094.45,150.6,0.0,4833.95,138.11
ORD-2024-14935,P0429,WH_NAGPUR_C,31,22199.41,1292.7,133.39,0.0,23625.5,762.11
ORD-2024-14936,P0892,WH_DELHI_N,8,503.6,717.16,34.42,0.0,1255.18,156.9
ORD-2024-14937,P0553,WH_MUMBAI_W,20,5358.400000000001,1564.21,86.06,0.0,7008.67,350.43
ORD-2024-14938,P0005,WH_DELHI_N,8,2839.12,363.02,34.42,0.0,3236.56,404.57
ORD-2024-14939,P0347,WH_BLR_S,4,3315.52,329.06,17.21,0.0,3661.79,915.45
ORD-2024-14940,P0205,WH_MUMBAI_W,31,17195.079999999998,1161.09,133.39,0.0,18489.56,596.44
ORD-2024-14941,P0491,WH_KOLKATA_E,32,1828.48,971.71,137.69,0.0,2937.88,91.81
ORD-2024-14942,P0152,WH_MUMBAI_W,13,3237.26,989.17,55.94,0.0,4282.37,329.41
ORD-2024-14943,P0391,WH_BLR_S,22,17398.920000000002,971.51,94.67,0.0,18465.1,839.32
ORD-2024-14944,P0125,WH_NAGPUR_C,26,5005.78,1453.52,111.88,0.0,6571.18,252.74
ORD-2024-14945,P0084,WH_BLR_S,17,13926.06,641.69,73.15,0.0,14640.9,861.23
ORD-2024-14946,P0131,WH_MUMBAI_W,29,2244.6000000000004,160.95,124.79,0.0,2530.34,87.25
ORD-2024-14947,P0222,WH_MUMBAI_W,27,5104.08,1217.13,116.18,0.0,6437.39,238.42
ORD-2024-14948,P0135,WH_DELHI_N,22,13416.7,905.46,94.67,0.0,14416.83,655.31
ORD-2024-14949,P0345,WH_NAGPUR_C,18,12664.62,958.08,77.45,0.0,13700.15,761.12
ORD-2024-14950,P0884,WH_MUMBAI_W,5,1421.6999999999998,369.85,21.51,0.0,1813.06,362.61
ORD-2024-14951,P0918,WH_DELHI_N,12,5210.76,1350.13,51.64,0.0,6612.53,551.04
ORD-2024-14952,P0011,WH_BLR_S,2,853.12,239.0,8.61,0.0,1100.73,550.36
ORD-2024-14953,P0422,WH_DELHI_N,42,18009.600000000002,425.66,180.72,0.0,18615.98,443.24
ORD-2024-14954,P0824,WH_KOLKATA_E,7,5776.259999999999,137.56,30.12,0.0,5943.94,849.13
ORD-2024-14955,P0569,WH_DELHI_N,47,29187.94,1203.35,202.24,0.0,30593.53,650.93
ORD-2024-14956,P0857,WH_MUMBAI_W,26,13452.4,1241.39,111.88,0.0,14805.67,569.45
ORD-2024-14957,P0560,WH_DELHI_N,39,1414.92,979.51,167.82,0.0,2562.25,65.7
ORD-2024-14958,P0666,WH_MUMBAI_W,15,9386.699999999999,295.87,64.54,0.0,9747.11,649.81
ORD-2024-14959,P0152,WH_MUMBAI_W,48,11952.960000000001,307.2,206.54,0.0,12466.7,259.72
ORD-2024-14960,P0693,WH_BLR_S,33,13475.880000000001,481.86,142.0,0.0,14099.74,427.26
ORD-2024-14961,P0131,WH_BLR_S,47,3637.8,681.53,202.24,0.0,4521.57,96.2
ORD-2024-14962,P0102,WH_MUMBAI_W,3,280.17,909.68,12.91,0.0,1202.76,400.92
ORD-2024-14963,P0719,WH_NAGPUR_C,42,9840.18,1263.44,180.72,0.0,11284.34,268.67
ORD-2024-14964,P0465,WH_NAGPUR_C,48,28464.48,1592.38,206.54,0.0,30263.4,630.49
ORD-2024-14965,P0152,WH_MUMBAI_W,2,498.04,1260.5,8.61,0.0,1767.15,883.58
ORD-2024-14966,P0884,WH_BLR_S,17,4833.78,673.62,73.15,0.0,5580.55,328.27
ORD-2024-14967,P0790,WH_BLR_S,1,432.46,198.8,4.3,0.0,635.56,635.56
ORD-2024-14968,P0161,WH_DELHI_N,36,10312.56,1632.7206,154.91,0.0,12100.19,336.12
ORD-2024-14969,P0154,WH_DELHI_N,43,16157.25,1170.09,185.03,0.0,17512.37,407.26
ORD-2024-14970,P0279,WH_DELHI_N,17,11776.24,630.11,73.15,0.0,12479.5,734.09
ORD-2024-14971,P0449,WH_MUMBAI_W,2,625.3,1625.13,8.61,0.0,2259.04,1129.52
ORD-2024-14972,P0069,WH_KOLKATA_E,33,3321.7799999999997,165.03,142.0,0.0,3628.81,109.96
ORD-2024-14973,P0637,WH_KOLKATA_E,29,10724.49,624.94,124.79,0.0,11474.22,395.66
ORD-2024-14974,P0994,WH_BLR_S,6,2014.8600000000001,868.72,25.82,0.0,2909.4,484.9
ORD-2024-14975,P0091,WH_DELHI_N,43,28660.36,455.86,185.03,0.0,29301.25,681.42
ORD-2024-14976,P0975,WH_KOLKATA_E,36,1511.28,194.49,154.91,0.0,1860.68,51.69
ORD-2024-14977,P0971,WH_KOLKATA_E,24,13583.28,274.48,103.27,0.0,13961.03,581.71
ORD-2024-14978,P0662,WH_DELHI_N,11,8064.65,1097.82,47.33,0.0,9209.8,837.25
ORD-2024-14979,P0152,WH_MUMBAI_W,5,1245.1000000000001,1632.7206,21.51,0.0,2899.33,579.87
ORD-2024-14980,P0998,WH_BLR_S,30,2024.1,1632.7206,129.09,0.0,3785.91,126.2
ORD-2024-14981,P0711,WH_KOLKATA_E,10,7538.8,872.2,43.03,0.0,8454.03,845.4
ORD-2024-14982,P0608,WH_BLR_S,37,30905.73,1285.83,159.21,0.0,32350.77,874.35
ORD-2024-14983,P0915,WH_DELHI_N,27,18516.059999999998,389.05,116.18,0.0,19021.29,704.49
ORD-2024-14984,P0783,WH_NAGPUR_C,27,14805.18,1117.05,116.18,0.0,16038.41,594.02
ORD-2024-14985,P0300,WH_MUMBAI_W,24,9693.119999999999,830.71,103.27,0.0,10627.1,442.8
ORD-2024-14986,P0834,WH_BLR_S,3,1916.91,1088.92,12.91,0.0,3018.74,1006.25
ORD-2024-14987,P0408,WH_BLR_S,38,6446.7,105.63,163.51,0.0,6715.84,176.73
ORD-2024-14988,P0915,WH_DELHI_N,26,17830.28,1272.61,111.88,0.0,19214.77,739.03
ORD-2024-14989,P0286,WH_MUMBAI_W,45,4614.3,985.33,193.63,0.0,5793.26,128.74
ORD-2024-14990,P0097,WH_BLR_S,48,11072.16,869.6,206.54,0.0,12148.3,253.09
ORD-2024-14991,P0569,WH_BLR_S,39,24219.78,475.21,167.82,0.0,24862.81,637.51
ORD-2024-14992,P0708,WH_NAGPUR_C,18,3755.34,632.69,77.45,0.0,4465.48,248.08
ORD-2024-14993,P0674,WH_NAGPUR_C,3,753.0600000000001,171.35,12.91,0.0,937.32,312.44
ORD-2024-14994,P0161,WH_KOLKATA_E,38,10885.48,643.05,163.51,0.0,11692.04,307.69
ORD-2024-14995,P0027,WH_KOLKATA_E,42,21767.34,604.42,180.72,0.0,22552.48,536.96
ORD-2024-14996,P0633,WH_NAGPUR_C,48,23412.96,1176.02,206.54,0.0,24795.52,516.57
ORD-2024-14997,P0022,WH_MUMBAI_W,25,14478.75,351.14,107.57,0.0,14937.46,597.5
ORD-2024-14998,P0759,WH_BLR_S,13,7161.44,317.77,55.94,0.0,7535.15,579.63
ORD-2024-14999,P0567,WH_MUMBAI_W,25,9234.0,1251.23,107.57,0.0,10592.8,423.71
ORD-2024-15000,P0195,WH_DELHI_N,24,13844.64,1018.88,103.27,0.0,14966.79,623.62
ORD-2024-15001,P0105,WH_KOLKATA_E,41,27909.52,1130.15,176.42,0.0,29216.09,712.59
ORD-2024-15002,P0544,WH_KOLKATA_E,16,7300.0,371.24,68.85,0.0,7740.09,483.76
ORD-2024-15003,P0965,WH_KOLKATA_E,43,10605.95,1081.84,185.03,0.0,11872.82,276.11
ORD-2024-15004,P0150,WH_MUMBAI_W,41,9205.73,1067.5,176.42,0.0,10449.65,254.87
ORD-2024-15005,P0915,WH_DELHI_N,42,28802.76,824.08,180.72,0.0,29807.56,709.7
ORD-2024-15006,P0965,WH_NAGPUR_C,11,2713.15,1509.18,47.33,0.0,4269.66,388.15
ORD-2024-15007,P0371,WH_BLR_S,21,3599.1899999999996,433.32,90.36,0.0,4122.87,196.33
ORD-2024-15008,P0131,WH_BLR_S,31,2399.4,930.14,133.39,0.0,3462.93,111.71
ORD-2024-15009,P0688,WH_KOLKATA_E,15,2834.1,296.98,64.54,0.0,3195.62,213.04
ORD-2024-15010,P0422,WH_NAGPUR_C,45,19296.0,594.79,193.63,0.0,20084.42,446.32
ORD-2024-15011,P0672,WH_NAGPUR_C,49,12194.140000000001,511.99,210.85,0.0,12916.98,263.61
ORD-2024-15012,P0714,WH_KOLKATA_E,36,2609.64,1230.07,154.91,0.0,3994.62,110.96
ORD-2024-15013,P0027,WH_KOLKATA_E,43,22285.61,1283.59,185.03,0.0,23754.23,552.42
ORD-2024-15014,P0662,WH_KOLKATA_E,1,733.15,1404.0,4.3,0.0,2141.45,2141.45
ORD-2024-15015,P0449,WH_MUMBAI_W,28,8754.199999999999,520.56,120.48,0.0,9395.24,335.54
ORD-2024-15016,P0213,WH_NAGPUR_C,33,14209.14,1167.71,142.0,0.0,15518.85,470.27
ORD-2024-15017,P0511,WH_DELHI_N,3,1837.8600000000001,804.98,12.91,0.0,2655.75,885.25
ORD-2024-15018,P0711,WH_KOLKATA_E,15,11308.2,925.42,64.54,0.0,12298.16,819.88
ORD-2024-15019,P0714,WH_KOLKATA_E,33,2392.1699999999996,408.62,142.0,0.0,2942.79,89.18
ORD-2024-15020,P0783,WH_MUMBAI_W,32,17546.88,1170.77,137.69,0.0,18855.34,589.23
ORD-2024-15021,P0634,WH_DELHI_N,23,16907.3,1128.09,98.97,0.0,18134.36,788.45
ORD-2024-15022,P0404,WH_KOLKATA_E,26,16300.179999999998,1511.21,111.88,0.0,17923.27,689.36
ORD-2024-15023,P0783,WH_MUMBAI_W,48,26320.32,980.05,206.54,0.0,27506.91,573.06
ORD-2024-15024,P0189,WH_DELHI_N,17,10814.21,1197.75,73.15,0.0,12085.11,710.89
ORD-2024-15025,P0674,WH_DELHI_N,9,2259.1800000000003,590.81,38.73,0.0,2888.72,320.97
ORD-2024-15026,P0914,WH_DELHI_N,5,1937.25,414.07,21.51,0.0,2372.83,474.57
ORD-2024-15027,P0763,WH_NAGPUR_C,29,23921.23,1438.85,124.79,0.0,25484.87,878.79
ORD-2024-15028,P0748,WH_NAGPUR_C,6,1081.1999999999998,949.45,25.82,0.0,2056.47,342.74
ORD-2024-15029,P0103,WH_KOLKATA_E,47,6101.54,734.13,202.24,0.0,7037.91,149.74
ORD-2024-15030,P0666,WH_NAGPUR_C,41,25656.98,1586.68,176.42,0.0,27420.08,668.78
ORD-2024-15031,P0125,WH_KOLKATA_E,35,6738.55,648.63,150.6,0.0,7537.78,215.37
ORD-2024-15032,P0796,WH_NAGPUR_C,21,11918.13,1196.08,90.36,0.0,13204.57,628.79
ORD-2024-15033,P0135,WH_DELHI_N,45,27443.25,470.93,193.63,0.0,28107.81,624.62
ORD-2024-15034,P0084,WH_MUMBAI_W,45,36863.1,852.05,193.63,0.0,37908.78,842.42
ORD-2024-15035,P0662,WH_MUMBAI_W,23,16862.45,664.25,98.97,0.0,17625.67,766.33
ORD-2024-15036,P0918,WH_MUMBAI_W,35,15198.050000000001,1146.42,150.6,0.0,16495.07,471.29
ORD-2024-15037,P0116,WH_KOLKATA_E,46,8110.26,941.34,197.94,0.0,9249.54,201.08
ORD-2024-15038,P0759,WH_BLR_S,2,1101.76,677.9,8.61,0.0,1788.27,894.14
ORD-2024-15039,P0544,WH_DELHI_N,42,19162.5,585.53,180.72,0.0,19928.75,474.49
ORD-2024-15040,P0125,WH_MUMBAI_W,9,1732.77,1330.44,38.73,0.0,3101.94,344.66
ORD-2024-15041,P0069,WH_KOLKATA_E,13,1308.58,552.88,55.94,0.0,1917.4,147.49
ORD-2024-15042,P0356,WH_KOLKATA_E,43,35245.38,832.26,185.03,0.0,36262.67,843.32
ORD-2024-15043,P0716,WH_DELHI_N,34,12619.78,746.39,146.3,0.0,13512.47,397.43
ORD-2024-15044,P0160,WH_BLR_S,16,12788.96,816.24,68.85,0.0,13674.05,854.63
ORD-2024-15045,P0319,WH_NAGPUR_C,5,303.05,1191.82,21.51,0.0,1516.38,303.28
ORD-2024-15046,P0188,WH_MUMBAI_W,1,800.88,1441.91,4.3,0.0,2247.09,2247.09
ORD-2024-15047,P0911,WH_MUMBAI_W,40,1167.2,369.23,172.12,0.0,1708.55,42.71
ORD-2024-15048,P0022,WH_DELHI_N,22,12741.3,1176.34,94.67,0.0,14012.31,636.92
ORD-2024-15049,P0755,WH_KOLKATA_E,48,29167.199999999997,368.75,206.54,0.0,29742.49,619.64
ORD-2024-15050,P0191,WH_KOLKATA_E,46,4218.2,95.6674,197.94,0.0,4511.81,98.08
ORD-2024-15051,P0746,WH_MUMBAI_W,26,15321.02,180.67,111.88,0.0,15613.57,600.52
ORD-2024-15052,P0852,WH_MUMBAI_W,34,22484.199999999997,1416.92,146.3,0.0,24047.42,707.28
ORD-2024-15053,P0332,WH_DELHI_N,21,13362.3,1391.4,90.36,0.0,14844.06,706.86
ORD-2024-15054,P0188,WH_NAGPUR_C,7,5606.16,559.55,30.12,0.0,6195.83,885.12
ORD-2024-15055,P0335,WH_DELHI_N,25,21054.25,1041.4,107.57,0.0,22203.22,888.13
ORD-2024-15056,P0909,WH_KOLKATA_E,12,3969.3599999999997,313.33,51.64,0.0,4334.33,361.19
ORD-2024-15057,P0634,WH_BLR_S,31,22788.100000000002,1227.3,133.39,0.0,24148.79,778.99
ORD-2024-15058,P0893,WH_BLR_S,47,26774.019999999997,1632.7206,202.24,0.0,28608.98,608.7
ORD-2024-15059,P0780,WH_KOLKATA_E,27,17248.68,1442.34,116.18,0.0,18807.2,696.56
ORD-2024-15060,P0521,WH_KOLKATA_E,22,12756.26,1068.73,94.67,0.0,13919.66,632.71
ORD-2024-15061,P0866,WH_DELHI_N,34,19017.56,714.91,146.3,0.0,19878.77,584.67
ORD-2024-15062,P0876,WH_DELHI_N,17,7511.11,656.8,73.15,0.0,8241.06,484.77
ORD-2024-15063,P0198,WH_MUMBAI_W,11,7888.32,592.54,47.33,0.0,8528.19,775.29
ORD-2024-15064,P0569,WH_DELHI_N,29,18009.579999999998,260.88,124.79,0.0,18395.25,634.32
ORD-2024-15065,P0064,WH_BLR_S,34,8556.1,380.93,146.3,0.0,9083.33,267.16
ORD-2024-15066,P0491,WH_NAGPUR_C,37,2114.18,1050.04,159.21,0.0,3323.43,89.82
ORD-2024-15067,P0754,WH_BLR_S,49,35263.829999999994,645.93,210.85,0.0,36120.61,737.16
ORD-2024-15068,P0154,WH_DELHI_N,48,18036.0,1169.0,206.54,0.0,19411.54,404.41
ORD-2024-15069,P0821,WH_KOLKATA_E,26,12877.800000000001,1394.99,111.88,0.0,14384.67,553.26
ORD-2024-15070,P0069,WH_KOLKATA_E,45,4529.7,855.54,193.63,0.0,5578.87,123.97
ORD-2024-15071,P0642,WH_DELHI_N,45,21961.35,1562.98,193.63,0.0,23717.96,527.07
ORD-2024-15072,P0755,WH_KOLKATA_E,45,27344.25,1363.83,193.63,0.0,28901.71,642.26
ORD-2024-15073,P0261,WH_NAGPUR_C,32,14082.88,365.56,137.69,0.0,14586.13,455.82
ORD-2024-15074,P0909,WH_NAGPUR_C,37,12238.859999999999,1267.73,159.21,0.0,13665.8,369.35
ORD-2024-15075,P0319,WH_DELHI_N,5,303.05,1333.34,21.51,0.0,1657.9,331.58
ORD-2024-15076,P0213,WH_MUMBAI_W,20,8611.6,589.47,86.06,0.0,9287.13,464.36
ORD-2024-15077,P0083,WH_MUMBAI_W,7,3807.16,837.87,30.12,0.0,4675.15,667.88
ORD-2024-15078,P0907,WH_MUMBAI_W,43,6624.58,256.45,185.03,0.0,7066.06,164.33
ORD-2024-15079,P0719,WH_MUMBAI_W,23,5388.67,600.01,98.97,0.0,6087.65,264.68
ORD-2024-15080,P0927,WH_MUMBAI_W,1,93.89,1559.41,4.3,0.0,1657.6,1657.6
ORD-2024-15081,P0222,WH_NAGPUR_C,39,7372.5599999999995,1459.55,167.82,0.0,8999.93,230.77
ORD-2024-15082,P0981,WH_BLR_S,3,189.96,1075.56,12.91,0.0,1278.43,426.14
ORD-2024-15083,P0368,WH_DELHI_N,45,36845.549999999996,172.32,193.63,0.0,37211.5,826.92
ORD-2024-15084,P0567,WH_BLR_S,3,1108.08,95.6674,12.91,0.0,1216.66,405.55
ORD-2024-15085,P0746,WH_DELHI_N,6,3535.62,998.27,25.82,0.0,4559.71,759.95
ORD-2024-15086,P0458,WH_DELHI_N,31,25289.8,412.68,133.39,0.0,25835.87,833.42
ORD-2024-15087,P0716,WH_DELHI_N,27,10021.59,1085.59,116.18,0.0,11223.36,415.68
ORD-2024-15088,P0466,WH_KOLKATA_E,29,6433.36,186.75,124.79,0.0,6744.9,232.58
ORD-2024-15089,P0261,WH_NAGPUR_C,15,6601.349999999999,1620.29,64.54,0.0,8286.18,552.41
ORD-2024-15090,P0470,WH_DELHI_N,36,25758.0,339.51,154.91,0.0,26252.42,729.23
ORD-2024-15091,P0565,WH_MUMBAI_W,5,593.05,614.1,21.51,0.0,1228.66,245.73
ORD-2024-15092,P0554,WH_NAGPUR_C,3,2194.41,161.08,12.91,0.0,2368.4,789.47
ORD-2024-15093,P0152,WH_KOLKATA_E,25,6225.5,688.52,107.57,0.0,7021.59,280.86
ORD-2024-15094,P0918,WH_DELHI_N,32,13895.36,607.33,137.69,0.0,14640.38,457.51
ORD-2024-15095,P0867,WH_MUMBAI_W,21,16381.68,994.38,90.36,0.0,17466.42,831.73
ORD-2024-15096,P0642,WH_BLR_S,48,23425.44,1427.07,206.54,0.0,25059.05,522.06
ORD-2024-15097,P0479,WH_DELHI_N,17,11825.88,1335.17,73.15,0.0,13234.2,778.48
ORD-2024-15098,P0533,WH_KOLKATA_E,9,1597.5,1283.81,38.73,0.0,2920.04,324.45
ORD-2024-15099,P0022,WH_DELHI_N,26,15057.9,1632.7206,111.88,0.0,16802.5,646.25
ORD-2024-15100,P0115,WH_BLR_S,22,16858.82,258.32,94.67,0.0,17211.81,782.36
ORD-2024-15101,P0102,WH_MUMBAI_W,41,3828.9900000000002,1326.77,176.42,0.0,5332.18,130.05
ORD-2024-15102,P0867,WH_DELHI_N,46,35883.68,260.83,197.94,0.0,36342.45,790.05
ORD-2024-15103,P0038,WH_KOLKATA_E,23,9124.1,1042.52,98.97,0.0,10265.59,446.33
ORD-2024-15104,P0708,WH_NAGPUR_C,11,2294.93,1311.24,47.33,0.0,3653.5,332.14
ORD-2024-15105,P0267,WH_BLR_S,10,2142.5,1144.79,43.03,0.0,3330.32,333.03
ORD-2024-15106,P0279,WH_BLR_S,23,15932.560000000001,300.62,98.97,0.0,16332.15,710.09
ORD-2024-15107,P0335,WH_MUMBAI_W,5,4210.849999999999,436.07,21.51,0.0,4668.43,933.69
ORD-2024-15108,P0915,WH_MUMBAI_W,26,17830.28,1411.73,111.88,0.0,19353.89,744.38
ORD-2024-15109,P0927,WH_KOLKATA_E,4,375.56,1465.95,17.21,0.0,1858.72,464.68
ORD-2024-15110,P0230,WH_MUMBAI_W,43,15076.66,1237.81,185.03,0.0,16499.5,383.71
ORD-2024-15111,P0176,WH_MUMBAI_W,27,3052.89,588.42,116.18,0.0,3757.49,139.17
ORD-2024-15112,P0021,WH_BLR_S,38,9396.26,521.48,163.51,0.0,10081.25,265.3
ORD-2024-15113,P0748,WH_NAGPUR_C,34,6126.799999999999,154.16,146.3,0.0,6427.26,189.04
ORD-2024-15114,P0231,WH_BLR_S,3,1785.06,901.97,12.91,0.0,2699.94,899.98
ORD-2024-15115,P0662,WH_MUMBAI_W,32,23460.8,705.49,137.69,0.0,24303.98,759.5
ORD-2024-15116,P0708,WH_KOLKATA_E,26,5424.38,427.5,111.88,0.0,5963.76,229.38
ORD-2024-15117,P0125,WH_KOLKATA_E,18,3465.54,1188.84,77.45,0.0,4731.83,262.88
ORD-2024-15118,P0079,WH_NAGPUR_C,7,328.09,423.74,30.12,0.0,781.95,111.71
ORD-2024-15119,P0711,WH_NAGPUR_C,45,33924.6,214.35,193.63,0.0,34332.58,762.95
ORD-2024-15120,P0294,WH_MUMBAI_W,13,492.7,652.4,55.94,0.0,1201.04,92.39
ORD-2024-15121,P0596,WH_KOLKATA_E,6,1430.94,1116.09,25.82,0.0,2572.85,428.81
ORD-2024-15122,P0228,WH_BLR_S,35,8927.449999999999,420.93,150.6,0.0,9498.98,271.4
ORD-2024-15123,P0700,WH_MUMBAI_W,31,25471.149999999998,942.86,133.39,0.0,26547.4,856.37
ORD-2024-15124,P0150,WH_DELHI_N,42,9430.26,172.01,180.72,0.0,9782.99,232.93
ORD-2024-15125,P0294,WH_DELHI_N,37,1402.3,538.42,159.21,0.0,2099.93,56.75
ORD-2024-15126,P0545,WH_MUMBAI_W,43,12540.519999999999,1486.56,185.03,0.0,14212.11,330.51
ORD-2024-15127,P0022,WH_BLR_S,4,2316.6,411.23,17.21,0.0,2745.04,686.26
ORD-2024-15128,P0836,WH_KOLKATA_E,42,16016.7,1173.25,180.72,0.0,17370.67,413.59
ORD-2024-15129,P0666,WH_NAGPUR_C,4,2503.12,118.03,17.21,0.0,2638.36,659.59
ORD-2024-15130,P0545,WH_BLR_S,45,13123.8,842.09,193.63,0.0,14159.52,314.66
ORD-2024-15131,P0583,WH_KOLKATA_E,8,3272.96,510.95,34.42,0.0,3818.33,477.29
ORD-2024-15132,P0041,WH_MUMBAI_W,38,9313.42,433.28,163.51,0.0,9910.21,260.79
ORD-2024-15133,P0038,WH_MUMBAI_W,11,4363.7,910.31,47.33,0.0,5321.34,483.76
ORD-2024-15134,P0581,WH_NAGPUR_C,2,77.36,1609.38,8.61,0.0,1695.35,847.68
ORD-2024-15135,P0596,WH_BLR_S,18,4292.82,499.71,77.45,0.0,4869.98,270.55
ORD-2024-15136,P0627,WH_NAGPUR_C,18,15195.6,904.07,77.45,0.0,16177.12,898.73
ORD-2024-15137,P0342,WH_BLR_S,22,3107.72,699.5,94.67,0.0,3901.89,177.36
ORD-2024-15138,P0316,WH_MUMBAI_W,12,8424.36,1057.44,51.64,0.0,9533.44,794.45
ORD-2024-15139,P0852,WH_DELHI_N,17,11242.099999999999,1515.37,73.15,0.0,12830.62,754.74
ORD-2024-15140,P0592,WH_NAGPUR_C,17,10773.92,659.21,73.15,0.0,11506.28,676.84
ORD-2024-15141,P0909,WH_MUMBAI_W,36,11908.079999999998,1496.37,154.91,0.0,13559.36,376.65
ORD-2024-15142,P0294,WH_BLR_S,29,1099.1,1502.44,124.79,0.0,2726.33,94.01
ORD-2024-15143,P0476,WH_NAGPUR_C,49,26120.920000000002,1549.18,210.85,0.0,27880.95,569.0
ORD-2024-15144,P0904,WH_DELHI_N,16,3544.64,540.16,68.85,0.0,4153.65,259.6
ORD-2024-15145,P0342,WH_BLR_S,41,5791.66,1157.23,176.42,0.0,7125.31,173.79
ORD-2024-15146,P0998,WH_KOLKATA_E,11,742.17,624.04,47.33,0.0,1413.54,128.5
ORD-2024-15147,P0470,WH_MUMBAI_W,44,31482.0,360.45,189.33,0.0,32031.78,728.0
ORD-2024-15148,P0205,WH_MUMBAI_W,43,23851.239999999998,756.77,185.03,0.0,24793.04,576.58
ORD-2024-15149,P0892,WH_DELHI_N,45,2832.75,906.11,193.63,0.0,3932.49,87.39
ORD-2024-15150,P0422,WH_NAGPUR_C,22,9433.6,992.29,94.67,0.0,10520.56,478.21
ORD-2024-15151,P0429,WH_DELHI_N,30,21483.3,559.0,129.09,0.0,22171.39,739.05
ORD-2024-15152,P0230,WH_NAGPUR_C,8,2804.96,259.26,34.42,0.0,3098.64,387.33
ORD-2024-15153,P0276,WH_KOLKATA_E,46,30316.76,537.69,197.94,0.0,31052.39,675.05
ORD-2024-15154,P0796,WH_KOLKATA_E,18,10215.539999999999,1281.72,77.45,0.0,11574.71,643.04
ORD-2024-15155,P0356,WH_BLR_S,46,37704.36,1463.09,197.94,0.0,39365.39,855.77
ORD-2024-15156,P0754,WH_BLR_S,16,11514.72,236.09,68.85,0.0,11819.66,738.73
ORD-2024-15157,P0347,WH_KOLKATA_E,47,38957.36,512.69,202.24,0.0,39672.29,844.09
ORD-2024-15158,P0716,WH_BLR_S,20,7423.400000000001,241.56,86.06,0.0,7751.02,387.55
ORD-2024-15159,P0633,WH_NAGPUR_C,39,19023.03,995.64,167.82,0.0,20186.49,517.6
ORD-2024-15160,P0708,WH_MUMBAI_W,8,1669.04,382.41,34.42,0.0,2085.87,260.73
ORD-2024-15161,P0105,WH_KOLKATA_E,30,20421.600000000002,1282.94,129.09,0.0,21833.63,727.79
ORD-2024-15162,P0458,WH_MUMBAI_W,38,31000.399999999998,1342.4,163.51,0.0,32506.31,855.43
ORD-2024-15163,P0064,WH_DELHI_N,29,7297.85,848.33,124.79,0.0,8270.97,285.21
ORD-2024-15164,P0356,WH_MUMBAI_W,13,10655.58,801.61,55.94,0.0,11513.13,885.63
ORD-2024-15165,P0088,WH_DELHI_N,17,3465.79,923.67,73.15,0.0,4462.61,262.51
ORD-2024-15166,P0030,WH_DELHI_N,40,15525.2,409.28,172.12,0.0,16106.6,402.66
ORD-2024-15167,P0316,WH_MUMBAI_W,43,30187.289999999997,1271.3,185.03,0.0,31643.62,735.9
ORD-2024-15168,P0637,WH_KOLKATA_E,17,6286.77,1111.81,73.15,0.0,7471.73,439.51
ORD-2024-15169,P0801,WH_DELHI_N,9,5309.099999999999,358.98,38.73,0.0,5706.81,634.09
ORD-2024-15170,P0280,WH_DELHI_N,2,1085.48,516.73,8.61,0.0,1610.82,805.41
ORD-2024-15171,P0062,WH_MUMBAI_W,42,5064.78,951.13,180.72,0.0,6196.63,147.54
ORD-2024-15172,P0191,WH_KOLKATA_E,24,2200.8,1488.97,103.27,0.0,3793.04,158.04
ORD-2024-15173,P0432,WH_BLR_S,21,16040.009999999998,333.58,90.36,0.0,16463.95,784.0
ORD-2024-15174,P0347,WH_BLR_S,46,38128.48,128.44,197.94,0.0,38454.86,835.98
ORD-2024-15175,P0079,WH_MUMBAI_W,2,93.74,356.33,8.61,0.0,458.68,229.34
ORD-2024-15176,P0021,WH_NAGPUR_C,5,1236.3500000000001,576.94,21.51,0.0,1834.8,366.96
ORD-2024-15177,P0064,WH_NAGPUR_C,17,4278.05,1048.0,73.15,0.0,5399.2,317.6
ORD-2024-15178,P0487,WH_NAGPUR_C,24,1060.8000000000002,145.68,103.27,0.0,1309.75,54.57
ORD-2024-15179,P0530,WH_BLR_S,8,498.48,95.6674,34.42,0.0,628.57,78.57
ORD-2024-15180,P0116,WH_MUMBAI_W,30,5289.3,1528.65,129.09,0.0,6947.04,231.57
ORD-2024-15181,P0091,WH_BLR_S,22,14663.439999999999,315.74,94.67,0.0,15073.85,685.18
ORD-2024-15182,P0198,WH_DELHI_N,24,17210.88,508.44,103.27,0.0,17822.59,742.61
ORD-2024-15183,P0914,WH_DELHI_N,26,10073.699999999999,737.76,111.88,0.0,10923.34,420.13
ORD-2024-15184,P0790,WH_KOLKATA_E,8,3459.68,1331.3,34.42,0.0,4825.4,603.17
ORD-2024-15185,P0893,WH_BLR_S,12,6835.92,1406.21,51.64,0.0,8293.77,691.15
ORD-2024-15186,P0191,WH_DELHI_N,14,1283.8,1162.46,60.24,0.0,2506.5,179.04
ORD-2024-15187,P0545,WH_MUMBAI_W,30,8749.199999999999,784.56,129.09,0.0,9662.85,322.1
ORD-2024-15188,P0088,WH_DELHI_N,35,7135.45,897.75,150.6,0.0,8183.8,233.82
ORD-2024-15189,P0011,WH_NAGPUR_C,31,13223.36,764.34,133.39,0.0,14121.09,455.52
ORD-2024-15190,P0620,WH_KOLKATA_E,28,3321.36,1616.54,120.48,0.0,5058.38,180.66
ORD-2024-15191,P0822,WH_BLR_S,46,19578.98,1517.0,197.94,0.0,21293.92,462.91
ORD-2024-15192,P0866,WH_BLR_S,27,15102.18,1283.71,116.18,0.0,16502.07,611.19
ORD-2024-15193,P0790,WH_MUMBAI_W,36,15568.56,1435.46,154.91,0.0,17158.93,476.64
ORD-2024-15194,P0540,WH_NAGPUR_C,1,396.05,1082.04,4.3,0.0,1482.39,1482.39
ORD-2024-15195,P0913,WH_BLR_S,41,26633.190000000002,857.21,176.42,0.0,27666.82,674.8
ORD-2024-15196,P0693,WH_NAGPUR_C,14,5717.04,1182.96,60.24,0.0,6960.24,497.16
ORD-2024-15197,P0595,WH_NAGPUR_C,10,2378.0,771.58,43.03,0.0,3192.61,319.26
ORD-2024-15198,P0105,WH_NAGPUR_C,42,28590.24,1048.89,180.72,0.0,29819.85,710.0
ORD-2024-15199,P0300,WH_MUMBAI_W,7,2827.16,668.98,30.12,0.0,3526.26,503.75
ORD-2024-15200,P0345,WH_DELHI_N,40,28143.600000000002,1414.68,172.12,0.0,29730.4,743.26
ORD-2024-15201,P0231,WH_BLR_S,14,8330.279999999999,616.14,60.24,0.0,9006.66,643.33
ORD-2024-15202,P0139,WH_KOLKATA_E,36,21535.2,1082.24,154.91,0.0,22772.35,632.57
ORD-2024-15203,P0364,WH_MUMBAI_W,27,22580.640000000003,141.09,116.18,0.0,22837.91,845.85
ORD-2024-15204,P0070,WH_DELHI_N,11,5841.77,1016.88,47.33,0.0,6905.98,627.82
ORD-2024-15205,P0581,WH_KOLKATA_E,42,1624.56,1341.09,180.72,0.0,3146.37,74.91
ORD-2024-15206,P0988,WH_MUMBAI_W,49,40081.020000000004,1369.36,210.85,0.0,41661.23,850.23
ORD-2024-15207,P0524,WH_DELHI_N,37,5525.58,1336.32,159.21,0.0,7021.11,189.76
ORD-2024-15208,P0893,WH_KOLKATA_E,42,23925.719999999998,790.57,180.72,0.0,24897.01,592.79
ORD-2024-15209,P0337,WH_KOLKATA_E,10,3321.3,975.23,43.03,0.0,4339.56,433.96
ORD-2024-15210,P0213,WH_KOLKATA_E,7,3014.06,558.65,30.12,0.0,3602.83,514.69
ORD-2024-15211,P0152,WH_MUMBAI_W,17,4233.34,1576.84,73.15,0.0,5883.33,346.08
ORD-2024-15212,P0189,WH_DELHI_N,12,7633.5599999999995,1096.75,51.64,0.0,8781.95,731.83
ORD-2024-15213,P0553,WH_MUMBAI_W,37,9913.04,613.46,159.21,0.0,10685.71,288.8
ORD-2024-15214,P0755,WH_DELHI_N,37,22483.05,1472.88,159.21,0.0,24115.14,651.76
ORD-2024-15215,P0430,WH_MUMBAI_W,36,20005.56,1106.69,154.91,0.0,21267.16,590.75
ORD-2024-15216,P0581,WH_BLR_S,7,270.76,1135.81,30.12,0.0,1436.69,205.24
ORD-2024-15217,P0545,WH_KOLKATA_E,24,6999.36,342.77,103.27,0.0,7445.4,310.22
ORD-2024-15218,P0918,WH_BLR_S,34,14763.82,281.83,146.3,0.0,15191.95,446.82
ORD-2024-15219,P0161,WH_NAGPUR_C,1,286.46,936.51,4.3,0.0,1227.27,1227.27
ORD-2024-15220,P0598,WH_DELHI_N,29,6304.89,361.81,124.79,0.0,6791.49,234.19
ORD-2024-15221,P0476,WH_KOLKATA_E,26,13860.080000000002,1128.47,111.88,0.0,15100.43,580.79
ORD-2024-15222,P0662,WH_NAGPUR_C,10,7331.5,1149.63,43.03,0.0,8524.16,852.42
ORD-2024-15223,P0021,WH_BLR_S,1,247.27,599.16,4.3,0.0,850.73,850.73
ORD-2024-15224,P0714,WH_DELHI_N,45,3262.0499999999997,842.23,193.63,0.0,4297.91,95.51
ORD-2024-15225,P0719,WH_BLR_S,17,3982.93,1270.14,73.15,0.0,5326.22,313.31
ORD-2024-15226,P0487,WH_BLR_S,41,1812.2,1132.19,176.42,0.0,3120.81,76.12
ORD-2024-15227,P0666,WH_DELHI_N,36,22528.079999999998,573.59,154.91,0.0,23256.58,646.02
ORD-2024-15228,P0568,WH_NAGPUR_C,9,6808.14,765.8,38.73,0.0,7612.67,845.85
ORD-2024-15229,P0780,WH_NAGPUR_C,39,24914.760000000002,879.41,167.82,0.0,25961.99,665.69
ORD-2024-15230,P0088,WH_NAGPUR_C,23,4689.01,144.64,98.97,0.0,4932.62,214.46
ORD-2024-15231,P0581,WH_KOLKATA_E,29,1121.72,697.58,124.79,0.0,1944.09,67.04
ORD-2024-15232,P0125,WH_BLR_S,2,385.06,252.9,8.61,0.0,646.57,323.29
ORD-2024-15233,P0666,WH_NAGPUR_C,18,11264.039999999999,289.07,77.45,0.0,11630.56,646.14
ORD-2024-15234,P0641,WH_NAGPUR_C,28,14826.0,535.7,120.48,0.0,15482.18,552.94
ORD-2024-15235,P0913,WH_MUMBAI_W,47,30530.730000000003,1510.51,202.24,0.0,32243.48,686.03
ORD-2024-15236,P0589,WH_DELHI_N,42,12068.7,1104.87,180.72,0.0,13354.29,317.96
ORD-2024-15237,P0852,WH_NAGPUR_C,49,32403.699999999997,535.16,210.85,0.0,33149.71,676.52
ORD-2024-15238,P0364,WH_MUMBAI_W,7,5854.240000000001,460.54,30.12,0.0,6344.9,906.41
ORD-2024-15239,P0228,WH_MUMBAI_W,11,2805.77,676.44,47.33,0.0,3529.54,320.87
ORD-2024-15240,P0161,WH_NAGPUR_C,7,2005.2199999999998,608.25,30.12,0.0,2643.59,377.66
ORD-2024-15241,P0840,WH_BLR_S,43,14071.75,1412.38,185.03,0.0,15669.16,364.4
ORD-2024-15242,P0746,WH_KOLKATA_E,24,14142.48,889.88,103.27,0.0,15135.63,630.65
ORD-2024-15243,P0491,WH_BLR_S,15,857.1,1548.05,64.54,0.0,2469.69,164.65
ORD-2024-15244,P0708,WH_DELHI_N,31,6467.53,511.39,133.39,0.0,7112.31,229.43
ORD-2024-15245,P0994,WH_KOLKATA_E,19,6380.39,284.31,81.76,0.0,6746.46,355.08
ORD-2024-15246,P0876,WH_KOLKATA_E,10,4418.3,1310.51,43.03,0.0,5771.84,577.18
ORD-2024-15247,P0904,WH_BLR_S,48,10633.92,1056.82,206.54,0.0,11897.28,247.86
ORD-2024-15248,P0316,WH_MUMBAI_W,8,5616.24,1098.85,34.42,0.0,6749.51,843.69
ORD-2024-15249,P0027,WH_BLR_S,1,518.27,362.46,4.3,0.0,885.03,885.03
ORD-2024-15250,P0231,WH_NAGPUR_C,2,1190.04,615.02,8.61,0.0,1813.67,906.84
ORD-2024-15251,P0673,WH_MUMBAI_W,29,14417.06,214.43,124.79,0.0,14756.28,508.84
ORD-2024-15252,P0914,WH_BLR_S,42,16272.9,425.78,180.72,0.0,16879.4,401.89
ORD-2024-15253,P0581,WH_MUMBAI_W,10,386.8,1205.9,43.03,0.0,1635.73,163.57
ORD-2024-15254,P0319,WH_BLR_S,42,2545.62,1402.86,180.72,0.0,4129.2,98.31
ORD-2024-15255,P0911,WH_KOLKATA_E,9,262.62,1441.17,38.73,0.0,1742.52,193.61
ORD-2024-15256,P0319,WH_MUMBAI_W,31,1878.91,535.55,133.39,0.0,2547.85,82.19
ORD-2024-15257,P0560,WH_BLR_S,32,1160.96,590.13,137.69,0.0,1888.78,59.02
ORD-2024-15258,P0700,WH_BLR_S,2,1643.3,1374.83,8.61,0.0,3026.74,1513.37
ORD-2024-15259,P0981,WH_DELHI_N,24,1519.68,612.42,103.27,0.0,2235.37,93.14
ORD-2024-15260,P0998,WH_BLR_S,37,2496.39,715.69,159.21,0.0,3371.29,91.12
ORD-2024-15261,P0956,WH_MUMBAI_W,43,30632.77,445.33,185.03,0.0,31263.13,727.05
ORD-2024-15262,P0005,WH_DELHI_N,6,2129.34,214.23,25.82,0.0,2369.39,394.9
ORD-2024-15263,P0198,WH_NAGPUR_C,8,5736.96,329.75,34.42,0.0,6101.13,762.64
ORD-2024-15264,P0364,WH_BLR_S,40,33452.8,349.08,172.12,0.0,33974.0,849.35
ORD-2024-15265,P0191,WH_BLR_S,25,2292.5,1211.01,107.57,0.0,3611.08,144.44
ORD-2024-15266,P0139,WH_KOLKATA_E,42,25124.4,990.46,180.72,0.0,26295.58,626.09
ORD-2024-15267,P0824,WH_MUMBAI_W,43,35482.74,206.89,185.03,0.0,35874.66,834.29
ORD-2024-15268,P0430,WH_MUMBAI_W,25,13892.75,109.26,107.57,0.0,14109.58,564.38
ORD-2024-15269,P0821,WH_MUMBAI_W,46,22783.8,865.29,197.94,0.0,23847.03,518.41
ORD-2024-15270,P0083,WH_DELHI_N,11,5982.68,1063.58,47.33,0.0,7093.59,644.87
ORD-2024-15271,P0589,WH_NAGPUR_C,35,10057.25,1144.89,150.6,0.0,11352.74,324.36
ORD-2024-15272,P0637,WH_KOLKATA_E,1,369.81,459.39,4.3,0.0,833.5,833.5
ORD-2024-15273,P0796,WH_NAGPUR_C,23,13053.189999999999,920.41,98.97,0.0,14072.57,611.85
ORD-2024-15274,P0297,WH_MUMBAI_W,3,1334.31,1046.34,12.91,0.0,2393.56,797.85
ORD-2024-15275,P0857,WH_DELHI_N,41,21213.399999999998,182.15,176.42,0.0,21571.97,526.15
ORD-2024-15276,P0267,WH_KOLKATA_E,1,214.25,1632.7206,4.3,0.0,1851.27,1851.27
ORD-2024-15277,P0371,WH_NAGPUR_C,44,7541.16,1489.0,189.33,0.0,9219.49,209.53
ORD-2024-15278,P0907,WH_MUMBAI_W,12,1848.72,578.94,51.64,0.0,2479.3,206.61
ORD-2024-15279,P0673,WH_MUMBAI_W,38,18891.32,983.67,163.51,0.0,20038.5,527.33
ORD-2024-15280,P0672,WH_NAGPUR_C,40,9954.400000000001,765.32,172.12,0.0,10891.84,272.3
ORD-2024-15281,P0432,WH_KOLKATA_E,31,23678.109999999997,1477.77,133.39,0.0,25289.27,815.78
ORD-2024-15282,P0581,WH_BLR_S,29,1121.72,186.88,124.79,0.0,1433.39,49.43
ORD-2024-15283,P0084,WH_DELHI_N,35,28671.3,270.05,150.6,0.0,29091.95,831.2
ORD-2024-15284,P0079,WH_NAGPUR_C,28,1312.36,1278.12,120.48,0.0,2710.96,96.82
ORD-2024-15285,P0581,WH_MUMBAI_W,21,812.28,473.64,90.36,0.0,1376.28,65.54
ORD-2024-15286,P0097,WH_NAGPUR_C,11,2537.37,1632.7206,47.33,0.0,4217.42,383.4
ORD-2024-15287,P0022,WH_MUMBAI_W,26,15057.9,1330.76,111.88,0.0,16500.54,634.64
ORD-2024-15288,P0834,WH_BLR_S,11,7028.67,1327.34,47.33,0.0,8403.34,763.94
ORD-2024-15289,P0022,WH_DELHI_N,5,2895.75,405.28,21.51,0.0,3322.54,664.51
ORD-2024-15290,P0662,WH_NAGPUR_C,7,5132.05,323.33,30.12,0.0,5485.5,783.64
ORD-2024-15291,P0915,WH_NAGPUR_C,31,21259.18,1342.44,133.39,0.0,22735.01,733.39
ORD-2024-15292,P0088,WH_KOLKATA_E,39,7950.93,792.46,167.82,0.0,8911.21,228.49
ORD-2024-15293,P0470,WH_BLR_S,42,30051.0,1236.42,180.72,0.0,31468.14,749.24
ORD-2024-15294,P0952,WH_NAGPUR_C,8,3984.72,1063.76,34.42,0.0,5082.9,635.36
ORD-2024-15295,P0213,WH_NAGPUR_C,27,11625.66,1392.58,116.18,0.0,13134.42,486.46
ORD-2024-15296,P0763,WH_MUMBAI_W,21,17322.27,1300.06,90.36,0.0,18712.69,891.08
ORD-2024-15297,P0700,WH_KOLKATA_E,30,24649.5,1102.48,129.09,0.0,25881.07,862.7
ORD-2024-15298,P0962,WH_NAGPUR_C,14,1702.12,1036.66,60.24,0.0,2799.02,199.93
ORD-2024-15299,P0926,WH_NAGPUR_C,1,543.01,1202.77,4.3,0.0,1750.08,1750.08
ORD-2024-15300,P0971,WH_BLR_S,45,25468.65,895.43,193.63,0.0,26557.71,590.17
ORD-2024-15301,P0530,WH_BLR_S,24,1495.44,846.75,103.27,0.0,2445.46,101.89
ORD-2024-15302,P0115,WH_MUMBAI_W,6,4597.86,1456.01,25.82,0.0,6079.69,1013.28
ORD-2024-15303,P0801,WH_DELHI_N,6,3539.3999999999996,1349.69,25.82,0.0,4914.91,819.15
ORD-2024-15304,P0988,WH_DELHI_N,5,4089.9,1492.34,21.51,0.0,5603.75,1120.75
ORD-2024-15305,P0672,WH_KOLKATA_E,35,8710.1,1067.46,150.6,0.0,9928.16,283.66
ORD-2024-15306,P0837,WH_NAGPUR_C,44,28609.68,730.51,189.33,0.0,29529.52,671.13
ORD-2024-15307,P0357,WH_NAGPUR_C,15,7283.849999999999,1426.73,64.54,0.0,8775.12,585.01
ORD-2024-15308,P0195,WH_DELHI_N,35,20190.100000000002,507.96,150.6,0.0,20848.66,595.68
ORD-2024-15309,P0568,WH_BLR_S,48,36310.08,662.38,206.54,0.0,37179.0,774.56
ORD-2024-15310,P0195,WH_BLR_S,41,23651.260000000002,413.24,176.42,0.0,24240.92,591.24
ORD-2024-15311,P0410,WH_NAGPUR_C,8,4106.48,1119.71,34.42,0.0,5260.61,657.58
ORD-2024-15312,P0222,WH_NAGPUR_C,43,8128.719999999999,915.18,185.03,0.0,9228.93,214.63
ORD-2024-15313,P0487,WH_NAGPUR_C,35,1547.0,964.16,150.6,0.0,2661.76,76.05
ORD-2024-15314,P0353,WH_KOLKATA_E,5,4046.7000000000003,1245.88,21.51,0.0,5314.09,1062.82
ORD-2024-15315,P0332,WH_DELHI_N,31,19725.3,1355.51,133.39,0.0,21214.2,684.33
ORD-2024-15316,P0449,WH_MUMBAI_W,42,13131.3,426.68,180.72,0.0,13738.7,327.11
ORD-2024-15317,P0530,WH_NAGPUR_C,31,1931.6100000000001,1378.58,133.39,0.0,3443.58,111.08
ORD-2024-15318,P0357,WH_BLR_S,37,17966.829999999998,918.22,159.21,0.0,19044.26,514.71
ORD-2024-15319,P0925,WH_BLR_S,8,1921.92,1390.9,34.42,0.0,3347.24,418.4
ORD-2024-15320,P0952,WH_KOLKATA_E,6,2988.54,252.25,25.82,0.0,3266.61,544.44
ORD-2024-15321,P0189,WH_BLR_S,23,14630.99,356.73,98.97,0.0,15086.69,655.94
ORD-2024-15322,P0119,WH_NAGPUR_C,16,3683.2,279.1,68.85,0.0,4031.15,251.95
ORD-2024-15323,P0790,WH_KOLKATA_E,44,19028.239999999998,118.44,189.33,0.0,19336.01,439.45
ORD-2024-15324,P0160,WH_NAGPUR_C,49,39166.189999999995,1127.86,210.85,0.0,40504.9,826.63
ORD-2024-15325,P0524,WH_MUMBAI_W,8,1194.72,1193.58,34.42,0.0,2422.72,302.84
ORD-2024-15326,P0892,WH_KOLKATA_E,4,251.8,942.87,17.21,0.0,1211.88,302.97
ORD-2024-15327,P0634,WH_KOLKATA_E,32,23523.2,1311.74,137.69,0.0,24972.63,780.39
ORD-2024-15328,P0267,WH_MUMBAI_W,49,10498.25,1087.88,210.85,0.0,11796.98,240.75
ORD-2024-15329,P0176,WH_BLR_S,3,339.21,1004.5,12.91,0.0,1356.62,452.21
ORD-2024-15330,P0491,WH_KOLKATA_E,16,914.24,505.5,68.85,0.0,1488.59,93.04
ORD-2024-15331,P0422,WH_NAGPUR_C,34,14579.2,1632.7206,146.3,0.0,16358.22,481.12
ORD-2024-15332,P0763,WH_NAGPUR_C,13,10723.31,961.52,55.94,0.0,11740.77,903.14
ORD-2024-15333,P0824,WH_DELHI_N,33,27230.94,1526.1,142.0,0.0,28899.04,875.73
ORD-2024-15334,P0708,WH_MUMBAI_W,22,4589.86,657.42,94.67,0.0,5341.95,242.82
ORD-2024-15335,P0633,WH_NAGPUR_C,31,15120.869999999999,776.64,133.39,0.0,16030.9,517.13
ORD-2024-15336,P0198,WH_KOLKATA_E,24,17210.88,1278.68,103.27,0.0,18592.83,774.7
ORD-2024-15337,P0822,WH_BLR_S,3,1276.8899999999999,1261.64,12.91,0.0,2551.44,850.48
ORD-2024-15338,P0432,WH_KOLKATA_E,33,25205.73,384.85,142.0,0.0,25732.58,779.78
ORD-2024-15339,P0857,WH_NAGPUR_C,30,15522.0,1632.7206,129.09,0.0,17283.81,576.13
ORD-2024-15340,P0005,WH_DELHI_N,26,9227.14,157.1,111.88,0.0,9496.12,365.24
ORD-2024-15341,P0337,WH_BLR_S,34,11292.42,280.98,146.3,0.0,11719.7,344.7
ORD-2024-15342,P0345,WH_NAGPUR_C,22,15478.980000000001,251.91,94.67,0.0,15825.56,719.34
ORD-2024-15343,P0925,WH_MUMBAI_W,30,7207.200000000001,1047.61,129.09,0.0,8383.9,279.46
ORD-2024-15344,P0097,WH_BLR_S,35,8073.45,1093.02,150.6,0.0,9317.07,266.2
ORD-2024-15345,P0176,WH_MUMBAI_W,25,2826.75,1448.79,107.57,0.0,4383.11,175.32
ORD-2024-15346,P0688,WH_DELHI_N,28,5290.32,768.77,120.48,0.0,6179.57,220.7
ORD-2024-15347,P0540,WH_MUMBAI_W,33,13069.65,1296.01,142.0,0.0,14507.66,439.63
ORD-2024-15348,P0371,WH_KOLKATA_E,23,3941.97,1051.09,98.97,0.0,5092.03,221.39
ORD-2024-15349,P0080,WH_NAGPUR_C,26,7607.08,737.94,111.88,0.0,8456.9,325.27
ORD-2024-15350,P0560,WH_MUMBAI_W,9,326.52,966.83,38.73,0.0,1332.08,148.01
ORD-2024-15351,P0517,WH_DELHI_N,8,2383.92,407.78,34.42,0.0,2826.12,353.26
ORD-2024-15352,P0553,WH_MUMBAI_W,37,9913.04,1208.68,159.21,0.0,11280.93,304.89
ORD-2024-15353,P0662,WH_MUMBAI_W,33,24193.95,897.08,142.0,0.0,25233.03,764.64
ORD-2024-15354,P0022,WH_BLR_S,15,8687.25,1242.95,64.54,0.0,9994.74,666.32
ORD-2024-15355,P0759,WH_KOLKATA_E,49,26993.12,590.79,210.85,0.0,27794.76,567.24
ORD-2024-15356,P0553,WH_BLR_S,47,12592.240000000002,418.63,202.24,0.0,13213.11,281.13
ORD-2024-15357,P0119,WH_MUMBAI_W,8,1841.6,851.49,34.42,0.0,2727.51,340.94
ORD-2024-15358,P0651,WH_BLR_S,21,4928.49,802.79,90.36,0.0,5821.64,277.22
ORD-2024-15359,P0466,WH_KOLKATA_E,3,665.52,644.16,12.91,0.0,1322.59,440.86
ORD-2024-15360,P0904,WH_MUMBAI_W,9,1993.86,934.24,38.73,0.0,2966.83,329.65
ORD-2024-15361,P0700,WH_DELHI_N,14,11503.1,677.56,60.24,0.0,12240.9,874.35
ORD-2024-15362,P0084,WH_NAGPUR_C,38,31128.839999999997,1020.91,163.51,0.0,32313.26,850.35
ORD-2024-15363,P0544,WH_DELHI_N,27,12318.75,862.22,116.18,0.0,13297.15,492.49
ORD-2024-15364,P0824,WH_NAGPUR_C,20,16503.6,185.54,86.06,0.0,16775.2,838.76
ORD-2024-15365,P0952,WH_MUMBAI_W,4,1992.36,1237.9,17.21,0.0,3247.47,811.87
ORD-2024-15366,P0345,WH_KOLKATA_E,24,16886.16,751.06,103.27,0.0,17740.49,739.19
ORD-2024-15367,P0755,WH_KOLKATA_E,27,16406.55,1392.65,116.18,0.0,17915.38,663.53
ORD-2024-15368,P0021,WH_BLR_S,12,2967.2400000000002,1164.88,51.64,0.0,4183.76,348.65
ORD-2024-15369,P0544,WH_MUMBAI_W,28,12775.0,1429.2,120.48,0.0,14324.68,511.6
ORD-2024-15370,P0276,WH_BLR_S,35,23067.1,411.7,150.6,0.0,23629.4,675.13
ORD-2024-15371,P0834,WH_KOLKATA_E,24,15335.28,1339.28,103.27,0.0,16777.83,699.08
ORD-2024-15372,P0598,WH_NAGPUR_C,31,6739.71,1088.53,133.39,0.0,7961.63,256.83
ORD-2024-15373,P0565,WH_MUMBAI_W,3,355.83,1535.73,12.91,0.0,1904.47,634.82
ORD-2024-15374,P0465,WH_MUMBAI_W,30,17790.3,1092.09,129.09,0.0,19011.48,633.72
ORD-2024-15375,P0748,WH_KOLKATA_E,27,4865.4,220.58,116.18,0.0,5202.16,192.67
ORD-2024-15376,P0926,WH_DELHI_N,17,9231.17,811.1,73.15,0.0,10115.42,595.02
ORD-2024-15377,P0909,WH_DELHI_N,6,1984.6799999999998,1105.59,25.82,0.0,3116.09,519.35
ORD-2024-15378,P0070,WH_DELHI_N,47,24960.29,1556.31,202.24,0.0,26718.84,568.49
ORD-2024-15379,P0994,WH_BLR_S,43,14439.83,522.11,185.03,0.0,15146.97,352.26
ORD-2024-15380,P0641,WH_KOLKATA_E,18,9531.0,695.07,77.45,0.0,10303.52,572.42
ORD-2024-15381,P0300,WH_BLR_S,35,14135.8,1303.38,150.6,0.0,15589.78,445.42
ORD-2024-15382,P0109,WH_KOLKATA_E,27,12264.75,1091.02,116.18,0.0,13471.95,498.96
ORD-2024-15383,P0569,WH_NAGPUR_C,17,10557.34,786.36,73.15,0.0,11416.85,671.58
ORD-2024-15384,P0925,WH_NAGPUR_C,11,2642.6400000000003,1311.7,47.33,0.0,4001.67,363.79
ORD-2024-15385,P0083,WH_MUMBAI_W,38,20667.44,177.79,163.51,0.0,21008.74,552.86
ORD-2024-15386,P0105,WH_DELHI_N,37,25186.64,679.9,159.21,0.0,26025.75,703.4
ORD-2024-15387,P0342,WH_MUMBAI_W,42,5932.92,687.18,180.72,0.0,6800.82,161.92
ORD-2024-15388,P0608,WH_NAGPUR_C,34,28399.86,256.57,146.3,0.0,28802.73,847.14
ORD-2024-15389,P0662,WH_MUMBAI_W,47,34458.049999999996,1632.7206,202.24,0.0,36293.01,772.19
ORD-2024-15390,P0852,WH_NAGPUR_C,32,21161.6,1545.07,137.69,0.0,22844.36,713.89
ORD-2024-15391,P0746,WH_DELHI_N,43,25338.61,1043.72,185.03,0.0,26567.36,617.85
ORD-2024-15392,P0533,WH_BLR_S,46,8165.0,611.41,197.94,0.0,8974.35,195.09
ORD-2024-15393,P0627,WH_KOLKATA_E,46,38833.200000000004,1197.2,197.94,0.0,40228.34,874.53
ORD-2024-15394,P0064,WH_DELHI_N,35,8807.75,1459.13,150.6,0.0,10417.48,297.64
ORD-2024-15395,P0115,WH_BLR_S,28,21456.68,1506.86,120.48,0.0,23084.02,824.43
ORD-2024-15396,P0662,WH_BLR_S,22,16129.3,672.17,94.67,0.0,16896.14,768.01
ORD-2024-15397,P0627,WH_BLR_S,16,13507.2,1250.48,68.85,0.0,14826.53,926.66
ORD-2024-15398,P0714,WH_MUMBAI_W,46,3334.54,356.98,197.94,0.0,3889.46,84.55
ORD-2024-15399,P0540,WH_MUMBAI_W,42,16634.100000000002,1118.11,180.72,0.0,17932.93,426.97
ORD-2024-15400,P0021,WH_DELHI_N,40,9890.800000000001,580.66,172.12,0.0,10643.58,266.09
ORD-2024-15401,P0188,WH_MUMBAI_W,12,9610.56,1328.67,51.64,0.0,10990.87,915.91
ORD-2024-15402,P0565,WH_NAGPUR_C,5,593.05,1097.54,21.51,0.0,1712.1,342.42
ORD-2024-15403,P0637,WH_DELHI_N,26,9615.06,179.73,111.88,0.0,9906.67,381.03
ORD-2024-15404,P0763,WH_MUMBAI_W,26,21446.62,901.16,111.88,0.0,22459.66,863.83
ORD-2024-15405,P0070,WH_MUMBAI_W,13,6903.910000000001,793.48,55.94,0.0,7753.33,596.41
ORD-2024-15406,P0222,WH_MUMBAI_W,24,4536.96,1478.55,103.27,0.0,6118.78,254.95
ORD-2024-15407,P0109,WH_NAGPUR_C,44,19987.0,989.72,189.33,0.0,21166.05,481.05
ORD-2024-15408,P0709,WH_MUMBAI_W,3,1449.69,255.44,12.91,0.0,1718.04,572.68
ORD-2024-15409,P0364,WH_BLR_S,32,26762.24,1216.34,137.69,0.0,28116.27,878.63
ORD-2024-15410,P0674,WH_DELHI_N,23,5773.46,1434.11,98.97,0.0,7306.54,317.68
ORD-2024-15411,P0663,WH_NAGPUR_C,49,40131.979999999996,944.83,210.85,0.0,41287.66,842.61
ORD-2024-15412,P0952,WH_MUMBAI_W,37,18429.329999999998,1457.18,159.21,0.0,20045.72,541.78
ORD-2024-15413,P0159,WH_KOLKATA_E,38,15073.080000000002,537.92,163.51,0.0,15774.51,415.12
ORD-2024-15414,P0193,WH_KOLKATA_E,45,16117.2,631.08,193.63,0.0,16941.91,376.49
ORD-2024-15415,P0988,WH_KOLKATA_E,38,31083.24,1456.24,163.51,0.0,32702.99,860.6
ORD-2024-15416,P0084,WH_DELHI_N,13,10649.34,792.1,55.94,0.0,11497.38,884.41
ORD-2024-15417,P0319,WH_BLR_S,15,909.15,1528.64,64.54,0.0,2502.33,166.82
ORD-2024-15418,P0834,WH_BLR_S,2,1277.94,1517.89,8.61,0.0,2804.44,1402.22
ORD-2024-15419,P0714,WH_MUMBAI_W,11,797.39,844.52,47.33,0.0,1689.24,153.57
ORD-2024-15420,P0247,WH_KOLKATA_E,16,610.72,1229.12,68.85,0.0,1908.69,119.29
ORD-2024-15421,P0404,WH_KOLKATA_E,18,11284.74,1244.57,77.45,0.0,12606.76,700.38
ORD-2024-15422,P0637,WH_KOLKATA_E,34,12573.54,596.86,146.3,0.0,13316.7,391.67
ORD-2024-15423,P0560,WH_NAGPUR_C,10,362.8,832.34,43.03,0.0,1238.17,123.82
ORD-2024-15424,P0432,WH_DELHI_N,13,9929.529999999999,1468.8,55.94,0.0,11454.27,881.1
ORD-2024-15425,P0962,WH_DELHI_N,32,3890.56,816.15,137.69,0.0,4844.4,151.39
ORD-2024-15426,P0783,WH_KOLKATA_E,8,4386.72,558.5,34.42,0.0,4979.64,622.46
ORD-2024-15427,P0345,WH_NAGPUR_C,7,4925.13,350.52,30.12,0.0,5305.77,757.97
ORD-2024-15428,P0892,WH_NAGPUR_C,48,3021.6000000000004,769.7,206.54,0.0,3997.84,83.29
ORD-2024-15429,P0337,WH_BLR_S,17,5646.21,905.51,73.15,0.0,6624.87,389.7
ORD-2024-15430,P0027,WH_BLR_S,41,21249.07,952.23,176.42,0.0,22377.72,545.8
ORD-2024-15431,P0220,WH_NAGPUR_C,27,16165.170000000002,1180.27,116.18,0.0,17461.62,646.73
ORD-2024-15432,P0674,WH_DELHI_N,8,2008.16,1611.0,34.42,0.0,3653.58,456.7
ORD-2024-15433,P0188,WH_BLR_S,29,23225.52,738.52,124.79,0.0,24088.83,830.65
ORD-2024-15434,P0356,WH_KOLKATA_E,37,30327.42,1299.31,159.21,0.0,31785.94,859.08
ORD-2024-15435,P0364,WH_BLR_S,27,22580.640000000003,1098.12,116.18,0.0,23794.94,881.29
ORD-2024-15436,P0391,WH_KOLKATA_E,37,29261.82,1291.37,159.21,0.0,30712.4,830.06
ORD-2024-15437,P0345,WH_NAGPUR_C,24,16886.16,654.46,103.27,0.0,17643.89,735.16
ORD-2024-15438,P0069,WH_NAGPUR_C,45,4529.7,842.71,193.63,0.0,5566.04,123.69
ORD-2024-15439,P0105,WH_BLR_S,16,10891.52,595.84,68.85,0.0,11556.21,722.26
ORD-2024-15440,P0429,WH_KOLKATA_E,26,18618.86,1163.89,111.88,0.0,19894.63,765.18
ORD-2024-15441,P0231,WH_NAGPUR_C,31,18445.62,575.91,133.39,0.0,19154.92,617.9
ORD-2024-15442,P0228,WH_BLR_S,27,6886.889999999999,751.89,116.18,0.0,7754.96,287.22
ORD-2024-15443,P0975,WH_KOLKATA_E,26,1091.48,836.48,111.88,0.0,2039.84,78.46
ORD-2024-15444,P0038,WH_BLR_S,43,17058.1,1359.25,185.03,0.0,18602.38,432.61
ORD-2024-15445,P0466,WH_MUMBAI_W,15,3327.6,1076.71,64.54,0.0,4468.85,297.92
ORD-2024-15446,P0198,WH_DELHI_N,49,35138.88,815.48,210.85,0.0,36165.21,738.07
ORD-2024-15447,P0069,WH_BLR_S,15,1509.8999999999999,227.43,64.54,0.0,1801.87,120.12
ORD-2024-15448,P0867,WH_MUMBAI_W,23,17941.84,244.08,98.97,0.0,18284.89,795.0
ORD-2024-15449,P0230,WH_MUMBAI_W,25,8765.5,720.37,107.57,0.0,9593.44,383.74
ORD-2024-15450,P0280,WH_BLR_S,44,23880.56,192.15,189.33,0.0,24262.04,551.41
ORD-2024-15451,P0076,WH_BLR_S,4,925.04,541.05,17.21,0.0,1483.3,370.82
ORD-2024-15452,P0267,WH_MUMBAI_W,36,7713.0,1470.9,154.91,0.0,9338.81,259.41
ORD-2024-15453,P0202,WH_NAGPUR_C,16,4614.88,516.02,68.85,0.0,5199.75,324.98
ORD-2024-15454,P0267,WH_KOLKATA_E,47,10069.75,1212.21,202.24,0.0,11484.2,244.34
ORD-2024-15455,P0780,WH_MUMBAI_W,40,25553.600000000002,1017.21,172.12,0.0,26742.93,668.57
ORD-2024-15456,P0410,WH_MUMBAI_W,21,10779.509999999998,273.89,90.36,0.0,11143.76,530.66
ORD-2024-15457,P0837,WH_NAGPUR_C,40,26008.800000000003,334.12,172.12,0.0,26515.04,662.88
ORD-2024-15458,P0364,WH_BLR_S,43,35961.76,282.87,185.03,0.0,36429.66,847.2
ORD-2024-15459,P0080,WH_KOLKATA_E,17,4973.86,184.93,73.15,0.0,5231.94,307.76
ORD-2024-15460,P0159,WH_DELHI_N,3,1189.98,1429.63,12.91,0.0,2632.52,877.51
ORD-2024-15461,P0139,WH_BLR_S,7,4187.400000000001,1566.55,30.12,0.0,5784.07,826.3
ORD-2024-15462,P0716,WH_KOLKATA_E,12,4454.04,1532.99,51.64,0.0,6038.67,503.22
ORD-2024-15463,P0540,WH_NAGPUR_C,1,396.05,724.12,4.3,0.0,1124.47,1124.47
ORD-2024-15464,P0834,WH_BLR_S,43,27475.710000000003,256.72,185.03,0.0,27917.46,649.24
ORD-2024-15465,P0316,WH_DELHI_N,37,25975.11,1233.21,159.21,0.0,27367.53,739.66
ORD-2024-15466,P0470,WH_KOLKATA_E,6,4293.0,509.66,25.82,0.0,4828.48,804.75
ORD-2024-15467,P0584,WH_KOLKATA_E,46,22082.76,413.1,197.94,0.0,22693.8,493.34
ORD-2024-15468,P0673,WH_MUMBAI_W,49,24359.86,819.68,210.85,0.0,25390.39,518.17
ORD-2024-15469,P0821,WH_DELHI_N,23,11391.9,312.14,98.97,0.0,11803.01,513.17
ORD-2024-15470,P0700,WH_NAGPUR_C,25,20541.25,195.91,107.57,0.0,20844.73,833.79
ORD-2024-15471,P0620,WH_MUMBAI_W,25,2965.5,895.8,107.57,0.0,3968.87,158.75
ORD-2024-15472,P0884,WH_KOLKATA_E,3,853.02,1065.11,12.91,0.0,1931.04,643.68
ORD-2024-15473,P0748,WH_NAGPUR_C,4,720.8,1078.72,17.21,0.0,1816.73,454.18
ORD-2024-15474,P0620,WH_BLR_S,30,3558.6000000000004,174.23,129.09,0.0,3861.92,128.73
ORD-2024-15475,P0914,WH_KOLKATA_E,33,12785.85,330.61,142.0,0.0,13258.46,401.77
ORD-2024-15476,P0345,WH_BLR_S,29,20404.11,296.03,124.79,0.0,20824.93,718.1
ORD-2024-15477,P0294,WH_BLR_S,4,151.6,694.21,17.21,0.0,863.02,215.76
ORD-2024-15478,P0337,WH_NAGPUR_C,14,4649.82,1222.26,60.24,0.0,5932.32,423.74
ORD-2024-15479,P0992,WH_NAGPUR_C,21,10745.91,110.57,90.36,0.0,10946.84,521.28
ORD-2024-15480,P0754,WH_BLR_S,7,5037.69,469.76,30.12,0.0,5537.57,791.08
ORD-2024-15481,P0102,WH_BLR_S,21,1961.19,1180.4,90.36,0.0,3231.95,153.9
ORD-2024-15482,P0080,WH_DELHI_N,7,2048.06,701.31,30.12,0.0,2779.49,397.07
ORD-2024-15483,P0069,WH_DELHI_N,1,100.66,787.45,4.3,0.0,892.41,892.41
ORD-2024-15484,P0202,WH_NAGPUR_C,34,9806.62,371.62,146.3,0.0,10324.54,303.66
ORD-2024-15485,P0005,WH_DELHI_N,23,8162.469999999999,577.44,98.97,0.0,8838.88,384.3
ORD-2024-15486,P0852,WH_DELHI_N,3,1983.8999999999999,527.98,12.91,0.0,2524.79,841.6
ORD-2024-15487,P0139,WH_NAGPUR_C,18,10767.6,1604.84,77.45,0.0,12449.89,691.66
ORD-2024-15488,P0755,WH_MUMBAI_W,43,26128.95,931.67,185.03,0.0,27245.65,633.62
ORD-2024-15489,P0079,WH_MUMBAI_W,12,562.4399999999999,345.27,51.64,0.0,959.35,79.95
ORD-2024-15490,P0195,WH_DELHI_N,14,8076.04,1231.08,60.24,0.0,9367.36,669.1
ORD-2024-15491,P0893,WH_DELHI_N,41,23356.059999999998,1512.98,176.42,0.0,25045.46,610.86
ORD-2024-15492,P0070,WH_MUMBAI_W,28,14869.960000000001,258.84,120.48,0.0,15249.28,544.62
ORD-2024-15493,P0904,WH_KOLKATA_E,42,9304.68,860.89,180.72,0.0,10346.29,246.34
ORD-2024-15494,P0280,WH_DELHI_N,45,24423.3,610.7,193.63,0.0,25227.63,560.61
ORD-2024-15495,P0581,WH_KOLKATA_E,24,928.3199999999999,1055.64,103.27,0.0,2087.23,86.97
ORD-2024-15496,P0836,WH_NAGPUR_C,24,9152.400000000001,237.62,103.27,0.0,9493.29,395.55
ORD-2024-15497,P0866,WH_NAGPUR_C,3,1678.02,474.77,12.91,0.0,2165.7,721.9
ORD-2024-15498,P0824,WH_DELHI_N,9,7426.62,848.71,38.73,0.0,8314.06,923.78
ORD-2024-15499,P0584,WH_DELHI_N,24,11521.44,761.71,103.27,0.0,12386.42,516.1
ORD-2024-15500,P0176,WH_BLR_S,2,226.14,1058.08,8.61,0.0,1292.83,646.42
ORD-2024-15501,P0962,WH_MUMBAI_W,40,4863.2,1271.36,172.12,0.0,6306.68,157.67
ORD-2024-15502,P0801,WH_MUMBAI_W,28,16517.2,1407.89,120.48,0.0,18045.57,644.48
ORD-2024-15503,P0711,WH_KOLKATA_E,7,5277.16,1273.25,30.12,0.0,6580.53,940.08
ORD-2024-15504,P0205,WH_KOLKATA_E,9,4992.12,1632.7206,38.73,0.0,6663.57,740.4
ORD-2024-15505,P0119,WH_KOLKATA_E,45,10359.0,931.66,193.63,0.0,11484.29,255.21
ORD-2024-15506,P0347,WH_KOLKATA_E,39,32326.32,1291.34,167.82,0.0,33785.48,866.29
ORD-2024-15507,P0884,WH_DELHI_N,39,11089.259999999998,1484.15,167.82,0.0,12741.23,326.7
ORD-2024-15508,P0837,WH_KOLKATA_E,33,21457.260000000002,763.25,142.0,0.0,22362.51,677.65
ORD-2024-15509,P0191,WH_NAGPUR_C,34,3117.8,306.58,146.3,0.0,3570.68,105.02
ORD-2024-15510,P0005,WH_KOLKATA_E,21,7452.69,1341.4,90.36,0.0,8884.45,423.07
ORD-2024-15511,P0651,WH_KOLKATA_E,29,6806.01,222.71,124.79,0.0,7153.51,246.67
ORD-2024-15512,P0592,WH_NAGPUR_C,27,17111.52,550.08,116.18,0.0,17777.78,658.44
ORD-2024-15513,P0763,WH_DELHI_N,17,14022.79,1345.36,73.15,0.0,15441.3,908.31
ORD-2024-15514,P0540,WH_MUMBAI_W,42,16634.100000000002,471.89,180.72,0.0,17286.71,411.59
ORD-2024-15515,P0476,WH_BLR_S,47,25054.760000000002,481.67,202.24,0.0,25738.67,547.63
ORD-2024-15516,P0041,WH_KOLKATA_E,48,11764.32,1383.71,206.54,0.0,13354.57,278.22
ORD-2024-15517,P0837,WH_DELHI_N,23,14955.060000000001,742.88,98.97,0.0,15796.91,686.82
ORD-2024-15518,P0159,WH_BLR_S,45,17849.7,791.18,193.63,0.0,18834.51,418.54
ORD-2024-15519,P0748,WH_KOLKATA_E,21,3784.2,467.08,90.36,0.0,4341.64,206.74
ORD-2024-15520,P0596,WH_KOLKATA_E,8,1907.92,691.59,34.42,0.0,2633.93,329.24
ORD-2024-15521,P0231,WH_BLR_S,9,5355.18,1278.2,38.73,0.0,6672.11,741.35
ORD-2024-15522,P0363,WH_NAGPUR_C,33,22704.989999999998,1345.56,142.0,0.0,24192.55,733.11
ORD-2024-15523,P0821,WH_BLR_S,4,1981.2,774.6,17.21,0.0,2773.01,693.25
ORD-2024-15524,P0708,WH_BLR_S,18,3755.34,805.36,77.45,0.0,4638.15,257.67
ORD-2024-15525,P0458,WH_KOLKATA_E,32,26105.6,1089.92,137.69,0.0,27333.21,854.16
ORD-2024-15526,P0981,WH_BLR_S,30,1899.6,470.41,129.09,0.0,2499.1,83.3
ORD-2024-15527,P0279,WH_BLR_S,25,17318.0,1189.3,107.57,0.0,18614.87,744.59
ORD-2024-15528,P0267,WH_DELHI_N,33,7070.25,1427.76,142.0,0.0,8640.01,261.82
ORD-2024-15529,P0228,WH_KOLKATA_E,35,8927.449999999999,335.64,150.6,0.0,9413.69,268.96
ORD-2024-15530,P0754,WH_MUMBAI_W,42,30226.14,646.23,180.72,0.0,31053.09,739.36
ORD-2024-15531,P0666,WH_KOLKATA_E,34,21276.52,314.76,146.3,0.0,21737.58,639.34
ORD-2024-15532,P0372,WH_MUMBAI_W,2,1305.3,182.32,8.61,0.0,1496.23,748.12
ORD-2024-15533,P0540,WH_MUMBAI_W,13,5148.650000000001,1045.22,55.94,0.0,6249.81,480.75
ORD-2024-15534,P0193,WH_MUMBAI_W,41,14684.560000000001,467.79,176.42,0.0,15328.77,373.87
ORD-2024-15535,P0286,WH_BLR_S,23,2358.42,455.05,98.97,0.0,2912.44,126.63
ORD-2024-15536,P0083,WH_NAGPUR_C,23,12509.24,709.94,98.97,0.0,13318.15,579.05
ORD-2024-15537,P0909,WH_NAGPUR_C,31,10254.179999999998,1181.67,133.39,0.0,11569.24,373.2
ORD-2024-15538,P0511,WH_MUMBAI_W,2,1225.24,537.36,8.61,0.0,1771.21,885.6
ORD-2024-15539,P0030,WH_DELHI_N,2,776.26,858.2,8.61,0.0,1643.07,821.54
ORD-2024-15540,P0195,WH_NAGPUR_C,5,2884.3,1285.49,21.51,0.0,4191.3,838.26
ORD-2024-15541,P0316,WH_KOLKATA_E,14,9828.42,341.39,60.24,0.0,10230.05,730.72
ORD-2024-15542,P0884,WH_KOLKATA_E,23,6539.82,405.3,98.97,0.0,7044.09,306.26
ORD-2024-15543,P0261,WH_BLR_S,35,15403.15,922.0,150.6,0.0,16475.75,470.74
ORD-2024-15544,P0139,WH_DELHI_N,46,27517.2,654.65,197.94,0.0,28369.79,616.73
ORD-2024-15545,P0554,WH_NAGPUR_C,1,731.47,1544.49,4.3,0.0,2280.26,2280.26
ORD-2024-15546,P0139,WH_KOLKATA_E,41,24526.2,268.67,176.42,0.0,24971.29,609.06
ORD-2024-15547,P0422,WH_NAGPUR_C,48,20582.4,584.57,206.54,0.0,21373.51,445.28
ORD-2024-15548,P0521,WH_MUMBAI_W,49,28411.670000000002,95.6674,210.85,0.0,28718.19,586.09
ORD-2024-15549,P0198,WH_NAGPUR_C,40,28684.8,144.78,172.12,0.0,29001.7,725.04
ORD-2024-15550,P0637,WH_KOLKATA_E,15,5547.15,189.54,64.54,0.0,5801.23,386.75
ORD-2024-15551,P0763,WH_BLR_S,30,24746.1,792.25,129.09,0.0,25667.44,855.58
ORD-2024-15552,P0913,WH_KOLKATA_E,21,13641.390000000001,627.76,90.36,0.0,14359.51,683.79
ORD-2024-15553,P0487,WH_DELHI_N,8,353.6,802.81,34.42,0.0,1190.83,148.85
ORD-2024-15554,P0230,WH_MUMBAI_W,7,2454.34,628.08,30.12,0.0,3112.54,444.65
ORD-2024-15555,P0821,WH_NAGPUR_C,41,20307.3,249.35,176.42,0.0,20733.07,505.68
ORD-2024-15556,P0422,WH_DELHI_N,34,14579.2,1114.44,146.3,0.0,15839.94,465.88
ORD-2024-15557,P0524,WH_NAGPUR_C,42,6272.28,574.03,180.72,0.0,7027.03,167.31
ORD-2024-15558,P0083,WH_MUMBAI_W,37,20123.56,973.95,159.21,0.0,21256.72,574.51
ORD-2024-15559,P0125,WH_KOLKATA_E,48,9241.44,1304.19,206.54,0.0,10752.17,224.0
ORD-2024-15560,P0222,WH_MUMBAI_W,32,6049.28,1559.2,137.69,0.0,7746.17,242.07
ORD-2024-15561,P0545,WH_DELHI_N,33,9624.119999999999,1552.17,142.0,0.0,11318.29,342.98
ORD-2024-15562,P0719,WH_NAGPUR_C,6,1405.74,609.11,25.82,0.0,2040.67,340.11
ORD-2024-15563,P0925,WH_NAGPUR_C,42,10090.08,389.97,180.72,0.0,10660.77,253.83
ORD-2024-15564,P0700,WH_MUMBAI_W,10,8216.5,953.4,43.03,0.0,9212.93,921.29
ORD-2024-15565,P0914,WH_BLR_S,26,10073.699999999999,1470.55,111.88,0.0,11656.13,448.31
ORD-2024-15566,P0568,WH_DELHI_N,45,34040.700000000004,1286.87,193.63,0.0,35521.2,789.36
ORD-2024-15567,P0294,WH_BLR_S,26,985.4,767.35,111.88,0.0,1864.63,71.72
ORD-2024-15568,P0276,WH_KOLKATA_E,19,12522.14,1266.24,81.76,0.0,13870.14,730.01
ORD-2024-15569,P0975,WH_NAGPUR_C,35,1469.3,406.64,150.6,0.0,2026.54,57.9
ORD-2024-15570,P0011,WH_KOLKATA_E,45,19195.2,154.27,193.63,0.0,19543.1,434.29
ORD-2024-15571,P0913,WH_MUMBAI_W,4,2598.36,1470.51,17.21,0.0,4086.08,1021.52
ORD-2024-15572,P0834,WH_KOLKATA_E,25,15974.25,1558.16,107.57,0.0,17639.98,705.6
ORD-2024-15573,P0746,WH_DELHI_N,8,4714.16,1121.18,34.42,0.0,5869.76,733.72
ORD-2024-15574,P0711,WH_MUMBAI_W,12,9046.56,666.5,51.64,0.0,9764.7,813.72
ORD-2024-15575,P0746,WH_BLR_S,24,14142.48,170.1,103.27,0.0,14415.85,600.66
ORD-2024-15576,P0892,WH_KOLKATA_E,24,1510.8000000000002,231.16,103.27,0.0,1845.23,76.88
ORD-2024-15577,P0530,WH_BLR_S,17,1059.27,95.6674,73.15,0.0,1228.09,72.24
ORD-2024-15578,P0430,WH_MUMBAI_W,25,13892.75,515.83,107.57,0.0,14516.15,580.65
ORD-2024-15579,P0517,WH_NAGPUR_C,33,9833.67,593.38,142.0,0.0,10569.05,320.27
ORD-2024-15580,P0837,WH_MUMBAI_W,27,17555.940000000002,445.5,116.18,0.0,18117.62,671.02
ORD-2024-15581,P0981,WH_NAGPUR_C,2,126.64,1389.18,8.61,0.0,1524.43,762.22
ORD-2024-15582,P0634,WH_MUMBAI_W,9,6615.900000000001,439.48,38.73,0.0,7094.11,788.23
ORD-2024-15583,P0189,WH_KOLKATA_E,33,20992.29,275.6,142.0,0.0,21409.89,648.78
ORD-2024-15584,P0479,WH_MUMBAI_W,19,13217.16,843.98,81.76,0.0,14142.9,744.36
ORD-2024-15585,P0109,WH_MUMBAI_W,49,22258.25,1181.42,210.85,0.0,23650.52,482.66
ORD-2024-15586,P0913,WH_BLR_S,5,3247.9500000000003,813.06,21.51,0.0,4082.52,816.5
ORD-2024-15587,P0791,WH_BLR_S,47,16004.909999999998,1171.03,202.24,0.0,17378.18,369.75
ORD-2024-15588,P0102,WH_DELHI_N,20,1867.8,1192.25,86.06,0.0,3146.11,157.31
ORD-2024-15589,P0079,WH_MUMBAI_W,24,1124.8799999999999,312.28,103.27,0.0,1540.43,64.18
ORD-2024-15590,P0565,WH_DELHI_N,31,3676.91,1191.53,133.39,0.0,5001.83,161.35
ORD-2024-15591,P0641,WH_DELHI_N,44,23298.0,311.06,189.33,0.0,23798.39,540.87
ORD-2024-15592,P0220,WH_NAGPUR_C,4,2394.84,1204.54,17.21,0.0,3616.59,904.15
ORD-2024-15593,P0780,WH_DELHI_N,32,20442.88,1495.18,137.69,0.0,22075.75,689.87
ORD-2024-15594,P0524,WH_NAGPUR_C,47,7018.9800000000005,286.26,202.24,0.0,7507.48,159.73
ORD-2024-15595,P0479,WH_BLR_S,35,24347.399999999998,324.27,150.6,0.0,24822.27,709.21
ORD-2024-15596,P0188,WH_NAGPUR_C,14,11212.32,1496.13,60.24,0.0,12768.69,912.05
ORD-2024-15597,P0876,WH_MUMBAI_W,36,15905.88,1622.07,154.91,0.0,17682.86,491.19
ORD-2024-15598,P0429,WH_DELHI_N,6,4296.66,770.08,25.82,0.0,5092.56,848.76
ORD-2024-15599,P0191,WH_MUMBAI_W,17,1558.9,322.91,73.15,0.0,1954.96,115.0
ORD-2024-15600,P0070,WH_NAGPUR_C,18,9559.26,1132.5,77.45,0.0,10769.21,598.29
ORD-2024-15601,P0103,WH_NAGPUR_C,8,1038.56,965.55,34.42,0.0,2038.53,254.82
ORD-2024-15602,P0801,WH_NAGPUR_C,12,7078.799999999999,682.23,51.64,0.0,7812.67,651.06
ORD-2024-15603,P0584,WH_BLR_S,17,8161.02,1240.48,73.15,0.0,9474.65,557.33
ORD-2024-15604,P0840,WH_DELHI_N,31,10144.75,424.76,133.39,0.0,10702.9,345.25
ORD-2024-15605,P0530,WH_BLR_S,1,62.31,1233.36,4.3,0.0,1299.97,1299.97
ORD-2024-15606,P0335,WH_KOLKATA_E,11,9263.869999999999,1161.76,47.33,0.0,10472.96,952.09
ORD-2024-15607,P0391,WH_MUMBAI_W,42,33216.12,364.53,180.72,0.0,33761.37,803.84
ORD-2024-15608,P0176,WH_NAGPUR_C,16,1809.12,709.44,68.85,0.0,2587.41,161.71
ORD-2024-15609,P0154,WH_KOLKATA_E,37,13902.75,834.84,159.21,0.0,14896.8,402.62
ORD-2024-15610,P0907,WH_KOLKATA_E,49,7548.9400000000005,798.0,210.85,0.0,8557.79,174.65
ORD-2024-15611,P0102,WH_NAGPUR_C,28,2614.92,821.53,120.48,0.0,3556.93,127.03
ORD-2024-15612,P0876,WH_NAGPUR_C,9,3976.47,1287.46,38.73,0.0,5302.66,589.18
ORD-2024-15613,P0466,WH_KOLKATA_E,8,1774.72,941.07,34.42,0.0,2750.21,343.78
ORD-2024-15614,P0103,WH_KOLKATA_E,25,3245.5,489.72,107.57,0.0,3842.79,153.71
ORD-2024-15615,P0030,WH_BLR_S,10,3881.3,1070.86,43.03,0.0,4995.19,499.52
ORD-2024-15616,P0449,WH_BLR_S,40,12506.0,553.23,172.12,0.0,13231.35,330.78
ORD-2024-15617,P0368,WH_MUMBAI_W,3,2456.37,348.6,12.91,0.0,2817.88,939.29
ORD-2024-15618,P0700,WH_DELHI_N,23,18897.95,1626.54,98.97,0.0,20623.46,896.67
ORD-2024-15619,P0297,WH_BLR_S,23,10229.71,1079.45,98.97,0.0,11408.13,496.01
ORD-2024-15620,P0404,WH_DELHI_N,44,27584.92,611.85,189.33,0.0,28386.1,645.14
ORD-2024-15621,P0918,WH_BLR_S,4,1736.92,576.26,17.21,0.0,2330.39,582.6
ORD-2024-15622,P0139,WH_MUMBAI_W,23,13758.6,748.36,98.97,0.0,14605.93,635.04
ORD-2024-15623,P0202,WH_NAGPUR_C,9,2595.87,1373.98,38.73,0.0,4008.58,445.4
ORD-2024-15624,P0011,WH_BLR_S,4,1706.24,1209.9,17.21,0.0,2933.35,733.34
ORD-2024-15625,P0822,WH_NAGPUR_C,34,14471.42,960.89,146.3,0.0,15578.61,458.19
ORD-2024-15626,P0709,WH_KOLKATA_E,39,18845.97,1334.57,167.82,0.0,20348.36,521.75
ORD-2024-15627,P0911,WH_BLR_S,18,525.24,884.52,77.45,0.0,1487.21,82.62
ORD-2024-15628,P0220,WH_NAGPUR_C,34,20356.14,1352.67,146.3,0.0,21855.11,642.8
ORD-2024-15629,P0097,WH_KOLKATA_E,34,7842.78,1366.27,146.3,0.0,9355.35,275.16
ORD-2024-15630,P0131,WH_DELHI_N,42,3250.8,945.87,180.72,0.0,4377.39,104.22
ORD-2024-15631,P0228,WH_BLR_S,3,765.21,450.11,12.91,0.0,1228.23,409.41
ORD-2024-15632,P0021,WH_BLR_S,19,4698.13,1262.36,81.76,0.0,6042.25,318.01
ORD-2024-15633,P0154,WH_DELHI_N,34,12775.5,1391.85,146.3,0.0,14313.65,420.99
ORD-2024-15634,P0904,WH_NAGPUR_C,26,5760.04,804.33,111.88,0.0,6676.25,256.78
ORD-2024-15635,P0070,WH_MUMBAI_W,35,18587.45,1145.16,150.6,0.0,19883.21,568.09
ORD-2024-15636,P0125,WH_NAGPUR_C,41,7893.7300000000005,950.06,176.42,0.0,9020.21,220.01
ORD-2024-15637,P0965,WH_BLR_S,43,10605.95,111.76,185.03,0.0,10902.74,253.55
ORD-2024-15638,P0824,WH_NAGPUR_C,31,25580.579999999998,1276.32,133.39,0.0,26990.29,870.65
ORD-2024-15639,P0391,WH_MUMBAI_W,43,34006.98,777.9,185.03,0.0,34969.91,813.25
ORD-2024-15640,P0581,WH_BLR_S,27,1044.36,1591.55,116.18,0.0,2752.09,101.93
ORD-2024-15641,P0335,WH_BLR_S,3,2526.5099999999998,151.19,12.91,0.0,2690.61,896.87
ORD-2024-15642,P0759,WH_DELHI_N,37,20382.56,1317.99,159.21,0.0,21859.76,590.8
ORD-2024-15643,P0297,WH_MUMBAI_W,12,5337.24,423.68,51.64,0.0,5812.56,484.38
ORD-2024-15644,P0491,WH_MUMBAI_W,47,2685.58,265.47,202.24,0.0,3153.29,67.09
ORD-2024-15645,P0822,WH_KOLKATA_E,23,9789.49,637.48,98.97,0.0,10525.94,457.65
ORD-2024-15646,P0131,WH_NAGPUR_C,17,1315.8000000000002,329.9,73.15,0.0,1718.85,101.11
ORD-2024-15647,P0673,WH_MUMBAI_W,16,7954.24,1037.37,68.85,0.0,9060.46,566.28
ORD-2024-15648,P0247,WH_MUMBAI_W,17,648.89,1048.77,73.15,0.0,1770.81,104.17
ORD-2024-15649,P0651,WH_NAGPUR_C,15,3520.35,1322.46,64.54,0.0,4907.35,327.16
ORD-2024-15650,P0998,WH_BLR_S,26,1754.22,1407.77,111.88,0.0,3273.87,125.92
ORD-2024-15651,P0988,WH_MUMBAI_W,45,36809.1,559.93,193.63,0.0,37562.66,834.73
ORD-2024-15652,P0125,WH_MUMBAI_W,2,385.06,1269.74,8.61,0.0,1663.41,831.7
ORD-2024-15653,P0554,WH_NAGPUR_C,17,12434.99,1563.65,73.15,0.0,14071.79,827.75
ORD-2024-15654,P0342,WH_MUMBAI_W,1,141.26,673.95,4.3,0.0,819.51,819.51
ORD-2024-15655,P0822,WH_BLR_S,30,12768.9,585.62,129.09,0.0,13483.61,449.45
ORD-2024-15656,P0909,WH_NAGPUR_C,32,10584.96,378.65,137.69,0.0,11101.3,346.92
ORD-2024-15657,P0824,WH_NAGPUR_C,30,24755.399999999998,1632.7206,129.09,0.0,26517.21,883.91
ORD-2024-15658,P0709,WH_DELHI_N,42,20295.66,1462.08,180.72,0.0,21938.46,522.34
ORD-2024-15659,P0834,WH_MUMBAI_W,4,2555.88,1307.54,17.21,0.0,3880.63,970.16
ORD-2024-15660,P0892,WH_BLR_S,42,2643.9,127.55,180.72,0.0,2952.17,70.29
ORD-2024-15661,P0041,WH_BLR_S,44,10783.960000000001,847.2,189.33,0.0,11820.49,268.65
ORD-2024-15662,P0022,WH_KOLKATA_E,32,18532.8,1474.26,137.69,0.0,20144.75,629.52
ORD-2024-15663,P0470,WH_BLR_S,35,25042.5,142.89,150.6,0.0,25335.99,723.89
ORD-2024-15664,P0316,WH_NAGPUR_C,1,702.03,782.8,4.3,0.0,1489.13,1489.13
ORD-2024-15665,P0069,WH_DELHI_N,19,1912.54,308.48,81.76,0.0,2302.78,121.2
ORD-2024-15666,P0189,WH_NAGPUR_C,33,20992.29,1398.39,142.0,0.0,22532.68,682.81
ORD-2024-15667,P0834,WH_DELHI_N,19,12140.43,1003.2,81.76,0.0,13225.39,696.07
ORD-2024-15668,P0992,WH_BLR_S,36,18421.559999999998,1034.36,154.91,0.0,19610.83,544.75
ORD-2024-15669,P0554,WH_KOLKATA_E,27,19749.690000000002,654.55,116.18,0.0,20520.42,760.02
ORD-2024-15670,P0581,WH_KOLKATA_E,13,502.84,785.45,55.94,0.0,1344.23,103.4
ORD-2024-15671,P0091,WH_NAGPUR_C,27,17996.04,1303.58,116.18,0.0,19415.8,719.1
ORD-2024-15672,P0116,WH_MUMBAI_W,46,8110.26,267.84,197.94,0.0,8576.04,186.44
ORD-2024-15673,P0404,WH_KOLKATA_E,14,8777.019999999999,1150.86,60.24,0.0,9988.12,713.44
ORD-2024-15674,P0641,WH_DELHI_N,24,12708.0,830.98,103.27,0.0,13642.25,568.43
ORD-2024-15675,P0083,WH_DELHI_N,35,19035.8,752.18,150.6,0.0,19938.58,569.67
ORD-2024-15676,P0316,WH_MUMBAI_W,19,13338.57,1093.79,81.76,0.0,14514.12,763.9
ORD-2024-15677,P0824,WH_KOLKATA_E,25,20629.5,172.16,107.57,0.0,20909.23,836.37
ORD-2024-15678,P0911,WH_KOLKATA_E,11,320.98,868.14,47.33,0.0,1236.45,112.4
ORD-2024-15679,P0748,WH_KOLKATA_E,9,1621.8,856.8,38.73,0.0,2517.33,279.7
ORD-2024-15680,P0364,WH_NAGPUR_C,6,5017.92,239.77,25.82,0.0,5283.51,880.58
ORD-2024-15681,P0517,WH_KOLKATA_E,36,10727.64,313.26,154.91,0.0,11195.81,310.99
ORD-2024-15682,P0230,WH_KOLKATA_E,37,12972.94,695.4,159.21,0.0,13827.55,373.72
ORD-2024-15683,P0150,WH_KOLKATA_E,29,6511.37,1425.02,124.79,0.0,8061.18,277.97
ORD-2024-15684,P0479,WH_NAGPUR_C,9,6260.76,975.35,38.73,0.0,7274.84,808.32
ORD-2024-15685,P0511,WH_BLR_S,33,20216.46,1000.64,142.0,0.0,21359.1,647.25
ORD-2024-15686,P0391,WH_DELHI_N,23,18189.78,1507.98,98.97,0.0,19796.73,860.73
ORD-2024-15687,P0746,WH_NAGPUR_C,15,8839.05,824.39,64.54,0.0,9727.98,648.53
ORD-2024-15688,P0356,WH_KOLKATA_E,11,9016.26,186.57,47.33,0.0,9250.16,840.92
ORD-2024-15689,P0517,WH_KOLKATA_E,23,6853.77,1402.25,98.97,0.0,8354.99,363.26
ORD-2024-15690,P0195,WH_KOLKATA_E,26,14998.36,1581.4,111.88,0.0,16691.64,641.99
ORD-2024-15691,P0746,WH_BLR_S,1,589.27,1489.24,4.3,0.0,2082.81,2082.81
ORD-2024-15692,P0069,WH_DELHI_N,30,3019.7999999999997,358.95,129.09,0.0,3507.84,116.93
ORD-2024-15693,P0988,WH_MUMBAI_W,17,13905.66,946.84,73.15,0.0,14925.65,877.98
ORD-2024-15694,P0700,WH_KOLKATA_E,47,38617.549999999996,828.93,202.24,0.0,39648.72,843.59
ORD-2024-15695,P0866,WH_MUMBAI_W,46,25729.640000000003,829.7,197.94,0.0,26757.28,581.68
ORD-2024-15696,P0746,WH_MUMBAI_W,41,24160.07,567.8,176.42,0.0,24904.29,607.42
ORD-2024-15697,P0319,WH_BLR_S,23,1394.03,118.29,98.97,0.0,1611.29,70.06
ORD-2024-15698,P0465,WH_KOLKATA_E,36,21348.36,319.96,154.91,0.0,21823.23,606.2
ORD-2024-15699,P0748,WH_MUMBAI_W,41,7388.2,274.97,176.42,0.0,7839.59,191.21
ORD-2024-15700,P0540,WH_NAGPUR_C,5,1980.25,863.14,21.51,0.0,2864.9,572.98
ORD-2024-15701,P0297,WH_DELHI_N,35,15566.949999999999,332.72,150.6,0.0,16050.27,458.58
ORD-2024-15702,P0345,WH_BLR_S,9,6332.31,883.89,38.73,0.0,7254.93,806.1
ORD-2024-15703,P0719,WH_DELHI_N,4,937.16,373.69,17.21,0.0,1328.06,332.02
ORD-2024-15704,P0915,WH_BLR_S,7,4800.46,1221.12,30.12,0.0,6051.7,864.53
ORD-2024-15705,P0466,WH_NAGPUR_C,1,221.84,1447.67,4.3,0.0,1673.81,1673.81
ORD-2024-15706,P0596,WH_DELHI_N,16,3815.84,1106.21,68.85,0.0,4990.9,311.93
ORD-2024-15707,P0565,WH_MUMBAI_W,25,2965.25,246.93,107.57,0.0,3319.75,132.79
ORD-2024-15708,P0666,WH_MUMBAI_W,6,3754.68,315.95,25.82,0.0,4096.45,682.74
ORD-2024-15709,P0554,WH_MUMBAI_W,38,27795.86,1335.52,163.51,0.0,29294.89,770.92
ORD-2024-15710,P0759,WH_DELHI_N,14,7712.32,869.83,60.24,0.0,8642.39,617.31
ORD-2024-15711,P0672,WH_DELHI_N,37,9207.82,1138.06,159.21,0.0,10505.09,283.92
ORD-2024-15712,P0280,WH_DELHI_N,11,5970.14,1208.64,47.33,0.0,7226.11,656.92
ORD-2024-15713,P0554,WH_NAGPUR_C,1,731.47,483.26,4.3,0.0,1219.03,1219.03
ORD-2024-15714,P0005,WH_DELHI_N,42,14905.38,505.64,180.72,0.0,15591.74,371.23
ORD-2024-15715,P0364,WH_MUMBAI_W,1,836.32,1200.41,4.3,0.0,2041.03,2041.03
ORD-2024-15716,P0056,WH_BLR_S,36,24517.079999999998,95.6674,154.91,0.0,24767.66,687.99
ORD-2024-15717,P0824,WH_NAGPUR_C,8,6601.44,901.33,34.42,0.0,7537.19,942.15
ORD-2024-15718,P0700,WH_KOLKATA_E,32,26292.8,250.51,137.69,0.0,26681.0,833.78
ORD-2024-15719,P0368,WH_KOLKATA_E,33,27020.07,802.68,142.0,0.0,27964.75,847.42
ORD-2024-15720,P0470,WH_KOLKATA_E,8,5724.0,868.8,34.42,0.0,6627.22,828.4
ORD-2024-15721,P0560,WH_NAGPUR_C,14,507.92,965.73,60.24,0.0,1533.89,109.56
ORD-2024-15722,P0956,WH_MUMBAI_W,24,17097.36,589.73,103.27,0.0,17790.36,741.26
ORD-2024-15723,P0837,WH_NAGPUR_C,49,31860.780000000002,444.61,210.85,0.0,32516.24,663.6
ORD-2024-15724,P0857,WH_KOLKATA_E,41,21213.399999999998,815.81,176.42,0.0,22205.63,541.6
ORD-2024-15725,P0876,WH_NAGPUR_C,29,12813.07,744.3,124.79,0.0,13682.16,471.8
ORD-2024-15726,P0062,WH_DELHI_N,25,3014.75,865.4,107.57,0.0,3987.72,159.51
ORD-2024-15727,P0583,WH_MUMBAI_W,6,2454.7200000000003,891.89,25.82,0.0,3372.43,562.07
ORD-2024-15728,P0700,WH_MUMBAI_W,1,821.65,858.09,4.3,0.0,1684.04,1684.04
ORD-2024-15729,P0189,WH_DELHI_N,23,14630.99,599.68,98.97,0.0,15329.64,666.51
ORD-2024-15730,P0821,WH_DELHI_N,41,20307.3,559.0,176.42,0.0,21042.72,513.24
ORD-2024-15731,P0011,WH_NAGPUR_C,33,14076.48,1226.38,142.0,0.0,15444.86,468.03
ORD-2024-15732,P0700,WH_DELHI_N,14,11503.1,860.89,60.24,0.0,12424.23,887.44
ORD-2024-15733,P0627,WH_KOLKATA_E,28,23637.600000000002,394.4,120.48,0.0,24152.48,862.59
ORD-2024-15734,P0821,WH_MUMBAI_W,29,14363.7,367.79,124.79,0.0,14856.28,512.29
ORD-2024-15735,P0952,WH_NAGPUR_C,43,21417.87,733.02,185.03,0.0,22335.92,519.44
ORD-2024-15736,P0780,WH_BLR_S,40,25553.600000000002,280.36,172.12,0.0,26006.08,650.15
ORD-2024-15737,P0783,WH_MUMBAI_W,23,12611.820000000002,246.75,98.97,0.0,12957.54,563.37
ORD-2024-15738,P0297,WH_MUMBAI_W,44,19569.879999999997,410.8,189.33,0.0,20170.01,458.41
ORD-2024-15739,P0102,WH_NAGPUR_C,38,3548.82,1459.13,163.51,0.0,5171.46,136.09
ORD-2024-15740,P0893,WH_MUMBAI_W,49,27913.34,616.87,210.85,0.0,28741.06,586.55
ORD-2024-15741,P0466,WH_BLR_S,43,9539.12,1537.99,185.03,0.0,11262.14,261.91
ORD-2024-15742,P0712,WH_NAGPUR_C,10,2558.0,637.95,43.03,0.0,3238.98,323.9
ORD-2024-15743,P0754,WH_NAGPUR_C,27,19431.09,1195.44,116.18,0.0,20742.71,768.25
ORD-2024-15744,P0041,WH_BLR_S,8,1960.72,859.03,34.42,0.0,2854.17,356.77
ORD-2024-15745,P0079,WH_KOLKATA_E,44,2062.2799999999997,468.97,189.33,0.0,2720.58,61.83
ORD-2024-15746,P0712,WH_MUMBAI_W,4,1023.2,1392.61,17.21,0.0,2433.02,608.26
ORD-2024-15747,P0755,WH_NAGPUR_C,21,12760.65,1373.78,90.36,0.0,14224.79,677.37
ORD-2024-15748,P0410,WH_KOLKATA_E,21,10779.509999999998,1178.45,90.36,0.0,12048.32,573.73
ORD-2024-15749,P0191,WH_MUMBAI_W,30,2751.0,1150.66,129.09,0.0,4030.75,134.36
ORD-2024-15750,P0511,WH_MUMBAI_W,13,7964.06,845.65,55.94,0.0,8865.65,681.97
ORD-2024-15751,P0918,WH_BLR_S,3,1302.69,307.12,12.91,0.0,1622.72,540.91
ORD-2024-15752,P0345,WH_BLR_S,20,14071.800000000001,775.18,86.06,0.0,14933.04,746.65
ORD-2024-15753,P0056,WH_NAGPUR_C,36,24517.079999999998,1107.38,154.91,0.0,25779.37,716.09
ORD-2024-15754,P0353,WH_KOLKATA_E,40,32373.600000000002,860.49,172.12,0.0,33406.21,835.16
ORD-2024-15755,P0589,WH_BLR_S,5,1436.75,1610.28,21.51,0.0,3068.54,613.71
ORD-2024-15756,P0337,WH_KOLKATA_E,22,7306.86,1188.02,94.67,0.0,8589.55,390.43
ORD-2024-15757,P0279,WH_BLR_S,2,1385.44,366.33,8.61,0.0,1760.38,880.19
ORD-2024-15758,P0840,WH_DELHI_N,25,8181.25,214.45,107.57,0.0,8503.27,340.13
ORD-2024-15759,P0404,WH_KOLKATA_E,40,25077.199999999997,475.18,172.12,0.0,25724.5,643.11
ORD-2024-15760,P0030,WH_DELHI_N,24,9315.119999999999,822.2,103.27,0.0,10240.59,426.69
ORD-2024-15761,P0371,WH_NAGPUR_C,5,856.9499999999999,1454.34,21.51,0.0,2332.8,466.56
ORD-2024-15762,P0091,WH_NAGPUR_C,16,10664.32,1612.14,68.85,0.0,12345.31,771.58
ORD-2024-15763,P0487,WH_BLR_S,15,663.0,1301.19,64.54,0.0,2028.73,135.25
ORD-2024-15764,P0554,WH_MUMBAI_W,13,9509.11,598.16,55.94,0.0,10163.21,781.79
ORD-2024-15765,P0962,WH_BLR_S,11,1337.3799999999999,1632.7206,47.33,0.0,3017.43,274.31
ORD-2024-15766,P0479,WH_MUMBAI_W,16,11130.24,1489.6,68.85,0.0,12688.69,793.04
ORD-2024-15767,P0159,WH_KOLKATA_E,18,7139.88,1043.22,77.45,0.0,8260.55,458.92
ORD-2024-15768,P0429,WH_MUMBAI_W,25,17902.75,95.6674,107.57,0.0,18105.99,724.24
ORD-2024-15769,P0152,WH_MUMBAI_W,47,11703.94,468.0,202.24,0.0,12374.18,263.28
ORD-2024-15770,P0363,WH_DELHI_N,38,26145.14,808.79,163.51,0.0,27117.44,713.62
ORD-2024-15771,P0479,WH_NAGPUR_C,40,27825.6,476.52,172.12,0.0,28474.24,711.86
ORD-2024-15772,P0907,WH_BLR_S,4,616.24,1067.18,17.21,0.0,1700.63,425.16
ORD-2024-15773,P0637,WH_MUMBAI_W,48,17750.88,1079.65,206.54,0.0,19037.07,396.61
ORD-2024-15774,P0583,WH_MUMBAI_W,21,8591.52,1543.92,90.36,0.0,10225.8,486.94
ORD-2024-15775,P0627,WH_MUMBAI_W,11,9286.2,793.94,47.33,0.0,10127.47,920.68
ORD-2024-15776,P0651,WH_MUMBAI_W,34,7979.46,214.37,146.3,0.0,8340.13,245.3
ORD-2024-15777,P0596,WH_DELHI_N,30,7154.700000000001,253.08,129.09,0.0,7536.87,251.23
ORD-2024-15778,P0909,WH_MUMBAI_W,4,1323.12,253.17,17.21,0.0,1593.5,398.38
ORD-2024-15779,P0569,WH_BLR_S,14,8694.279999999999,531.36,60.24,0.0,9285.88,663.28
ORD-2024-15780,P0102,WH_KOLKATA_E,11,1027.29,1205.77,47.33,0.0,2280.39,207.31
ORD-2024-15781,P0521,WH_DELHI_N,4,2319.32,1165.7,17.21,0.0,3502.23,875.56
ORD-2024-15782,P0422,WH_KOLKATA_E,26,11148.800000000001,1380.54,111.88,0.0,12641.22,486.2
ORD-2024-15783,P0491,WH_BLR_S,3,171.42000000000002,140.64,12.91,0.0,324.97,108.32
ORD-2024-15784,P0276,WH_MUMBAI_W,37,24385.219999999998,1083.44,159.21,0.0,25627.87,692.65
ORD-2024-15785,P0267,WH_KOLKATA_E,38,8141.5,990.72,163.51,0.0,9295.73,244.62
ORD-2024-15786,P0286,WH_KOLKATA_E,41,4204.14,527.85,176.42,0.0,4908.41,119.72
ORD-2024-15787,P0332,WH_KOLKATA_E,4,2545.2,1043.46,17.21,0.0,3605.87,901.47
ORD-2024-15788,P0913,WH_KOLKATA_E,26,16889.34,275.56,111.88,0.0,17276.78,664.49
ORD-2024-15789,P0998,WH_MUMBAI_W,39,2631.33,216.81,167.82,0.0,3015.96,77.33
ORD-2024-15790,P0992,WH_DELHI_N,45,23026.95,849.19,193.63,0.0,24069.77,534.88
ORD-2024-15791,P0748,WH_NAGPUR_C,42,7568.4,1067.51,180.72,0.0,8816.63,209.92
ORD-2024-15792,P0907,WH_DELHI_N,44,6778.64,917.41,189.33,0.0,7885.38,179.21
ORD-2024-15793,P0637,WH_BLR_S,42,15532.02,1302.53,180.72,0.0,17015.27,405.13
ORD-2024-15794,P0711,WH_MUMBAI_W,11,8292.68,475.61,47.33,0.0,8815.62,801.42
ORD-2024-15795,P0545,WH_DELHI_N,11,3208.04,733.41,47.33,0.0,3988.78,362.62
ORD-2024-15796,P0952,WH_BLR_S,38,18927.42,1112.08,163.51,0.0,20203.01,531.66
ORD-2024-15797,P0907,WH_MUMBAI_W,38,5854.28,652.6,163.51,0.0,6670.39,175.54
ORD-2024-15798,P0064,WH_MUMBAI_W,20,5033.0,1248.75,86.06,0.0,6367.81,318.39
ORD-2024-15799,P0449,WH_NAGPUR_C,26,8128.9,135.04,111.88,0.0,8375.82,322.15
ORD-2024-15800,P0198,WH_MUMBAI_W,38,27250.56,1256.69,163.51,0.0,28670.76,754.49
ORD-2024-15801,P0105,WH_BLR_S,12,8168.64,1343.34,51.64,0.0,9563.62,796.97
ORD-2024-15802,P0583,WH_BLR_S,29,11864.48,1068.22,124.79,0.0,13057.49,450.26
ORD-2024-15803,P0470,WH_DELHI_N,14,10017.0,1029.34,60.24,0.0,11106.58,793.33
ORD-2024-15804,P0596,WH_MUMBAI_W,25,5962.25,464.45,107.57,0.0,6534.27,261.37
ORD-2024-15805,P0116,WH_DELHI_N,42,7405.02,416.45,180.72,0.0,8002.19,190.53
ORD-2024-15806,P0458,WH_DELHI_N,42,34263.6,1486.3,180.72,0.0,35930.62,855.49
ORD-2024-15807,P0584,WH_NAGPUR_C,39,18722.34,1623.47,167.82,0.0,20513.63,525.99
ORD-2024-15808,P0222,WH_DELHI_N,26,4915.04,439.7,111.88,0.0,5466.62,210.25
ORD-2024-15809,P0064,WH_BLR_S,10,2516.5,580.37,43.03,0.0,3139.9,313.99
ORD-2024-15810,P0097,WH_KOLKATA_E,14,3229.3799999999997,540.04,60.24,0.0,3829.66,273.55
ORD-2024-15811,P0837,WH_DELHI_N,5,3251.1000000000004,456.82,21.51,0.0,3729.43,745.89
ORD-2024-15812,P0884,WH_MUMBAI_W,22,6255.48,1123.98,94.67,0.0,7474.13,339.73
ORD-2024-15813,P0907,WH_BLR_S,11,1694.66,1554.19,47.33,0.0,3296.18,299.65
ORD-2024-15814,P0608,WH_BLR_S,29,24223.41,745.03,124.79,0.0,25093.23,865.28
ORD-2024-15815,P0748,WH_KOLKATA_E,7,1261.3999999999999,1378.4,30.12,0.0,2669.92,381.42
ORD-2024-15816,P0080,WH_BLR_S,18,5266.44,1452.3,77.45,0.0,6796.19,377.57
ORD-2024-15817,P0719,WH_BLR_S,31,7262.99,1146.74,133.39,0.0,8543.12,275.58
ORD-2024-15818,P0666,WH_NAGPUR_C,43,26908.539999999997,1330.49,185.03,0.0,28424.06,661.02
ORD-2024-15819,P0700,WH_KOLKATA_E,20,16433.0,315.5,86.06,0.0,16834.56,841.73
ORD-2024-15820,P0511,WH_NAGPUR_C,35,21441.7,1268.19,150.6,0.0,22860.49,653.16
ORD-2024-15821,P0666,WH_BLR_S,7,4380.46,231.37,30.12,0.0,4641.95,663.14
ORD-2024-15822,P0404,WH_NAGPUR_C,30,18807.899999999998,1218.44,129.09,0.0,20155.43,671.85
ORD-2024-15823,P0254,WH_NAGPUR_C,4,223.24,1550.81,17.21,0.0,1791.26,447.82
ORD-2024-15824,P0131,WH_DELHI_N,30,2322.0,534.21,129.09,0.0,2985.3,99.51
ORD-2024-15825,P0105,WH_DELHI_N,30,20421.600000000002,889.05,129.09,0.0,21439.74,714.66
ORD-2024-15826,P0994,WH_MUMBAI_W,30,10074.3,769.37,129.09,0.0,10972.76,365.76
ORD-2024-15827,P0641,WH_BLR_S,18,9531.0,396.88,77.45,0.0,10005.33,555.85
ORD-2024-15828,P0198,WH_MUMBAI_W,43,30836.16,179.82,185.03,0.0,31201.01,725.6
ORD-2024-15829,P0584,WH_KOLKATA_E,46,22082.76,1268.2,197.94,0.0,23548.9,511.93
ORD-2024-15830,P0222,WH_BLR_S,10,1890.3999999999999,1500.07,43.03,0.0,3433.5,343.35
ORD-2024-15831,P0915,WH_BLR_S,14,9600.92,427.6,60.24,0.0,10088.76,720.63
ORD-2024-15832,P0319,WH_BLR_S,36,2181.96,1096.77,154.91,0.0,3433.64,95.38
ORD-2024-15833,P0021,WH_MUMBAI_W,23,5687.21,1113.31,98.97,0.0,6899.49,299.98
ORD-2024-15834,P0139,WH_DELHI_N,12,7178.400000000001,607.02,51.64,0.0,7837.06,653.09
ORD-2024-15835,P0135,WH_DELHI_N,12,7318.200000000001,420.46,51.64,0.0,7790.3,649.19
ORD-2024-15836,P0709,WH_NAGPUR_C,34,16429.82,1481.37,146.3,0.0,18057.49,531.1
ORD-2024-15837,P0992,WH_BLR_S,26,13304.46,705.12,111.88,0.0,14121.46,543.13
ORD-2024-15838,P0465,WH_MUMBAI_W,6,3558.06,1550.97,25.82,0.0,5134.85,855.81
ORD-2024-15839,P0988,WH_BLR_S,37,30265.260000000002,1354.03,159.21,0.0,31778.5,858.88
ORD-2024-15840,P0834,WH_DELHI_N,15,9584.550000000001,1300.23,64.54,0.0,10949.32,729.95
ORD-2024-15841,P0962,WH_KOLKATA_E,42,5106.36,494.95,180.72,0.0,5782.03,137.67
ORD-2024-15842,P0918,WH_BLR_S,39,16934.97,697.92,167.82,0.0,17800.71,456.43
ORD-2024-15843,P0056,WH_MUMBAI_W,19,12939.57,210.87,81.76,0.0,13232.2,696.43
ORD-2024-15844,P0904,WH_NAGPUR_C,40,8861.6,735.93,172.12,0.0,9769.65,244.24
ORD-2024-15845,P0584,WH_NAGPUR_C,47,22562.82,1632.7206,202.24,0.0,24397.78,519.1
ORD-2024-15846,P0911,WH_MUMBAI_W,23,671.14,1009.38,98.97,0.0,1779.49,77.37
ORD-2024-15847,P0517,WH_DELHI_N,36,10727.64,677.88,154.91,0.0,11560.43,321.12
ORD-2024-15848,P0837,WH_NAGPUR_C,13,8452.86,585.98,55.94,0.0,9094.78,699.6
ORD-2024-15849,P0076,WH_NAGPUR_C,31,7169.0599999999995,326.36,133.39,0.0,7628.81,246.09
ORD-2024-15850,P0342,WH_DELHI_N,37,5226.62,253.81,159.21,0.0,5639.64,152.42
ORD-2024-15851,P0372,WH_KOLKATA_E,26,16968.899999999998,317.5,111.88,0.0,17398.28,669.16
ORD-2024-15852,P0595,WH_NAGPUR_C,43,10225.4,734.85,185.03,0.0,11145.28,259.19
ORD-2024-15853,P0565,WH_NAGPUR_C,48,5693.28,788.54,206.54,0.0,6688.36,139.34
ORD-2024-15854,P0716,WH_BLR_S,18,6681.06,702.11,77.45,0.0,7460.62,414.48
ORD-2024-15855,P0205,WH_MUMBAI_W,47,26069.96,324.89,202.24,0.0,26597.09,565.9
ORD-2024-15856,P0294,WH_BLR_S,33,1250.7,564.95,142.0,0.0,1957.65,59.32
ORD-2024-15857,P0202,WH_NAGPUR_C,40,11537.2,788.6,172.12,0.0,12497.92,312.45
ORD-2024-15858,P0913,WH_NAGPUR_C,32,20786.88,378.57,137.69,0.0,21303.14,665.72
ORD-2024-15859,P0198,WH_MUMBAI_W,4,2868.48,211.02,17.21,0.0,3096.71,774.18
ORD-2024-15860,P0791,WH_BLR_S,41,13961.73,1311.88,176.42,0.0,15450.03,376.83
ORD-2024-15861,P0595,WH_BLR_S,19,4518.2,314.63,81.76,0.0,4914.59,258.66
ORD-2024-15862,P0565,WH_KOLKATA_E,7,830.27,559.67,30.12,0.0,1420.06,202.87
ORD-2024-15863,P0160,WH_NAGPUR_C,47,37567.57,229.97,202.24,0.0,37999.78,808.51
ORD-2024-15864,P0022,WH_BLR_S,35,20270.25,449.53,150.6,0.0,20870.38,596.3
ORD-2024-15865,P0994,WH_KOLKATA_E,26,8731.06,1313.15,111.88,0.0,10156.09,390.62
ORD-2024-15866,P0688,WH_MUMBAI_W,44,8313.36,1505.57,189.33,0.0,10008.26,227.46
ORD-2024-15867,P0084,WH_BLR_S,23,18841.14,811.04,98.97,0.0,19751.15,858.75
ORD-2024-15868,P0030,WH_BLR_S,34,13196.42,379.66,146.3,0.0,13722.38,403.6
ORD-2024-15869,P0119,WH_BLR_S,7,1611.3999999999999,1056.6,30.12,0.0,2698.12,385.45
ORD-2024-15870,P0254,WH_KOLKATA_E,11,613.9100000000001,483.03,47.33,0.0,1144.27,104.02
ORD-2024-15871,P0801,WH_DELHI_N,8,4719.2,1097.15,34.42,0.0,5850.77,731.35
ORD-2024-15872,P0589,WH_DELHI_N,13,3735.55,1054.42,55.94,0.0,4845.91,372.76
ORD-2024-15873,P0294,WH_MUMBAI_W,32,1212.8,1330.41,137.69,0.0,2680.9,83.78
ORD-2024-15874,P0867,WH_NAGPUR_C,41,31983.280000000002,576.32,176.42,0.0,32736.02,798.44
ORD-2024-15875,P0927,WH_NAGPUR_C,34,3192.26,528.3,146.3,0.0,3866.86,113.73
ORD-2024-15876,P0651,WH_NAGPUR_C,18,4224.42,461.81,77.45,0.0,4763.68,264.65
ORD-2024-15877,P0267,WH_NAGPUR_C,15,3213.75,1086.9,64.54,0.0,4365.19,291.01
ORD-2024-15878,P0195,WH_NAGPUR_C,43,24804.98,1518.62,185.03,0.0,26508.63,616.48
ORD-2024-15879,P0371,WH_DELHI_N,24,4113.36,744.37,103.27,0.0,4961.0,206.71
ORD-2024-15880,P0988,WH_NAGPUR_C,47,38445.06,569.82,202.24,0.0,39217.12,834.41
ORD-2024-15881,P0188,WH_KOLKATA_E,21,16818.48,949.84,90.36,0.0,17858.68,850.41
ORD-2024-15882,P0176,WH_MUMBAI_W,18,2035.2599999999998,629.26,77.45,0.0,2741.97,152.33
ORD-2024-15883,P0070,WH_NAGPUR_C,14,7434.9800000000005,254.17,60.24,0.0,7749.39,553.53
ORD-2024-15884,P0780,WH_DELHI_N,19,12137.960000000001,885.78,81.76,0.0,13105.5,689.76
ORD-2024-15885,P0915,WH_BLR_S,13,8915.14,898.19,55.94,0.0,9869.27,759.17
ORD-2024-15886,P0391,WH_DELHI_N,16,12653.76,888.48,68.85,0.0,13611.09,850.69
ORD-2024-15887,P0620,WH_KOLKATA_E,2,237.24,1278.31,8.61,0.0,1524.16,762.08
ORD-2024-15888,P0755,WH_MUMBAI_W,34,20660.1,1073.79,146.3,0.0,21880.19,643.54
ORD-2024-15889,P0316,WH_KOLKATA_E,49,34399.47,758.06,210.85,0.0,35368.38,721.8
ORD-2024-15890,P0213,WH_KOLKATA_E,26,11195.08,1491.7,111.88,0.0,12798.66,492.26
ORD-2024-15891,P0952,WH_BLR_S,22,10957.98,997.24,94.67,0.0,12049.89,547.72
ORD-2024-15892,P0195,WH_BLR_S,20,11537.2,605.01,86.06,0.0,12228.27,611.41
ORD-2024-15893,P0748,WH_KOLKATA_E,29,5225.799999999999,640.65,124.79,0.0,5991.24,206.59
ORD-2024-15894,P0893,WH_DELHI_N,18,10253.88,131.07,77.45,0.0,10462.4,581.24
ORD-2024-15895,P0479,WH_KOLKATA_E,29,20173.56,1077.25,124.79,0.0,21375.6,737.09
ORD-2024-15896,P0893,WH_NAGPUR_C,42,23925.719999999998,1156.8,180.72,0.0,25263.24,601.51
ORD-2024-15897,P0097,WH_KOLKATA_E,44,10149.48,479.25,189.33,0.0,10818.06,245.86
ORD-2024-15898,P0466,WH_DELHI_N,27,5989.68,1201.53,116.18,0.0,7307.39,270.64
ORD-2024-15899,P0763,WH_KOLKATA_E,35,28870.45,1082.7,150.6,0.0,30103.75,860.11
ORD-2024-15900,P0712,WH_BLR_S,29,7418.200000000001,147.49,124.79,0.0,7690.48,265.19
ORD-2024-15901,P0634,WH_MUMBAI_W,6,4410.6,491.04,25.82,0.0,4927.46,821.24
ORD-2024-15902,P0342,WH_MUMBAI_W,37,5226.62,1589.27,159.21,0.0,6975.1,188.52
ORD-2024-15903,P0027,WH_NAGPUR_C,25,12956.75,264.57,107.57,0.0,13328.89,533.16
ORD-2024-15904,P0408,WH_MUMBAI_W,21,3562.65,1564.89,90.36,0.0,5217.9,248.47
ORD-2024-15905,P0213,WH_BLR_S,31,13347.98,1264.98,133.39,0.0,14746.35,475.69
ORD-2024-15906,P0674,WH_DELHI_N,40,10040.800000000001,1328.37,172.12,0.0,11541.29,288.53
ORD-2024-15907,P0357,WH_DELHI_N,16,7769.44,870.9,68.85,0.0,8709.19,544.32
ORD-2024-15908,P0084,WH_MUMBAI_W,14,11468.519999999999,558.82,60.24,0.0,12087.58,863.4
ORD-2024-15909,P0152,WH_KOLKATA_E,6,1494.1200000000001,281.39,25.82,0.0,1801.33,300.22
ORD-2024-15910,P0780,WH_BLR_S,11,7027.240000000001,192.88,47.33,0.0,7267.45,660.68
ORD-2024-15911,P0754,WH_MUMBAI_W,27,19431.09,1063.6,116.18,0.0,20610.87,763.37
ORD-2024-15912,P0567,WH_DELHI_N,38,14035.68,1400.23,163.51,0.0,15599.42,410.51
ORD-2024-15913,P0965,WH_MUMBAI_W,5,1233.25,257.81,21.51,0.0,1512.57,302.51
ORD-2024-15914,P0553,WH_MUMBAI_W,15,4018.8,600.24,64.54,0.0,4683.58,312.24
ORD-2024-15915,P0154,WH_DELHI_N,38,14278.5,402.13,163.51,0.0,14844.14,390.64
ORD-2024-15916,P0952,WH_NAGPUR_C,16,7969.44,1022.42,68.85,0.0,9060.71,566.29
ORD-2024-15917,P0198,WH_NAGPUR_C,18,12908.16,1271.3,77.45,0.0,14256.91,792.05
ORD-2024-15918,P0521,WH_MUMBAI_W,33,19134.390000000003,1321.66,142.0,0.0,20598.05,624.18
ORD-2024-15919,P0913,WH_MUMBAI_W,35,22735.65,403.49,150.6,0.0,23289.74,665.42
ORD-2024-15920,P0022,WH_DELHI_N,24,13899.599999999999,1196.08,103.27,0.0,15198.95,633.29
ORD-2024-15921,P0139,WH_NAGPUR_C,35,20937.0,689.7,150.6,0.0,21777.3,622.21
ORD-2024-15922,P0083,WH_DELHI_N,7,3807.16,1618.29,30.12,0.0,5455.57,779.37
ORD-2024-15923,P0391,WH_NAGPUR_C,14,11072.04,1115.32,60.24,0.0,12247.6,874.83
ORD-2024-15924,P0712,WH_KOLKATA_E,30,7674.0,299.66,129.09,0.0,8102.75,270.09
ORD-2024-15925,P0992,WH_MUMBAI_W,24,12281.039999999999,572.39,103.27,0.0,12956.7,539.86
ORD-2024-15926,P0662,WH_DELHI_N,15,10997.25,1247.22,64.54,0.0,12309.01,820.6
ORD-2024-15927,P0913,WH_BLR_S,13,8444.67,1257.93,55.94,0.0,9758.54,750.66
ORD-2024-15928,P0160,WH_DELHI_N,19,15186.89,765.28,81.76,0.0,16033.93,843.89
ORD-2024-15929,P0213,WH_MUMBAI_W,29,12486.82,574.26,124.79,0.0,13185.87,454.69
ORD-2024-15930,P0801,WH_BLR_S,22,12977.8,507.13,94.67,0.0,13579.6,617.25
ORD-2024-15931,P0783,WH_BLR_S,2,1096.68,633.29,8.61,0.0,1738.58,869.29
ORD-2024-15932,P0884,WH_DELHI_N,39,11089.259999999998,258.45,167.82,0.0,11515.53,295.27
ORD-2024-15933,P0422,WH_DELHI_N,13,5574.400000000001,743.79,55.94,0.0,6374.13,490.32
ORD-2024-15934,P0824,WH_KOLKATA_E,36,29706.48,387.61,154.91,0.0,30249.0,840.25
ORD-2024-15935,P0286,WH_BLR_S,38,3896.5200000000004,474.12,163.51,0.0,4534.15,119.32
ORD-2024-15936,P0230,WH_DELHI_N,18,6311.16,415.33,77.45,0.0,6803.94,378.0
ORD-2024-15937,P0109,WH_NAGPUR_C,15,6813.75,313.68,64.54,0.0,7191.97,479.46
ORD-2024-15938,P0205,WH_BLR_S,35,19413.8,872.42,150.6,0.0,20436.82,583.91
ORD-2024-15939,P0364,WH_DELHI_N,17,14217.44,1123.1,73.15,0.0,15413.69,906.69
ORD-2024-15940,P0857,WH_DELHI_N,48,24835.199999999997,1426.43,206.54,0.0,26468.17,551.42
ORD-2024-15941,P0038,WH_KOLKATA_E,13,5157.099999999999,866.15,55.94,0.0,6079.19,467.63
ORD-2024-15942,P0198,WH_KOLKATA_E,22,15776.64,160.89,94.67,0.0,16032.2,728.74
ORD-2024-15943,P0131,WH_DELHI_N,40,3096.0,581.77,172.12,0.0,3849.89,96.25
ORD-2024-15944,P0663,WH_BLR_S,21,17199.42,1032.37,90.36,0.0,18322.15,872.48
ORD-2024-15945,P0062,WH_BLR_S,26,3135.34,1233.5,111.88,0.0,4480.72,172.34
ORD-2024-15946,P0981,WH_DELHI_N,46,2912.72,464.77,197.94,0.0,3575.43,77.73
ORD-2024-15947,P0754,WH_MUMBAI_W,4,2878.68,1256.14,17.21,0.0,4152.03,1038.01
ORD-2024-15948,P0911,WH_BLR_S,7,204.26,1231.57,30.12,0.0,1465.95,209.42
ORD-2024-15949,P0368,WH_MUMBAI_W,10,8187.9,1224.99,43.03,0.0,9455.92,945.59
ORD-2024-15950,P0673,WH_DELHI_N,15,7457.099999999999,1020.71,64.54,0.0,8542.35,569.49
ORD-2024-15951,P0693,WH_DELHI_N,26,10617.36,419.42,111.88,0.0,11148.66,428.79
ORD-2024-15952,P0992,WH_NAGPUR_C,16,8187.36,1064.97,68.85,0.0,9321.18,582.57
ORD-2024-15953,P0709,WH_BLR_S,40,19329.2,500.68,172.12,0.0,20002.0,500.05
ORD-2024-15954,P0913,WH_BLR_S,34,22086.06,1532.27,146.3,0.0,23764.63,698.96
ORD-2024-15955,P0560,WH_KOLKATA_E,17,616.76,144.02,73.15,0.0,833.93,49.05
ORD-2024-15956,P0925,WH_MUMBAI_W,38,9129.12,1224.19,163.51,0.0,10516.82,276.76
ORD-2024-15957,P0345,WH_MUMBAI_W,16,11257.44,1347.2,68.85,0.0,12673.49,792.09
ORD-2024-15958,P0213,WH_MUMBAI_W,34,14639.72,605.37,146.3,0.0,15391.39,452.69
ORD-2024-15959,P0821,WH_NAGPUR_C,29,14363.7,549.22,124.79,0.0,15037.71,518.54
ORD-2024-15960,P0583,WH_KOLKATA_E,18,7364.16,278.19,77.45,0.0,7719.8,428.88
ORD-2024-15961,P0994,WH_BLR_S,11,3693.91,861.49,47.33,0.0,4602.73,418.43
ORD-2024-15962,P0584,WH_KOLKATA_E,12,5760.72,440.31,51.64,0.0,6252.67,521.06
ORD-2024-15963,P0927,WH_BLR_S,37,3473.93,1061.37,159.21,0.0,4694.51,126.88
ORD-2024-15964,P0517,WH_KOLKATA_E,2,595.98,1070.86,8.61,0.0,1675.45,837.72
ORD-2024-15965,P0511,WH_DELHI_N,18,11027.16,300.6,77.45,0.0,11405.21,633.62
ORD-2024-15966,P0391,WH_KOLKATA_E,38,30052.68,1127.79,163.51,0.0,31343.98,824.84
ORD-2024-15967,P0911,WH_KOLKATA_E,33,962.9399999999999,1456.57,142.0,0.0,2561.51,77.62
ORD-2024-15968,P0915,WH_BLR_S,9,6172.0199999999995,1450.91,38.73,0.0,7661.66,851.3
ORD-2024-15969,P0070,WH_DELHI_N,15,7966.050000000001,413.73,64.54,0.0,8444.32,562.95
ORD-2024-15970,P0530,WH_DELHI_N,28,1744.68,1380.36,120.48,0.0,3245.52,115.91
ORD-2024-15971,P0139,WH_DELHI_N,8,4785.6,1189.54,34.42,0.0,6009.56,751.2
ORD-2024-15972,P0568,WH_BLR_S,46,34797.16,1619.11,197.94,0.0,36614.21,795.96
ORD-2024-15973,P0056,WH_NAGPUR_C,36,24517.079999999998,515.43,154.91,0.0,25187.42,699.65
ORD-2024-15974,P0915,WH_KOLKATA_E,39,26745.42,1033.52,167.82,0.0,27946.76,716.58
ORD-2024-15975,P0429,WH_NAGPUR_C,8,5728.88,952.45,34.42,0.0,6715.75,839.47
ORD-2024-15976,P0709,WH_DELHI_N,42,20295.66,1295.82,180.72,0.0,21772.2,518.39
ORD-2024-15977,P0345,WH_NAGPUR_C,19,13368.210000000001,290.66,81.76,0.0,13740.63,723.19
ORD-2024-15978,P0319,WH_NAGPUR_C,4,242.44,918.44,17.21,0.0,1178.09,294.52
ORD-2024-15979,P0952,WH_DELHI_N,27,13448.429999999998,720.74,116.18,0.0,14285.35,529.09
ORD-2024-15980,P0790,WH_DELHI_N,13,5621.98,1597.56,55.94,0.0,7275.48,559.65
ORD-2024-15981,P0530,WH_MUMBAI_W,38,2367.78,1358.84,163.51,0.0,3890.13,102.37
ORD-2024-15982,P0834,WH_BLR_S,21,13418.37,1559.71,90.36,0.0,15068.44,717.54
ORD-2024-15983,P0641,WH_MUMBAI_W,26,13767.0,1065.26,111.88,0.0,14944.14,574.77
ORD-2024-15984,P0005,WH_MUMBAI_W,45,15970.05,538.66,193.63,0.0,16702.34,371.16
ORD-2024-15985,P0479,WH_DELHI_N,23,15999.72,1228.59,98.97,0.0,17327.28,753.36
ORD-2024-15986,P0867,WH_NAGPUR_C,30,23402.4,1402.02,129.09,0.0,24933.51,831.12
ORD-2024-15987,P0596,WH_NAGPUR_C,31,7393.1900000000005,570.62,133.39,0.0,8097.2,261.2
ORD-2024-15988,P0596,WH_KOLKATA_E,31,7393.1900000000005,1010.18,133.39,0.0,8536.76,275.38
ORD-2024-15989,P0673,WH_NAGPUR_C,16,7954.24,224.59,68.85,0.0,8247.68,515.48
ORD-2024-15990,P0335,WH_KOLKATA_E,42,35371.14,363.13,180.72,0.0,35914.99,855.12
ORD-2024-15991,P0876,WH_MUMBAI_W,41,18115.03,849.3,176.42,0.0,19140.75,466.85
ORD-2024-15992,P0834,WH_BLR_S,7,4472.79,840.49,30.12,0.0,5343.4,763.34
ORD-2024-15993,P0297,WH_MUMBAI_W,17,7561.09,672.41,73.15,0.0,8306.65,488.63
ORD-2024-15994,P0266,WH_NAGPUR_C,24,5040.4800000000005,300.66,103.27,0.0,5444.41,226.85
ORD-2024-15995,P0088,WH_MUMBAI_W,20,4077.4,1311.07,86.06,0.0,5474.53,273.73
ORD-2024-15996,P0116,WH_MUMBAI_W,39,6876.09,668.42,167.82,0.0,7712.33,197.75
ORD-2024-15997,P0119,WH_KOLKATA_E,27,6215.4,1515.46,116.18,0.0,7847.04,290.63
ORD-2024-15998,P0763,WH_DELHI_N,2,1649.74,488.94,8.61,0.0,2147.29,1073.64
ORD-2024-15999,P0247,WH_BLR_S,1,38.17,1083.15,4.3,0.0,1125.62,1125.62
ORD-2024-16000,P0554,WH_MUMBAI_W,34,24869.98,792.29,146.3,0.0,25808.57,759.08
ORD-2024-16001,P0560,WH_KOLKATA_E,27,979.5600000000001,172.96,116.18,0.0,1268.7,46.99
ORD-2024-16002,P0466,WH_DELHI_N,37,8208.08,1054.87,159.21,0.0,9422.16,254.65
ORD-2024-16003,P0998,WH_BLR_S,6,404.82,191.38,25.82,0.0,622.02,103.67
ORD-2024-16004,P0688,WH_KOLKATA_E,38,7179.72,283.0,163.51,0.0,7626.23,200.69
ORD-2024-16005,P0700,WH_DELHI_N,27,22184.55,1104.02,116.18,0.0,23404.75,866.84
ORD-2024-16006,P0598,WH_KOLKATA_E,48,10435.68,885.77,206.54,0.0,11527.99,240.17
ORD-2024-16007,P0119,WH_NAGPUR_C,16,3683.2,1482.18,68.85,0.0,5234.23,327.14
ORD-2024-16008,P0524,WH_MUMBAI_W,35,5226.900000000001,823.46,150.6,0.0,6200.96,177.17
ORD-2024-16009,P0116,WH_NAGPUR_C,27,4760.37,1559.6,116.18,0.0,6436.15,238.38
ORD-2024-16010,P0109,WH_NAGPUR_C,35,15898.75,143.15,150.6,0.0,16192.5,462.64
ORD-2024-16011,P0666,WH_DELHI_N,36,22528.079999999998,1528.46,154.91,0.0,24211.45,672.54
ORD-2024-16012,P0545,WH_BLR_S,38,11082.32,344.67,163.51,0.0,11590.5,305.01
ORD-2024-16013,P0521,WH_BLR_S,28,16235.240000000002,429.22,120.48,0.0,16784.94,599.46
ORD-2024-16014,P0927,WH_MUMBAI_W,3,281.67,732.47,12.91,0.0,1027.05,342.35
ORD-2024-16015,P0294,WH_DELHI_N,41,1553.8999999999999,1154.7,176.42,0.0,2885.02,70.37
ORD-2024-16016,P0567,WH_MUMBAI_W,31,11450.16,1081.36,133.39,0.0,12664.91,408.55
ORD-2024-16017,P0160,WH_BLR_S,3,2397.93,670.87,12.91,0.0,3081.71,1027.24
ORD-2024-16018,P0540,WH_DELHI_N,38,15049.9,1018.95,163.51,0.0,16232.36,427.17
ORD-2024-16019,P0491,WH_BLR_S,24,1371.3600000000001,681.18,103.27,0.0,2155.81,89.83
ORD-2024-16020,P0809,WH_MUMBAI_W,26,7251.92,327.75,111.88,0.0,7691.55,295.83
ORD-2024-16021,P0364,WH_KOLKATA_E,41,34289.12,206.17,176.42,0.0,34671.71,845.65
ORD-2024-16022,P0913,WH_NAGPUR_C,47,30530.730000000003,1200.72,202.24,0.0,31933.69,679.44
ORD-2024-16023,P0432,WH_NAGPUR_C,28,21386.68,975.09,120.48,0.0,22482.25,802.94
ORD-2024-16024,P0988,WH_KOLKATA_E,9,7361.82,904.69,38.73,0.0,8305.24,922.8
ORD-2024-16025,P0596,WH_MUMBAI_W,37,8824.130000000001,808.09,159.21,0.0,9791.43,264.63
ORD-2024-16026,P0247,WH_KOLKATA_E,27,1030.5900000000001,768.99,116.18,0.0,1915.76,70.95
ORD-2024-16027,P0700,WH_BLR_S,48,39439.2,231.58,206.54,0.0,39877.32,830.78
ORD-2024-16028,P0971,WH_MUMBAI_W,3,1697.91,1102.27,12.91,0.0,2813.09,937.7
ORD-2024-16029,P0079,WH_DELHI_N,41,1921.6699999999998,1525.04,176.42,0.0,3623.13,88.37
ORD-2024-16030,P0589,WH_NAGPUR_C,49,14080.150000000001,374.88,210.85,0.0,14665.88,299.3
ORD-2024-16031,P0837,WH_MUMBAI_W,28,18206.16,1352.18,120.48,0.0,19678.82,702.82
ORD-2024-16032,P0466,WH_BLR_S,32,7098.88,788.78,137.69,0.0,8025.35,250.79
ORD-2024-16033,P0533,WH_DELHI_N,35,6212.5,1233.48,150.6,0.0,7596.58,217.05
ORD-2024-16034,P0449,WH_DELHI_N,7,2188.5499999999997,879.34,30.12,0.0,3098.01,442.57
ORD-2024-16035,P0119,WH_MUMBAI_W,7,1611.3999999999999,491.71,30.12,0.0,2133.23,304.75
ORD-2024-16036,P0297,WH_MUMBAI_W,21,9340.17,771.82,90.36,0.0,10202.35,485.83
ORD-2024-16037,P0119,WH_MUMBAI_W,32,7366.4,355.3,137.69,0.0,7859.39,245.61
ORD-2024-16038,P0458,WH_DELHI_N,38,31000.399999999998,133.39,163.51,0.0,31297.3,823.61
ORD-2024-16039,P0202,WH_DELHI_N,20,5768.6,95.6674,86.06,0.0,5950.33,297.52
ORD-2024-16040,P0926,WH_NAGPUR_C,8,4344.08,1632.7206,34.42,0.0,6011.22,751.4
ORD-2024-16041,P0119,WH_KOLKATA_E,4,920.8,1509.27,17.21,0.0,2447.28,611.82
ORD-2024-16042,P0909,WH_BLR_S,26,8600.279999999999,213.7,111.88,0.0,8925.86,343.3
ORD-2024-16043,P0213,WH_DELHI_N,15,6458.7,334.39,64.54,0.0,6857.63,457.18
ORD-2024-16044,P0176,WH_DELHI_N,6,678.42,814.61,25.82,0.0,1518.85,253.14
ORD-2024-16045,P0589,WH_MUMBAI_W,48,13792.800000000001,1077.96,206.54,0.0,15077.3,314.11
ORD-2024-16046,P0198,WH_MUMBAI_W,32,22947.84,394.39,137.69,0.0,23479.92,733.75
ORD-2024-16047,P0565,WH_BLR_S,5,593.05,462.25,21.51,0.0,1076.81,215.36
ORD-2024-16048,P0662,WH_BLR_S,44,32258.6,995.75,189.33,0.0,33443.68,760.08
ORD-2024-16049,P0925,WH_BLR_S,46,11051.04,188.11,197.94,0.0,11437.09,248.63
ORD-2024-16050,P0876,WH_KOLKATA_E,6,2650.98,932.37,25.82,0.0,3609.17,601.53
ORD-2024-16051,P0228,WH_NAGPUR_C,3,765.21,1415.05,12.91,0.0,2193.17,731.06
ORD-2024-16052,P0152,WH_KOLKATA_E,29,7221.58,1623.77,124.79,0.0,8970.14,309.32
ORD-2024-16053,P0193,WH_MUMBAI_W,19,6805.040000000001,925.21,81.76,0.0,7812.01,411.16
ORD-2024-16054,P0429,WH_NAGPUR_C,10,7161.1,713.64,43.03,0.0,7917.77,791.78
ORD-2024-16055,P0641,WH_KOLKATA_E,7,3706.5,1279.54,30.12,0.0,5016.16,716.59
ORD-2024-16056,P0404,WH_BLR_S,45,28211.85,1516.95,193.63,0.0,29922.43,664.94
ORD-2024-16057,P0719,WH_NAGPUR_C,1,234.29,855.58,4.3,0.0,1094.17,1094.17
ORD-2024-16058,P0335,WH_MUMBAI_W,1,842.17,1413.22,4.3,0.0,2259.69,2259.69
ORD-2024-16059,P0809,WH_MUMBAI_W,17,4741.64,699.6,73.15,0.0,5514.39,324.38
ORD-2024-16060,P0666,WH_NAGPUR_C,22,13767.16,813.12,94.67,0.0,14674.95,667.04
ORD-2024-16061,P0079,WH_MUMBAI_W,36,1687.32,935.58,154.91,0.0,2777.81,77.16
ORD-2024-16062,P0076,WH_KOLKATA_E,14,3237.64,822.87,60.24,0.0,4120.75,294.34
ORD-2024-16063,P0332,WH_NAGPUR_C,6,3817.7999999999997,514.39,25.82,0.0,4358.01,726.34
ORD-2024-16064,P0780,WH_DELHI_N,30,19165.2,1436.02,129.09,0.0,20730.31,691.01
ORD-2024-16065,P0608,WH_NAGPUR_C,46,38423.34,1559.96,197.94,0.0,40181.24,873.51
ORD-2024-16066,P0139,WH_BLR_S,47,28115.4,868.31,202.24,0.0,29185.95,620.98
ORD-2024-16067,P0824,WH_NAGPUR_C,33,27230.94,1245.16,142.0,0.0,28618.1,867.22
ORD-2024-16068,P0904,WH_KOLKATA_E,20,4430.8,449.25,86.06,0.0,4966.11,248.31
ORD-2024-16069,P0479,WH_NAGPUR_C,16,11130.24,1180.53,68.85,0.0,12379.62,773.73
ORD-2024-16070,P0988,WH_BLR_S,4,3271.92,651.11,17.21,0.0,3940.24,985.06
ORD-2024-16071,P0088,WH_MUMBAI_W,34,6931.58,464.62,146.3,0.0,7542.5,221.84
ORD-2024-16072,P0673,WH_KOLKATA_E,1,497.14,804.29,4.3,0.0,1305.73,1305.73
ORD-2024-16073,P0222,WH_MUMBAI_W,13,2457.52,243.76,55.94,0.0,2757.22,212.09
ORD-2024-16074,P0189,WH_KOLKATA_E,48,30534.239999999998,605.18,206.54,0.0,31345.96,653.04
ORD-2024-16075,P0064,WH_NAGPUR_C,8,2013.2,487.03,34.42,0.0,2534.65,316.83
ORD-2024-16076,P0517,WH_MUMBAI_W,22,6555.780000000001,945.66,94.67,0.0,7596.11,345.28
ORD-2024-16077,P0300,WH_BLR_S,4,1615.52,888.5,17.21,0.0,2521.23,630.31
ORD-2024-16078,P0487,WH_MUMBAI_W,34,1502.8000000000002,1216.43,146.3,0.0,2865.53,84.28
ORD-2024-16079,P0218,WH_BLR_S,45,36960.3,244.84,193.63,0.0,37398.77,831.08
ORD-2024-16080,P0030,WH_MUMBAI_W,37,14360.81,749.01,159.21,0.0,15269.03,412.68
ORD-2024-16081,P0627,WH_KOLKATA_E,23,19416.600000000002,183.6,98.97,0.0,19699.17,856.49
ORD-2024-16082,P0598,WH_BLR_S,20,4348.2,1393.55,86.06,0.0,5827.81,291.39
ORD-2024-16083,P0866,WH_BLR_S,24,13424.16,1570.71,103.27,0.0,15098.14,629.09
ORD-2024-16084,P0064,WH_KOLKATA_E,27,6794.55,1595.82,116.18,0.0,8506.55,315.06
ORD-2024-16085,P0005,WH_KOLKATA_E,13,4613.57,957.62,55.94,0.0,5627.13,432.86
ORD-2024-16086,P0228,WH_NAGPUR_C,5,1275.35,1428.15,21.51,0.0,2725.01,545.0
ORD-2024-16087,P0754,WH_MUMBAI_W,16,11514.72,808.32,68.85,0.0,12391.89,774.49
ORD-2024-16088,P0907,WH_MUMBAI_W,38,5854.28,390.07,163.51,0.0,6407.86,168.63
ORD-2024-16089,P0583,WH_DELHI_N,48,19637.760000000002,1366.31,206.54,0.0,21210.61,441.89
ORD-2024-16090,P0925,WH_DELHI_N,29,6966.96,271.85,124.79,0.0,7363.6,253.92
ORD-2024-16091,P0191,WH_DELHI_N,26,2384.2000000000003,978.29,111.88,0.0,3474.37,133.63
ORD-2024-16092,P0062,WH_DELHI_N,22,2652.98,1497.03,94.67,0.0,4244.68,192.94
ORD-2024-16093,P0432,WH_DELHI_N,24,18331.44,510.16,103.27,0.0,18944.87,789.37
ORD-2024-16094,P0465,WH_MUMBAI_W,13,7709.13,595.09,55.94,0.0,8360.16,643.09
ORD-2024-16095,P0109,WH_KOLKATA_E,43,19532.75,241.14,185.03,0.0,19958.92,464.16
ORD-2024-16096,P0592,WH_KOLKATA_E,21,13308.96,868.89,90.36,0.0,14268.21,679.44
ORD-2024-16097,P0368,WH_MUMBAI_W,1,818.79,1191.66,4.3,0.0,2014.75,2014.75
ORD-2024-16098,P0524,WH_KOLKATA_E,4,597.36,1002.7,17.21,0.0,1617.27,404.32
ORD-2024-16099,P0279,WH_DELHI_N,3,2078.16,522.29,12.91,0.0,2613.36,871.12
ORD-2024-16100,P0627,WH_DELHI_N,23,19416.600000000002,891.24,98.97,0.0,20406.81,887.25
ORD-2024-16101,P0261,WH_DELHI_N,16,7041.44,1390.98,68.85,0.0,8501.27,531.33
ORD-2024-16102,P0088,WH_BLR_S,45,9174.15,1626.73,193.63,0.0,10994.51,244.32
ORD-2024-16103,P0521,WH_NAGPUR_C,13,7537.790000000001,656.5,55.94,0.0,8250.23,634.63
ORD-2024-16104,P0109,WH_DELHI_N,39,17715.75,1139.44,167.82,0.0,19023.01,487.77
ORD-2024-16105,P0821,WH_MUMBAI_W,31,15354.300000000001,1339.81,133.39,0.0,16827.5,542.82
ORD-2024-16106,P0491,WH_DELHI_N,24,1371.3600000000001,1193.94,103.27,0.0,2668.57,111.19
ORD-2024-16107,P0584,WH_DELHI_N,47,22562.82,1412.37,202.24,0.0,24177.43,514.41
ORD-2024-16108,P0213,WH_BLR_S,15,6458.7,1177.63,64.54,0.0,7700.87,513.39
ORD-2024-16109,P0754,WH_MUMBAI_W,5,3598.35,462.23,21.51,0.0,4082.09,816.42
ORD-2024-16110,P0975,WH_NAGPUR_C,49,2057.02,957.11,210.85,0.0,3224.98,65.82
ORD-2024-16111,P0230,WH_MUMBAI_W,22,7713.64,971.25,94.67,0.0,8779.56,399.07
ORD-2024-16112,P0521,WH_NAGPUR_C,22,12756.26,535.47,94.67,0.0,13386.4,608.47
ORD-2024-16113,P0116,WH_KOLKATA_E,11,1939.41,315.24,47.33,0.0,2301.98,209.27
ORD-2024-16114,P0404,WH_BLR_S,24,15046.32,1379.12,103.27,0.0,16528.71,688.7
ORD-2024-16115,P0103,WH_KOLKATA_E,45,5841.9,1361.59,193.63,0.0,7397.12,164.38
ORD-2024-16116,P0432,WH_BLR_S,10,7638.099999999999,136.54,43.03,0.0,7817.67,781.77
ORD-2024-16117,P0030,WH_BLR_S,47,18242.11,1149.5,202.24,0.0,19593.85,416.89
ORD-2024-16118,P0102,WH_DELHI_N,34,3175.26,1098.29,146.3,0.0,4419.85,130.0
ORD-2024-16119,P0213,WH_MUMBAI_W,11,4736.38,683.28,47.33,0.0,5466.99,497.0
ORD-2024-16120,P0189,WH_NAGPUR_C,43,27353.59,1376.64,185.03,0.0,28915.26,672.45
ORD-2024-16121,P0116,WH_DELHI_N,29,5112.99,1351.64,124.79,0.0,6589.42,227.22
ORD-2024-16122,P0780,WH_DELHI_N,22,14054.480000000001,1438.7,94.67,0.0,15587.85,708.54
ORD-2024-16123,P0892,WH_NAGPUR_C,33,2077.35,290.08,142.0,0.0,2509.43,76.04
ORD-2024-16124,P0693,WH_NAGPUR_C,8,3266.88,759.63,34.42,0.0,4060.93,507.62
ORD-2024-16125,P0709,WH_DELHI_N,49,23678.27,95.6674,210.85,0.0,23984.79,489.49
ORD-2024-16126,P0595,WH_MUMBAI_W,32,7609.6,1127.21,137.69,0.0,8874.5,277.33
ORD-2024-16127,P0103,WH_KOLKATA_E,40,5192.799999999999,659.44,172.12,0.0,6024.36,150.61
ORD-2024-16128,P0637,WH_MUMBAI_W,45,16641.45,1262.71,193.63,0.0,18097.79,402.17
ORD-2024-16129,P0080,WH_KOLKATA_E,23,6729.339999999999,1276.68,98.97,0.0,8104.99,352.39
ORD-2024-16130,P0876,WH_BLR_S,5,2209.15,208.09,21.51,0.0,2438.75,487.75
ORD-2024-16131,P0189,WH_BLR_S,31,19720.03,1543.62,133.39,0.0,21397.04,690.23
ORD-2024-16132,P0988,WH_MUMBAI_W,29,23721.420000000002,763.99,124.79,0.0,24610.2,848.63
ORD-2024-16133,P0709,WH_BLR_S,6,2899.38,1601.37,25.82,0.0,4526.57,754.43
ORD-2024-16134,P0965,WH_DELHI_N,25,6166.25,318.6,107.57,0.0,6592.42,263.7
ORD-2024-16135,P0297,WH_KOLKATA_E,25,11119.25,647.21,107.57,0.0,11874.03,474.96
ORD-2024-16136,P0492,WH_MUMBAI_W,31,21442.7,693.84,133.39,0.0,22269.93,718.38
ORD-2024-16137,P0674,WH_MUMBAI_W,14,3514.28,1597.29,60.24,0.0,5171.81,369.42
ORD-2024-16138,P0909,WH_MUMBAI_W,17,5623.259999999999,202.29,73.15,0.0,5898.7,346.98
ORD-2024-16139,P0809,WH_KOLKATA_E,16,4462.72,967.97,68.85,0.0,5499.54,343.72
ORD-2024-16140,P0544,WH_NAGPUR_C,28,12775.0,310.54,120.48,0.0,13206.02,471.64
ORD-2024-16141,P0530,WH_KOLKATA_E,9,560.79,459.53,38.73,0.0,1059.05,117.67
ORD-2024-16142,P0038,WH_MUMBAI_W,2,793.4,1153.93,8.61,0.0,1955.94,977.97
ORD-2024-16143,P0069,WH_NAGPUR_C,4,402.64,472.57,17.21,0.0,892.42,223.1
ORD-2024-16144,P0780,WH_NAGPUR_C,20,12776.800000000001,434.61,86.06,0.0,13297.47,664.87
ORD-2024-16145,P0981,WH_KOLKATA_E,41,2596.12,1134.25,176.42,0.0,3906.79,95.29
ORD-2024-16146,P0300,WH_KOLKATA_E,36,14539.68,1282.83,154.91,0.0,15977.42,443.82
ORD-2024-16147,P0918,WH_NAGPUR_C,37,16066.51,190.71,159.21,0.0,16416.43,443.69
ORD-2024-16148,P0524,WH_KOLKATA_E,6,896.04,430.02,25.82,0.0,1351.88,225.31
ORD-2024-16149,P0911,WH_MUMBAI_W,1,29.18,901.43,4.3,0.0,934.91,934.91
ORD-2024-16150,P0188,WH_DELHI_N,45,36039.6,1560.84,193.63,0.0,37794.07,839.87
ORD-2024-16151,P0247,WH_NAGPUR_C,3,114.51,636.48,12.91,0.0,763.9,254.63
ORD-2024-16152,P0154,WH_DELHI_N,37,13902.75,503.64,159.21,0.0,14565.6,393.66
ORD-2024-16153,P0084,WH_BLR_S,45,36863.1,165.09,193.63,0.0,37221.82,827.15
ORD-2024-16154,P0205,WH_DELHI_N,42,23296.559999999998,501.58,180.72,0.0,23978.86,570.93
ORD-2024-16155,P0672,WH_NAGPUR_C,3,746.58,875.66,12.91,0.0,1635.15,545.05
ORD-2024-16156,P0105,WH_DELHI_N,43,29270.960000000003,446.18,185.03,0.0,29902.17,695.4
ORD-2024-16157,P0925,WH_KOLKATA_E,33,7927.92,926.21,142.0,0.0,8996.13,272.61
ORD-2024-16158,P0867,WH_DELHI_N,15,11701.2,671.55,64.54,0.0,12437.29,829.15
ORD-2024-16159,P0150,WH_DELHI_N,4,898.12,522.26,17.21,0.0,1437.59,359.4
ORD-2024-16160,P0567,WH_BLR_S,15,5540.400000000001,1078.37,64.54,0.0,6683.31,445.55
ORD-2024-16161,P0893,WH_DELHI_N,7,3987.62,1099.77,30.12,0.0,5117.51,731.07
ORD-2024-16162,P0062,WH_BLR_S,47,5667.7300000000005,1506.94,202.24,0.0,7376.91,156.96
ORD-2024-16163,P0342,WH_DELHI_N,4,565.04,955.74,17.21,0.0,1537.99,384.5
ORD-2024-16164,P0470,WH_MUMBAI_W,3,2146.5,1597.31,12.91,0.0,3756.72,1252.24
ORD-2024-16165,P0780,WH_DELHI_N,23,14693.320000000002,476.38,98.97,0.0,15268.67,663.86
ORD-2024-16166,P0342,WH_KOLKATA_E,14,1977.6399999999999,831.41,60.24,0.0,2869.29,204.95
ORD-2024-16167,P0115,WH_DELHI_N,6,4597.86,748.45,25.82,0.0,5372.13,895.36
ORD-2024-16168,P0666,WH_NAGPUR_C,33,20650.739999999998,1220.31,142.0,0.0,22013.05,667.06
ORD-2024-16169,P0821,WH_KOLKATA_E,9,4457.7,560.28,38.73,0.0,5056.71,561.86
ORD-2024-16170,P0837,WH_BLR_S,12,7802.64,269.78,51.64,0.0,8124.06,677.0
ORD-2024-16171,P0746,WH_BLR_S,35,20624.45,853.58,150.6,0.0,21628.63,617.96
ORD-2024-16172,P0356,WH_DELHI_N,31,25409.46,1039.44,133.39,0.0,26582.29,857.49
ORD-2024-16173,P0342,WH_BLR_S,3,423.78,1114.86,12.91,0.0,1551.55,517.18
ORD-2024-16174,P0266,WH_NAGPUR_C,46,9660.92,1198.31,197.94,0.0,11057.17,240.37
ORD-2024-16175,P0641,WH_BLR_S,36,19062.0,1180.45,154.91,0.0,20397.36,566.59
ORD-2024-16176,P0893,WH_NAGPUR_C,13,7405.58,274.63,55.94,0.0,7736.15,595.09
ORD-2024-16177,P0021,WH_DELHI_N,13,3214.51,1244.99,55.94,0.0,4515.44,347.34
ORD-2024-16178,P0791,WH_BLR_S,34,11578.019999999999,1014.39,146.3,0.0,12738.71,374.67
ORD-2024-16179,P0641,WH_MUMBAI_W,21,11119.5,188.45,90.36,0.0,11398.31,542.78
ORD-2024-16180,P0981,WH_DELHI_N,34,2152.88,408.91,146.3,0.0,2708.09,79.65
ORD-2024-16181,P0569,WH_BLR_S,42,26082.84,506.47,180.72,0.0,26770.03,637.38
ORD-2024-16182,P0952,WH_NAGPUR_C,43,21417.87,342.91,185.03,0.0,21945.81,510.37
ORD-2024-16183,P0088,WH_KOLKATA_E,28,5708.360000000001,296.48,120.48,0.0,6125.32,218.76
ORD-2024-16184,P0971,WH_NAGPUR_C,47,26600.59,1399.96,202.24,0.0,28202.79,600.06
ORD-2024-16185,P0913,WH_DELHI_N,35,22735.65,719.59,150.6,0.0,23605.84,674.45
ORD-2024-16186,P0261,WH_NAGPUR_C,14,6161.259999999999,846.63,60.24,0.0,7068.13,504.87
ORD-2024-16187,P0231,WH_NAGPUR_C,18,10710.36,1383.27,77.45,0.0,12171.08,676.17
ORD-2024-16188,P0857,WH_BLR_S,19,9830.6,631.07,81.76,0.0,10543.43,554.92
ORD-2024-16189,P0911,WH_KOLKATA_E,19,554.42,487.49,81.76,0.0,1123.67,59.14
ORD-2024-16190,P0408,WH_DELHI_N,33,5598.45,414.53,142.0,0.0,6154.98,186.51
ORD-2024-16191,P0363,WH_DELHI_N,35,24081.05,218.14,150.6,0.0,24449.79,698.57
ORD-2024-16192,P0998,WH_BLR_S,20,1349.4,480.09,86.06,0.0,1915.55,95.78
ORD-2024-16193,P0337,WH_BLR_S,29,9631.77,1381.71,124.79,0.0,11138.27,384.08
ORD-2024-16194,P0956,WH_KOLKATA_E,8,5699.12,976.14,34.42,0.0,6709.68,838.71
ORD-2024-16195,P0154,WH_NAGPUR_C,25,9393.75,937.47,107.57,0.0,10438.79,417.55
ORD-2024-16196,P0824,WH_DELHI_N,17,14028.06,633.43,73.15,0.0,14734.64,866.74
ORD-2024-16197,P0673,WH_NAGPUR_C,1,497.14,845.16,4.3,0.0,1346.6,1346.6
ORD-2024-16198,P0904,WH_BLR_S,38,8418.52,1092.99,163.51,0.0,9675.02,254.61
ORD-2024-16199,P0116,WH_MUMBAI_W,49,8639.19,694.93,210.85,0.0,9544.97,194.8
ORD-2024-16200,P0091,WH_NAGPUR_C,30,19995.6,631.4,129.09,0.0,20756.09,691.87
ORD-2024-16201,P0754,WH_MUMBAI_W,28,20150.76,474.11,120.48,0.0,20745.35,740.91
ORD-2024-16202,P0867,WH_DELHI_N,33,25742.640000000003,434.91,142.0,0.0,26319.55,797.56
ORD-2024-16203,P0021,WH_KOLKATA_E,13,3214.51,951.51,55.94,0.0,4221.96,324.77
ORD-2024-16204,P0363,WH_DELHI_N,24,16512.72,219.05,103.27,0.0,16835.04,701.46
ORD-2024-16205,P0911,WH_BLR_S,44,1283.92,259.81,189.33,0.0,1733.06,39.39
ORD-2024-16206,P0131,WH_KOLKATA_E,37,2863.8,1025.83,159.21,0.0,4048.84,109.43
ORD-2024-16207,P0822,WH_KOLKATA_E,22,9363.86,1353.48,94.67,0.0,10812.01,491.46
ORD-2024-16208,P0988,WH_NAGPUR_C,13,10633.74,495.41,55.94,0.0,11185.09,860.39
ORD-2024-16209,P0430,WH_BLR_S,40,22228.4,95.6674,172.12,0.0,22496.19,562.4
ORD-2024-16210,P0364,WH_NAGPUR_C,12,10035.84,1130.4,51.64,0.0,11217.88,934.82
ORD-2024-16211,P0962,WH_KOLKATA_E,41,4984.78,260.7,176.42,0.0,5421.9,132.24
ORD-2024-16212,P0688,WH_BLR_S,49,9258.06,602.14,210.85,0.0,10071.05,205.53
ORD-2024-16213,P0790,WH_MUMBAI_W,46,19893.16,784.91,197.94,0.0,20876.01,453.83
ORD-2024-16214,P0554,WH_MUMBAI_W,7,5120.29,1227.4,30.12,0.0,6377.81,911.12
ORD-2024-16215,P0836,WH_NAGPUR_C,36,13728.6,1198.9,154.91,0.0,15082.41,418.96
ORD-2024-16216,P0709,WH_NAGPUR_C,29,14013.67,771.21,124.79,0.0,14909.67,514.13
ORD-2024-16217,P0056,WH_MUMBAI_W,29,19749.87,1490.46,124.79,0.0,21365.12,736.73
ORD-2024-16218,P0837,WH_MUMBAI_W,26,16905.72,585.44,111.88,0.0,17603.04,677.04
ORD-2024-16219,P0280,WH_BLR_S,27,14653.98,829.54,116.18,0.0,15599.7,577.77
ORD-2024-16220,P0449,WH_BLR_S,24,7503.599999999999,757.75,103.27,0.0,8364.62,348.53
ORD-2024-16221,P0476,WH_KOLKATA_E,31,16525.48,1029.95,133.39,0.0,17688.82,570.61
ORD-2024-16222,P0159,WH_MUMBAI_W,7,2776.6200000000003,733.07,30.12,0.0,3539.81,505.69
ORD-2024-16223,P0335,WH_BLR_S,17,14316.89,1404.4,73.15,0.0,15794.44,929.08
ORD-2024-16224,P0080,WH_KOLKATA_E,49,14336.42,1329.96,210.85,0.0,15877.23,324.03
ORD-2024-16225,P0596,WH_KOLKATA_E,33,7870.17,697.97,142.0,0.0,8710.14,263.94
ORD-2024-16226,P0449,WH_KOLKATA_E,34,10630.099999999999,201.87,146.3,0.0,10978.27,322.89
ORD-2024-16227,P0892,WH_DELHI_N,18,1133.1000000000001,954.99,77.45,0.0,2165.54,120.31
ORD-2024-16228,P0914,WH_KOLKATA_E,41,15885.449999999999,418.83,176.42,0.0,16480.7,401.97
ORD-2024-16229,P0005,WH_BLR_S,5,1774.4499999999998,538.3,21.51,0.0,2334.26,466.85
ORD-2024-16230,P0150,WH_DELHI_N,1,224.53,717.94,4.3,0.0,946.77,946.77
ORD-2024-16231,P0673,WH_KOLKATA_E,7,3479.98,1344.08,30.12,0.0,4854.18,693.45
ORD-2024-16232,P0914,WH_MUMBAI_W,34,13173.3,1209.52,146.3,0.0,14529.12,427.33
ORD-2024-16233,P0222,WH_MUMBAI_W,3,567.12,934.01,12.91,0.0,1514.04,504.68
ORD-2024-16234,P0716,WH_BLR_S,36,13362.12,1197.45,154.91,0.0,14714.48,408.74
ORD-2024-16235,P0230,WH_KOLKATA_E,35,12271.7,640.53,150.6,0.0,13062.83,373.22
ORD-2024-16236,P0867,WH_DELHI_N,12,9360.960000000001,847.75,51.64,0.0,10260.35,855.03
ORD-2024-16237,P0911,WH_BLR_S,15,437.7,152.18,64.54,0.0,654.42,43.63
ORD-2024-16238,P0568,WH_KOLKATA_E,4,3025.84,179.47,17.21,0.0,3222.52,805.63
ORD-2024-16239,P0755,WH_BLR_S,33,20052.45,384.2,142.0,0.0,20578.65,623.6
ORD-2024-16240,P0521,WH_MUMBAI_W,16,9277.28,1238.85,68.85,0.0,10584.98,661.56
ORD-2024-16241,P0904,WH_MUMBAI_W,29,6424.66,1518.33,124.79,0.0,8067.78,278.2
ORD-2024-16242,P0247,WH_KOLKATA_E,6,229.02,1149.12,25.82,0.0,1403.96,233.99
ORD-2024-16243,P0228,WH_DELHI_N,49,12498.43,95.86,210.85,0.0,12805.14,261.33
ORD-2024-16244,P0712,WH_NAGPUR_C,37,9464.6,1085.67,159.21,0.0,10709.48,289.45
ORD-2024-16245,P0476,WH_KOLKATA_E,23,12260.84,453.97,98.97,0.0,12813.78,557.12
ORD-2024-16246,P0925,WH_NAGPUR_C,13,3123.12,1512.37,55.94,0.0,4691.43,360.88
ORD-2024-16247,P0884,WH_BLR_S,44,12510.96,1136.98,189.33,0.0,13837.27,314.48
ORD-2024-16248,P0852,WH_MUMBAI_W,1,661.3,641.17,4.3,0.0,1306.77,1306.77
ORD-2024-16249,P0022,WH_BLR_S,12,6949.799999999999,762.53,51.64,0.0,7763.97,647.0
ORD-2024-16250,P0466,WH_KOLKATA_E,27,5989.68,1180.16,116.18,0.0,7286.02,269.85
ORD-2024-16251,P0867,WH_NAGPUR_C,25,19502.0,1544.57,107.57,0.0,21154.14,846.17
ORD-2024-16252,P0280,WH_KOLKATA_E,22,11940.28,549.66,94.67,0.0,12584.61,572.03
ORD-2024-16253,P0712,WH_NAGPUR_C,34,8697.2,1235.33,146.3,0.0,10078.83,296.44
ORD-2024-16254,P0533,WH_BLR_S,18,3195.0,1153.69,77.45,0.0,4426.14,245.9
ORD-2024-16255,P0103,WH_DELHI_N,41,5322.62,380.82,176.42,0.0,5879.86,143.41
ORD-2024-16256,P0027,WH_KOLKATA_E,16,8292.32,398.33,68.85,0.0,8759.5,547.47
ORD-2024-16257,P0231,WH_NAGPUR_C,29,17255.579999999998,420.89,124.79,0.0,17801.26,613.84
ORD-2024-16258,P0332,WH_KOLKATA_E,30,19089.0,343.72,129.09,0.0,19561.81,652.06
ORD-2024-16259,P0688,WH_MUMBAI_W,30,5668.2,488.97,129.09,0.0,6286.26,209.54
ORD-2024-16260,P0783,WH_NAGPUR_C,20,10966.800000000001,382.63,86.06,0.0,11435.49,571.77
ORD-2024-16261,P0852,WH_BLR_S,47,31081.1,469.06,202.24,0.0,31752.4,675.58
ORD-2024-16262,P0202,WH_MUMBAI_W,22,6345.46,553.92,94.67,0.0,6994.05,317.91
ORD-2024-16263,P0342,WH_NAGPUR_C,42,5932.92,951.84,180.72,0.0,7065.48,168.23
ORD-2024-16264,P0357,WH_DELHI_N,34,16510.059999999998,719.9,146.3,0.0,17376.26,511.07
ORD-2024-16265,P0449,WH_DELHI_N,4,1250.6,609.66,17.21,0.0,1877.47,469.37
ORD-2024-16266,P0719,WH_NAGPUR_C,31,7262.99,269.29,133.39,0.0,7665.67,247.28
ORD-2024-16267,P0430,WH_NAGPUR_C,14,7779.9400000000005,992.78,60.24,0.0,8832.96,630.93
ORD-2024-16268,P0069,WH_NAGPUR_C,8,805.28,1328.23,34.42,0.0,2167.93,270.99
ORD-2024-16269,P0956,WH_NAGPUR_C,37,26358.43,1067.48,159.21,0.0,27585.12,745.54
ORD-2024-16270,P0432,WH_BLR_S,5,3819.0499999999997,899.9,21.51,0.0,4740.46,948.09
ORD-2024-16271,P0109,WH_KOLKATA_E,8,3634.0,584.9,34.42,0.0,4253.32,531.66
ORD-2024-16272,P0345,WH_NAGPUR_C,11,7739.490000000001,1022.81,47.33,0.0,8809.63,800.88
ORD-2024-16273,P0926,WH_MUMBAI_W,29,15747.289999999999,1054.68,124.79,0.0,16926.76,583.68
ORD-2024-16274,P0062,WH_KOLKATA_E,21,2532.39,625.0,90.36,0.0,3247.75,154.65
ORD-2024-16275,P0866,WH_MUMBAI_W,39,21814.260000000002,1632.7206,167.82,0.0,23614.8,605.51
ORD-2024-16276,P0533,WH_BLR_S,13,2307.5,102.38,55.94,0.0,2465.82,189.68
ORD-2024-16277,P0372,WH_BLR_S,49,31979.85,527.72,210.85,0.0,32718.42,667.72
ORD-2024-16278,P0335,WH_MUMBAI_W,19,16001.23,1627.69,81.76,0.0,17710.68,932.14
ORD-2024-16279,P0627,WH_NAGPUR_C,3,2532.6000000000004,1288.01,12.91,0.0,3833.52,1277.84
ORD-2024-16280,P0581,WH_DELHI_N,34,1315.12,228.84,146.3,0.0,1690.26,49.71
ORD-2024-16281,P0716,WH_KOLKATA_E,38,14104.460000000001,597.31,163.51,0.0,14865.28,391.19
ORD-2024-16282,P0926,WH_MUMBAI_W,19,10317.19,1152.97,81.76,0.0,11551.92,608.0
ORD-2024-16283,P0530,WH_KOLKATA_E,32,1993.92,970.26,137.69,0.0,3101.87,96.93
ORD-2024-16284,P0712,WH_NAGPUR_C,47,12022.6,1482.7,202.24,0.0,13707.54,291.65
ORD-2024-16285,P0712,WH_MUMBAI_W,36,9208.800000000001,1239.07,154.91,0.0,10602.78,294.52
ORD-2024-16286,P0056,WH_BLR_S,39,26560.17,1173.27,167.82,0.0,27901.26,715.42
ORD-2024-16287,P0719,WH_MUMBAI_W,14,3280.06,972.41,60.24,0.0,4312.71,308.05
ORD-2024-16288,P0205,WH_BLR_S,7,3882.7599999999998,1582.4,30.12,0.0,5495.28,785.04
ORD-2024-16289,P0458,WH_KOLKATA_E,20,16316.0,984.62,86.06,0.0,17386.68,869.33
ORD-2024-16290,P0097,WH_BLR_S,32,7381.44,148.82,137.69,0.0,7667.95,239.62
ORD-2024-16291,P0357,WH_NAGPUR_C,46,22337.14,1262.23,197.94,0.0,23797.31,517.33
ORD-2024-16292,P0893,WH_KOLKATA_E,31,17659.46,946.94,133.39,0.0,18739.79,604.51
ORD-2024-16293,P0790,WH_NAGPUR_C,22,9514.119999999999,1407.92,94.67,0.0,11016.71,500.76
ORD-2024-16294,P0091,WH_KOLKATA_E,5,3332.6,813.47,21.51,0.0,4167.58,833.52
ORD-2024-16295,P0202,WH_DELHI_N,31,8941.33,400.05,133.39,0.0,9474.77,305.64
ORD-2024-16296,P0840,WH_MUMBAI_W,15,4908.75,1168.42,64.54,0.0,6141.71,409.45
ORD-2024-16297,P0404,WH_DELHI_N,44,27584.92,1516.59,189.33,0.0,29290.84,665.7
ORD-2024-16298,P0988,WH_NAGPUR_C,17,13905.66,244.92,73.15,0.0,14223.73,836.69
ORD-2024-16299,P0193,WH_NAGPUR_C,37,13251.92,470.37,159.21,0.0,13881.5,375.18
ORD-2024-16300,P0011,WH_KOLKATA_E,19,8104.64,462.38,81.76,0.0,8648.78,455.2
ORD-2024-16301,P0160,WH_BLR_S,10,7993.099999999999,305.28,43.03,0.0,8341.41,834.14
ORD-2024-16302,P0202,WH_KOLKATA_E,44,12690.92,976.33,189.33,0.0,13856.58,314.92
ORD-2024-16303,P0188,WH_MUMBAI_W,34,27229.92,210.06,146.3,0.0,27586.28,811.36
ORD-2024-16304,P0261,WH_BLR_S,49,21564.41,1630.62,210.85,0.0,23405.88,477.67
ORD-2024-16305,P0337,WH_DELHI_N,25,8303.25,374.5,107.57,0.0,8785.32,351.41
ORD-2024-16306,P0332,WH_KOLKATA_E,37,23543.1,252.97,159.21,0.0,23955.28,647.44
ORD-2024-16307,P0530,WH_MUMBAI_W,28,1744.68,615.19,120.48,0.0,2480.35,88.58
ORD-2024-16308,P0994,WH_DELHI_N,15,5037.15,817.95,64.54,0.0,5919.64,394.64
ORD-2024-16309,P0608,WH_BLR_S,20,16705.8,1297.81,86.06,0.0,18089.67,904.48
ORD-2024-16310,P0589,WH_KOLKATA_E,13,3735.55,1175.89,55.94,0.0,4967.38,382.11
ORD-2024-16311,P0372,WH_MUMBAI_W,20,13053.0,1599.79,86.06,0.0,14738.85,736.94
ORD-2024-16312,P0822,WH_KOLKATA_E,43,18302.09,680.04,185.03,0.0,19167.16,445.75
ORD-2024-16313,P0363,WH_MUMBAI_W,31,21328.93,218.92,133.39,0.0,21681.24,699.39
ORD-2024-16314,P0918,WH_MUMBAI_W,18,7816.14,1494.67,77.45,0.0,9388.26,521.57
ORD-2024-16315,P0103,WH_MUMBAI_W,41,5322.62,940.51,176.42,0.0,6439.55,157.06
ORD-2024-16316,P0651,WH_DELHI_N,48,11265.119999999999,784.33,206.54,0.0,12255.99,255.33
ORD-2024-16317,P0971,WH_NAGPUR_C,28,15847.16,790.08,120.48,0.0,16757.72,598.49
ORD-2024-16318,P0608,WH_KOLKATA_E,47,39258.63,424.17,202.24,0.0,39885.04,848.62
ORD-2024-16319,P0458,WH_KOLKATA_E,4,3263.2,616.92,17.21,0.0,3897.33,974.33
ORD-2024-16320,P0598,WH_MUMBAI_W,24,5217.84,536.41,103.27,0.0,5857.52,244.06
ORD-2024-16321,P0079,WH_KOLKATA_E,44,2062.2799999999997,726.16,189.33,0.0,2977.77,67.68
ORD-2024-16322,P0119,WH_MUMBAI_W,45,10359.0,539.97,193.63,0.0,11092.6,246.5
ORD-2024-16323,P0091,WH_NAGPUR_C,9,5998.68,882.62,38.73,0.0,6920.03,768.89
ORD-2024-16324,P0569,WH_KOLKATA_E,47,29187.94,1206.28,202.24,0.0,30596.46,650.99
ORD-2024-16325,P0560,WH_KOLKATA_E,32,1160.96,1600.84,137.69,0.0,2899.49,90.61
ORD-2024-16326,P0598,WH_NAGPUR_C,32,6957.12,358.39,137.69,0.0,7453.2,232.91
ORD-2024-16327,P0105,WH_MUMBAI_W,39,26548.08,1412.98,167.82,0.0,28128.88,721.25
ORD-2024-16328,P0651,WH_MUMBAI_W,21,4928.49,594.69,90.36,0.0,5613.54,267.31
ORD-2024-16329,P0801,WH_MUMBAI_W,44,25955.6,915.62,189.33,0.0,27060.55,615.01
ORD-2024-16330,P0404,WH_MUMBAI_W,42,26331.059999999998,214.69,180.72,0.0,26726.47,636.34
ORD-2024-16331,P0620,WH_MUMBAI_W,39,4626.18,296.87,167.82,0.0,5090.87,130.54
ORD-2024-16332,P0824,WH_MUMBAI_W,46,37958.28,1293.24,197.94,0.0,39449.46,857.6
ORD-2024-16333,P0893,WH_KOLKATA_E,27,15380.82,843.22,116.18,0.0,16340.22,605.19
ORD-2024-16334,P0083,WH_MUMBAI_W,47,25562.36,417.48,202.24,0.0,26182.08,557.07
ORD-2024-16335,P0430,WH_KOLKATA_E,36,20005.56,1466.23,154.91,0.0,21626.7,600.74
ORD-2024-16336,P0064,WH_NAGPUR_C,8,2013.2,1523.38,34.42,0.0,3571.0,446.38
ORD-2024-16337,P0524,WH_KOLKATA_E,19,2837.46,681.86,81.76,0.0,3601.08,189.53
ORD-2024-16338,P0596,WH_DELHI_N,29,6916.21,493.98,124.79,0.0,7534.98,259.83
ORD-2024-16339,P0189,WH_NAGPUR_C,19,12086.47,657.08,81.76,0.0,12825.31,675.02
ORD-2024-16340,P0904,WH_KOLKATA_E,5,1107.7,1164.81,21.51,0.0,2294.02,458.8
ORD-2024-16341,P0956,WH_DELHI_N,22,15672.58,624.54,94.67,0.0,16391.79,745.08
ORD-2024-16342,P0634,WH_NAGPUR_C,35,25728.5,844.3,150.6,0.0,26723.4,763.53
ORD-2024-16343,P0368,WH_DELHI_N,10,8187.9,1555.99,43.03,0.0,9786.92,978.69
ORD-2024-16344,P0598,WH_DELHI_N,15,3261.15,1537.7,64.54,0.0,4863.39,324.23
ORD-2024-16345,P0152,WH_MUMBAI_W,2,498.04,814.85,8.61,0.0,1321.5,660.75
ORD-2024-16346,P0711,WH_DELHI_N,42,31662.96,1478.16,180.72,0.0,33321.84,793.38
ORD-2024-16347,P0915,WH_BLR_S,22,15087.16,665.95,94.67,0.0,15847.78,720.35
ORD-2024-16348,P0637,WH_KOLKATA_E,48,17750.88,871.86,206.54,0.0,18829.28,392.28
ORD-2024-16349,P0837,WH_NAGPUR_C,35,22757.7,433.95,150.6,0.0,23342.25,666.92
ORD-2024-16350,P0569,WH_KOLKATA_E,39,24219.78,523.13,167.82,0.0,24910.73,638.74
ORD-2024-16351,P0975,WH_NAGPUR_C,19,797.6199999999999,1107.53,81.76,0.0,1986.91,104.57
ORD-2024-16352,P0228,WH_MUMBAI_W,47,11988.289999999999,1239.69,202.24,0.0,13430.22,285.75
ORD-2024-16353,P0143,WH_BLR_S,12,7596.599999999999,1008.37,51.64,0.0,8656.61,721.38
ORD-2024-16354,P0056,WH_KOLKATA_E,34,23155.02,991.64,146.3,0.0,24292.96,714.5
ORD-2024-16355,P0193,WH_BLR_S,45,16117.2,562.09,193.63,0.0,16872.92,374.95
ORD-2024-16356,P0371,WH_BLR_S,20,3427.7999999999997,1453.52,86.06,0.0,4967.38,248.37
ORD-2024-16357,P0651,WH_KOLKATA_E,7,1642.83,1146.07,30.12,0.0,2819.02,402.72
ORD-2024-16358,P0161,WH_NAGPUR_C,24,6875.039999999999,1461.55,103.27,0.0,8439.86,351.66
ORD-2024-16359,P0429,WH_MUMBAI_W,3,2148.33,1301.73,12.91,0.0,3462.97,1154.32
ORD-2024-16360,P0567,WH_BLR_S,6,2216.16,792.31,25.82,0.0,3034.29,505.72
ORD-2024-16361,P0801,WH_BLR_S,33,19466.7,1102.27,142.0,0.0,20710.97,627.61
ORD-2024-16362,P0103,WH_NAGPUR_C,34,4413.88,398.2,146.3,0.0,4958.38,145.83
ORD-2024-16363,P0633,WH_MUMBAI_W,33,16096.41,695.56,142.0,0.0,16933.97,513.15
ORD-2024-16364,P0430,WH_KOLKATA_E,29,16115.59,1062.73,124.79,0.0,17303.11,596.66
ORD-2024-16365,P0103,WH_NAGPUR_C,23,2985.8599999999997,297.72,98.97,0.0,3382.55,147.07
ORD-2024-16366,P0218,WH_DELHI_N,4,3285.36,1307.89,17.21,0.0,4610.46,1152.62
ORD-2024-16367,P0975,WH_MUMBAI_W,5,209.89999999999998,746.33,21.51,0.0,977.74,195.55
ORD-2024-16368,P0754,WH_KOLKATA_E,34,24468.78,1467.3,146.3,0.0,26082.38,767.13
ORD-2024-16369,P0533,WH_KOLKATA_E,16,2840.0,1324.9,68.85,0.0,4233.75,264.61
ORD-2024-16370,P0143,WH_MUMBAI_W,40,25322.0,514.73,172.12,0.0,26008.85,650.22
ORD-2024-16371,P0139,WH_BLR_S,47,28115.4,178.64,202.24,0.0,28496.28,606.3
ORD-2024-16372,P0193,WH_NAGPUR_C,43,15400.880000000001,275.0,185.03,0.0,15860.91,368.86
ORD-2024-16373,P0627,WH_DELHI_N,42,35456.4,229.31,180.72,0.0,35866.43,853.96
ORD-2024-16374,P0337,WH_KOLKATA_E,3,996.39,495.54,12.91,0.0,1504.84,501.61
ORD-2024-16375,P0022,WH_KOLKATA_E,43,24903.45,155.87,185.03,0.0,25244.35,587.08
ORD-2024-16376,P0159,WH_NAGPUR_C,49,19436.34,860.21,210.85,0.0,20507.4,418.52
ORD-2024-16377,P0022,WH_MUMBAI_W,42,24324.3,979.88,180.72,0.0,25484.9,606.78
ORD-2024-16378,P0688,WH_BLR_S,49,9258.06,1374.49,210.85,0.0,10843.4,221.29
ORD-2024-16379,P0084,WH_KOLKATA_E,14,11468.519999999999,1392.83,60.24,0.0,12921.59,922.97
ORD-2024-16380,P0345,WH_BLR_S,33,23218.47,268.6,142.0,0.0,23629.07,716.03
ORD-2024-16381,P0064,WH_DELHI_N,28,7046.2,1477.5,120.48,0.0,8644.18,308.72
ORD-2024-16382,P0545,WH_KOLKATA_E,41,11957.24,921.81,176.42,0.0,13055.47,318.43
ORD-2024-16383,P0904,WH_DELHI_N,15,3323.1,1146.34,64.54,0.0,4533.98,302.27
ORD-2024-16384,P0430,WH_MUMBAI_W,4,2222.84,353.89,17.21,0.0,2593.94,648.48
ORD-2024-16385,P0524,WH_NAGPUR_C,20,2986.8,827.44,86.06,0.0,3900.3,195.02
ORD-2024-16386,P0345,WH_DELHI_N,25,17589.75,681.58,107.57,0.0,18378.9,735.16
ORD-2024-16387,P0062,WH_NAGPUR_C,35,4220.650000000001,611.89,150.6,0.0,4983.14,142.38
ORD-2024-16388,P0195,WH_DELHI_N,39,22497.54,625.21,167.82,0.0,23290.57,597.19
ORD-2024-16389,P0834,WH_KOLKATA_E,22,14057.34,337.55,94.67,0.0,14489.56,658.62
ORD-2024-16390,P0222,WH_MUMBAI_W,35,6616.4,589.75,150.6,0.0,7356.75,210.19
ORD-2024-16391,P0342,WH_MUMBAI_W,47,6639.219999999999,1226.85,202.24,0.0,8068.31,171.67
ORD-2024-16392,P0189,WH_BLR_S,28,17811.64,644.62,120.48,0.0,18576.74,663.46
ORD-2024-16393,P0925,WH_DELHI_N,10,2402.4,1257.7,43.03,0.0,3703.13,370.31
ORD-2024-16394,P0791,WH_MUMBAI_W,16,5448.48,898.97,68.85,0.0,6416.3,401.02
ORD-2024-16395,P0131,WH_KOLKATA_E,49,3792.6000000000004,1578.98,210.85,0.0,5582.43,113.93
ORD-2024-16396,P0363,WH_BLR_S,23,15824.689999999999,654.19,98.97,0.0,16577.85,720.78
ORD-2024-16397,P0139,WH_KOLKATA_E,19,11365.800000000001,1527.44,81.76,0.0,12975.0,682.89
ORD-2024-16398,P0822,WH_KOLKATA_E,1,425.63,225.17,4.3,0.0,655.1,655.1
ORD-2024-16399,P0254,WH_KOLKATA_E,1,55.81,251.75,4.3,0.0,311.86,311.86
ORD-2024-16400,P0716,WH_KOLKATA_E,46,17073.82,497.34,197.94,0.0,17769.1,386.28
ORD-2024-16401,P0363,WH_KOLKATA_E,26,17888.78,1455.62,111.88,0.0,19456.28,748.32
ORD-2024-16402,P0567,WH_NAGPUR_C,34,12558.24,1240.31,146.3,0.0,13944.85,410.14
ORD-2024-16403,P0332,WH_NAGPUR_C,2,1272.6,443.27,8.61,0.0,1724.48,862.24
ORD-2024-16404,P0530,WH_DELHI_N,28,1744.68,175.07,120.48,0.0,2040.23,72.87
ORD-2024-16405,P0091,WH_MUMBAI_W,20,13330.4,1439.99,86.06,0.0,14856.45,742.82
ORD-2024-16406,P0152,WH_BLR_S,42,10458.84,1419.96,180.72,0.0,12059.52,287.13
ORD-2024-16407,P0688,WH_DELHI_N,47,8880.18,470.66,202.24,0.0,9553.08,203.26
ORD-2024-16408,P0492,WH_DELHI_N,27,18675.9,95.6674,116.18,0.0,18887.75,699.55
ORD-2024-16409,P0796,WH_MUMBAI_W,28,15890.84,1494.42,120.48,0.0,17505.74,625.21
ORD-2024-16410,P0927,WH_NAGPUR_C,31,2910.59,761.64,133.39,0.0,3805.62,122.76
ORD-2024-16411,P0909,WH_MUMBAI_W,47,15546.659999999998,380.25,202.24,0.0,16129.15,343.17
ORD-2024-16412,P0391,WH_DELHI_N,7,5536.02,1493.33,30.12,0.0,7059.47,1008.5
ORD-2024-16413,P0620,WH_BLR_S,8,948.96,1283.95,34.42,0.0,2267.33,283.42
ORD-2024-16414,P0159,WH_NAGPUR_C,32,12693.12,402.53,137.69,0.0,13233.34,413.54
ORD-2024-16415,P0102,WH_MUMBAI_W,11,1027.29,802.58,47.33,0.0,1877.2,170.65
ORD-2024-16416,P0205,WH_KOLKATA_E,48,26624.64,856.04,206.54,0.0,27687.22,576.82
ORD-2024-16417,P0911,WH_DELHI_N,26,758.68,671.62,111.88,0.0,1542.18,59.31
ORD-2024-16418,P0673,WH_MUMBAI_W,25,12428.5,1085.6,107.57,0.0,13621.67,544.87
ORD-2024-16419,P0791,WH_NAGPUR_C,7,2383.71,334.83,30.12,0.0,2748.66,392.67
ORD-2024-16420,P0189,WH_BLR_S,20,12722.6,913.97,86.06,0.0,13722.63,686.13
ORD-2024-16421,P0176,WH_NAGPUR_C,41,4635.87,844.84,176.42,0.0,5657.13,137.98
ORD-2024-16422,P0540,WH_KOLKATA_E,30,11881.5,1134.05,129.09,0.0,13144.64,438.15
ORD-2024-16423,P0125,WH_DELHI_N,1,192.53,335.82,4.3,0.0,532.65,532.65
ORD-2024-16424,P0524,WH_NAGPUR_C,18,2688.12,1374.63,77.45,0.0,4140.2,230.01
ORD-2024-16425,P0620,WH_DELHI_N,8,948.96,888.6,34.42,0.0,1871.98,234.0
ORD-2024-16426,P0429,WH_DELHI_N,29,20767.19,1506.37,124.79,0.0,22398.35,772.36
ORD-2024-16427,P0347,WH_KOLKATA_E,40,33155.2,779.61,172.12,0.0,34106.93,852.67
ORD-2024-16428,P0476,WH_MUMBAI_W,22,11727.76,1560.07,94.67,0.0,13382.5,608.3
ORD-2024-16429,P0719,WH_MUMBAI_W,32,7497.28,199.38,137.69,0.0,7834.35,244.82
ORD-2024-16430,P0565,WH_NAGPUR_C,40,4744.4,1618.27,172.12,0.0,6534.79,163.37
ORD-2024-16431,P0962,WH_KOLKATA_E,14,1702.12,1226.49,60.24,0.0,2988.85,213.49
ORD-2024-16432,P0430,WH_DELHI_N,2,1111.42,813.55,8.61,0.0,1933.58,966.79
ORD-2024-16433,P0598,WH_KOLKATA_E,35,7609.349999999999,231.12,150.6,0.0,7991.07,228.32
ORD-2024-16434,P0191,WH_NAGPUR_C,7,641.9,1369.73,30.12,0.0,2041.75,291.68
ORD-2024-16435,P0266,WH_DELHI_N,3,630.0600000000001,652.51,12.91,0.0,1295.48,431.83
ORD-2024-16436,P0064,WH_BLR_S,15,3774.75,1055.76,64.54,0.0,4895.05,326.34
ORD-2024-16437,P0852,WH_MUMBAI_W,43,28435.899999999998,768.97,185.03,0.0,29389.9,683.49
ORD-2024-16438,P0030,WH_BLR_S,34,13196.42,372.17,146.3,0.0,13714.89,403.38
ORD-2024-16439,P0159,WH_KOLKATA_E,22,8726.52,304.63,94.67,0.0,9125.82,414.81
ORD-2024-16440,P0568,WH_DELHI_N,18,13616.28,1632.7206,77.45,0.0,15326.45,851.47
ORD-2024-16441,P0470,WH_DELHI_N,46,32913.0,506.72,197.94,0.0,33617.66,730.82
ORD-2024-16442,P0195,WH_MUMBAI_W,18,10383.48,883.99,77.45,0.0,11344.92,630.27
ORD-2024-16443,P0925,WH_MUMBAI_W,34,8168.16,992.84,146.3,0.0,9307.3,273.74
ORD-2024-16444,P0583,WH_DELHI_N,36,14728.32,1359.96,154.91,0.0,16243.19,451.2
ORD-2024-16445,P0218,WH_KOLKATA_E,46,37781.64,525.23,197.94,0.0,38504.81,837.06
ORD-2024-16446,P0952,WH_KOLKATA_E,39,19425.51,1349.07,167.82,0.0,20942.4,536.98
ORD-2024-16447,P0083,WH_BLR_S,47,25562.36,302.57,202.24,0.0,26067.17,554.62
ORD-2024-16448,P0763,WH_MUMBAI_W,38,31345.06,1381.79,163.51,0.0,32890.36,865.54
ORD-2024-16449,P0266,WH_MUMBAI_W,37,7770.740000000001,1494.34,159.21,0.0,9424.29,254.71
ORD-2024-16450,P0568,WH_DELHI_N,18,13616.28,1464.71,77.45,0.0,15158.44,842.14
ORD-2024-16451,P0432,WH_NAGPUR_C,43,32843.829999999994,97.74,185.03,0.0,33126.6,770.39
ORD-2024-16452,P0076,WH_BLR_S,40,9250.4,819.22,172.12,0.0,10241.74,256.04
ORD-2024-16453,P0927,WH_KOLKATA_E,29,2722.81,1395.77,124.79,0.0,4243.37,146.32
ORD-2024-16454,P0079,WH_DELHI_N,12,562.4399999999999,1299.54,51.64,0.0,1913.62,159.47
ORD-2024-16455,P0666,WH_MUMBAI_W,18,11264.039999999999,1495.15,77.45,0.0,12836.64,713.15
ORD-2024-16456,P0911,WH_DELHI_N,31,904.58,1205.54,133.39,0.0,2243.51,72.37
ORD-2024-16457,P0069,WH_BLR_S,15,1509.8999999999999,1323.71,64.54,0.0,2898.15,193.21
ORD-2024-16458,P0809,WH_KOLKATA_E,40,11156.800000000001,174.08,172.12,0.0,11503.0,287.58
ORD-2024-16459,P0914,WH_DELHI_N,30,11623.5,355.09,129.09,0.0,12107.68,403.59
ORD-2024-16460,P0088,WH_KOLKATA_E,36,7339.32,1099.27,154.91,0.0,8593.5,238.71
ORD-2024-16461,P0719,WH_KOLKATA_E,28,6560.12,1379.05,120.48,0.0,8059.65,287.84
ORD-2024-16462,P0530,WH_NAGPUR_C,15,934.6500000000001,386.46,64.54,0.0,1385.65,92.38
ORD-2024-16463,P0746,WH_BLR_S,43,25338.61,1297.94,185.03,0.0,26821.58,623.76
ORD-2024-16464,P0796,WH_MUMBAI_W,33,18728.489999999998,418.65,142.0,0.0,19289.14,584.52
ORD-2024-16465,P0560,WH_BLR_S,2,72.56,1090.4,8.61,0.0,1171.57,585.78
ORD-2024-16466,P0926,WH_NAGPUR_C,8,4344.08,888.38,34.42,0.0,5266.88,658.36
ORD-2024-16467,P0584,WH_NAGPUR_C,48,23042.88,1158.72,206.54,0.0,24408.14,508.5
ORD-2024-16468,P0189,WH_MUMBAI_W,33,20992.29,766.69,142.0,0.0,21900.98,663.67
ORD-2024-16469,P0410,WH_BLR_S,35,17965.85,439.18,150.6,0.0,18555.63,530.16
ORD-2024-16470,P0088,WH_NAGPUR_C,18,3669.66,1445.5,77.45,0.0,5192.61,288.48
ORD-2024-16471,P0719,WH_BLR_S,26,6091.54,1547.74,111.88,0.0,7751.16,298.12
ORD-2024-16472,P0202,WH_BLR_S,48,13844.64,964.19,206.54,0.0,15015.37,312.82
ORD-2024-16473,P0154,WH_KOLKATA_E,21,7890.75,1535.77,90.36,0.0,9516.88,453.18
ORD-2024-16474,P0097,WH_DELHI_N,28,6458.759999999999,194.97,120.48,0.0,6774.21,241.94
ORD-2024-16475,P0022,WH_BLR_S,20,11583.0,964.67,86.06,0.0,12633.73,631.69
ORD-2024-16476,P0521,WH_BLR_S,45,26092.350000000002,715.24,193.63,0.0,27001.22,600.03
ORD-2024-16477,P0759,WH_NAGPUR_C,20,11017.6,1144.84,86.06,0.0,12248.5,612.42
ORD-2024-16478,P0693,WH_KOLKATA_E,4,1633.44,620.83,17.21,0.0,2271.48,567.87
ORD-2024-16479,P0904,WH_MUMBAI_W,36,7975.44,95.6674,154.91,0.0,8226.02,228.5
ORD-2024-16480,P0824,WH_NAGPUR_C,34,28056.12,957.39,146.3,0.0,29159.81,857.64
ORD-2024-16481,P0109,WH_NAGPUR_C,45,20441.25,993.49,193.63,0.0,21628.37,480.63
ORD-2024-16482,P0965,WH_KOLKATA_E,13,3206.4500000000003,1147.23,55.94,0.0,4409.62,339.2
ORD-2024-16483,P0952,WH_KOLKATA_E,31,15440.789999999999,1392.13,133.39,0.0,16966.31,547.3
ORD-2024-16484,P0198,WH_NAGPUR_C,39,27967.68,1632.7206,167.82,0.0,29768.22,763.29
ORD-2024-16485,P0809,WH_MUMBAI_W,7,1952.44,1257.14,30.12,0.0,3239.7,462.81
ORD-2024-16486,P0371,WH_BLR_S,17,2913.6299999999997,578.09,73.15,0.0,3564.87,209.7
ORD-2024-16487,P0904,WH_KOLKATA_E,42,9304.68,1529.55,180.72,0.0,11014.95,262.26
ORD-2024-16488,P0297,WH_KOLKATA_E,12,5337.24,1048.58,51.64,0.0,6437.46,536.46
ORD-2024-16489,P0188,WH_KOLKATA_E,30,24026.4,1360.11,129.09,0.0,25515.6,850.52
ORD-2024-16490,P0076,WH_MUMBAI_W,48,11100.48,651.46,206.54,0.0,11958.48,249.14
ORD-2024-16491,P0662,WH_KOLKATA_E,34,24927.1,339.6,146.3,0.0,25413.0,747.44
ORD-2024-16492,P0633,WH_DELHI_N,22,10730.939999999999,1148.85,94.67,0.0,11974.46,544.29
ORD-2024-16493,P0634,WH_BLR_S,21,15437.1,334.31,90.36,0.0,15861.77,755.32
ORD-2024-16494,P0404,WH_MUMBAI_W,9,5642.37,1443.55,38.73,0.0,7124.65,791.63
ORD-2024-16495,P0030,WH_NAGPUR_C,12,4657.5599999999995,1083.83,51.64,0.0,5793.03,482.75
ORD-2024-16496,P0589,WH_MUMBAI_W,17,4884.950000000001,906.06,73.15,0.0,5864.16,344.95
ORD-2024-16497,P0876,WH_MUMBAI_W,16,7069.28,218.93,68.85,0.0,7357.06,459.82
ORD-2024-16498,P0356,WH_DELHI_N,5,4098.3,529.49,21.51,0.0,4649.3,929.86
ORD-2024-16499,P0998,WH_MUMBAI_W,19,1281.93,607.4,81.76,0.0,1971.09,103.74
ORD-2024-16500,P0589,WH_KOLKATA_E,28,8045.800000000001,119.6,120.48,0.0,8285.88,295.92
ORD-2024-16501,P0279,WH_MUMBAI_W,17,11776.24,355.1,73.15,0.0,12204.49,717.91
ORD-2024-16502,P0160,WH_MUMBAI_W,22,17584.82,1070.5,94.67,0.0,18749.99,852.27
ORD-2024-16503,P0759,WH_MUMBAI_W,35,19280.8,204.29,150.6,0.0,19635.69,561.02
ORD-2024-16504,P0688,WH_MUMBAI_W,49,9258.06,822.23,210.85,0.0,10291.14,210.02
ORD-2024-16505,P0893,WH_MUMBAI_W,15,8544.9,1047.82,64.54,0.0,9657.26,643.82
ORD-2024-16506,P0188,WH_KOLKATA_E,19,15216.72,555.94,81.76,0.0,15854.42,834.44
ORD-2024-16507,P0198,WH_NAGPUR_C,47,33704.64,1632.7206,202.24,0.0,35539.6,756.16
ORD-2024-16508,P0693,WH_MUMBAI_W,26,10617.36,803.55,111.88,0.0,11532.79,443.57
ORD-2024-16509,P0790,WH_DELHI_N,44,19028.239999999998,1185.9,189.33,0.0,20403.47,463.72
ORD-2024-16510,P0080,WH_BLR_S,44,12873.519999999999,503.75,189.33,0.0,13566.6,308.33
ORD-2024-16511,P0135,WH_BLR_S,35,21344.75,101.45,150.6,0.0,21596.8,617.05
ORD-2024-16512,P0517,WH_BLR_S,43,12813.57,219.88,185.03,0.0,13218.48,307.41
ORD-2024-16513,P0641,WH_MUMBAI_W,23,12178.5,665.42,98.97,0.0,12942.89,562.73
ORD-2024-16514,P0596,WH_DELHI_N,10,2384.9,516.47,43.03,0.0,2944.4,294.44
ORD-2024-16515,P0105,WH_BLR_S,22,14975.84,443.62,94.67,0.0,15514.13,705.19
ORD-2024-16516,P0763,WH_KOLKATA_E,47,38768.89,641.17,202.24,0.0,39612.3,842.81
ORD-2024-16517,P0345,WH_DELHI_N,11,7739.490000000001,395.21,47.33,0.0,8182.03,743.82
ORD-2024-16518,P0479,WH_DELHI_N,26,18086.64,1477.26,111.88,0.0,19675.78,756.76
ORD-2024-16519,P0404,WH_KOLKATA_E,1,626.93,554.95,4.3,0.0,1186.18,1186.18
ORD-2024-16520,P0102,WH_MUMBAI_W,36,3362.04,1307.14,154.91,0.0,4824.09,134.0
ORD-2024-16521,P0335,WH_BLR_S,21,17685.57,1494.6,90.36,0.0,19270.53,917.64
ORD-2024-16522,P0544,WH_NAGPUR_C,8,3650.0,1434.48,34.42,0.0,5118.9,639.86
ORD-2024-16523,P0674,WH_KOLKATA_E,20,5020.400000000001,927.38,86.06,0.0,6033.84,301.69
ORD-2024-16524,P0852,WH_NAGPUR_C,45,29758.499999999996,601.25,193.63,0.0,30553.38,678.96
ORD-2024-16525,P0357,WH_KOLKATA_E,17,8255.029999999999,1531.5,73.15,0.0,9859.68,579.98
ORD-2024-16526,P0714,WH_BLR_S,15,1087.35,1632.7206,64.54,0.0,2784.61,185.64
ORD-2024-16527,P0651,WH_DELHI_N,21,4928.49,1244.07,90.36,0.0,6262.92,298.23
ORD-2024-16528,P0530,WH_MUMBAI_W,1,62.31,1054.75,4.3,0.0,1121.36,1121.36
ORD-2024-16529,P0064,WH_KOLKATA_E,3,754.95,301.17,12.91,0.0,1069.03,356.34
ORD-2024-16530,P0088,WH_NAGPUR_C,31,6319.97,1093.72,133.39,0.0,7547.08,243.45
ORD-2024-16531,P0150,WH_NAGPUR_C,31,6960.43,389.65,133.39,0.0,7483.47,241.4
ORD-2024-16532,P0391,WH_KOLKATA_E,21,16608.06,331.35,90.36,0.0,17029.77,810.94
ORD-2024-16533,P0554,WH_BLR_S,23,16823.81,734.26,98.97,0.0,17657.04,767.7
ORD-2024-16534,P0915,WH_BLR_S,17,11658.26,696.49,73.15,0.0,12427.9,731.05
ORD-2024-16535,P0220,WH_DELHI_N,22,13171.62,964.14,94.67,0.0,14230.43,646.84
ORD-2024-16536,P0188,WH_DELHI_N,22,17619.36,690.47,94.67,0.0,18404.5,836.57
ORD-2024-16537,P0189,WH_KOLKATA_E,36,22900.68,173.9,154.91,0.0,23229.49,645.26
ORD-2024-16538,P0337,WH_DELHI_N,8,2657.04,746.15,34.42,0.0,3437.61,429.7
ORD-2024-16539,P0368,WH_NAGPUR_C,47,38483.13,606.96,202.24,0.0,39292.33,836.01
ORD-2024-16540,P0998,WH_NAGPUR_C,8,539.76,974.51,34.42,0.0,1548.69,193.59
ORD-2024-16541,P0711,WH_DELHI_N,14,10554.32,714.42,60.24,0.0,11328.98,809.21
ORD-2024-16542,P0708,WH_BLR_S,38,7927.94,733.23,163.51,0.0,8824.68,232.23
ORD-2024-16543,P0998,WH_NAGPUR_C,24,1619.28,1470.49,103.27,0.0,3193.04,133.04
ORD-2024-16544,P0956,WH_BLR_S,22,15672.58,1194.0,94.67,0.0,16961.25,770.97
ORD-2024-16545,P0641,WH_BLR_S,15,7942.5,1373.95,64.54,0.0,9380.99,625.4
ORD-2024-16546,P0540,WH_MUMBAI_W,20,7921.0,1004.46,86.06,0.0,9011.52,450.58
ORD-2024-16547,P0634,WH_KOLKATA_E,27,19847.7,1448.75,116.18,0.0,21412.63,793.06
ORD-2024-16548,P0022,WH_NAGPUR_C,28,16216.199999999999,1020.21,120.48,0.0,17356.89,619.89
ORD-2024-16549,P0038,WH_KOLKATA_E,22,8727.4,136.83,94.67,0.0,8958.9,407.22
ORD-2024-16550,P0746,WH_BLR_S,31,18267.37,855.74,133.39,0.0,19256.5,621.18
ORD-2024-16551,P0666,WH_DELHI_N,9,5632.0199999999995,1000.38,38.73,0.0,6671.13,741.24
ORD-2024-16552,P0801,WH_MUMBAI_W,23,13567.699999999999,1383.52,98.97,0.0,15050.19,654.36
ORD-2024-16553,P0056,WH_KOLKATA_E,5,3405.1499999999996,813.32,21.51,0.0,4239.98,848.0
ORD-2024-16554,P0915,WH_KOLKATA_E,45,30860.1,491.28,193.63,0.0,31545.01,701.0
ORD-2024-16555,P0297,WH_MUMBAI_W,39,17346.03,731.84,167.82,0.0,18245.69,467.84
ORD-2024-16556,P0064,WH_BLR_S,17,4278.05,747.7,73.15,0.0,5098.9,299.94
ORD-2024-16557,P0708,WH_NAGPUR_C,40,8345.2,846.83,172.12,0.0,9364.15,234.1
ORD-2024-16558,P0195,WH_KOLKATA_E,5,2884.3,508.35,21.51,0.0,3414.16,682.83
ORD-2024-16559,P0357,WH_NAGPUR_C,7,3399.1299999999997,616.01,30.12,0.0,4045.26,577.89
ORD-2024-16560,P0005,WH_MUMBAI_W,8,2839.12,1545.19,34.42,0.0,4418.73,552.34
ORD-2024-16561,P0852,WH_MUMBAI_W,7,4629.099999999999,785.1,30.12,0.0,5444.32,777.76
ORD-2024-16562,P0780,WH_DELHI_N,22,14054.480000000001,1300.48,94.67,0.0,15449.63,702.26
ORD-2024-16563,P0347,WH_MUMBAI_W,44,36470.72,1632.7206,189.33,0.0,38292.77,870.29
ORD-2024-16564,P0410,WH_DELHI_N,38,19505.78,1362.5,163.51,0.0,21031.79,553.47
ORD-2024-16565,P0316,WH_MUMBAI_W,21,14742.63,687.4,90.36,0.0,15520.39,739.07
ORD-2024-16566,P0131,WH_NAGPUR_C,4,309.6,431.1,17.21,0.0,757.91,189.48
ORD-2024-16567,P0119,WH_KOLKATA_E,32,7366.4,1211.19,137.69,0.0,8715.28,272.35
ORD-2024-16568,P0109,WH_NAGPUR_C,29,13173.25,957.09,124.79,0.0,14255.13,491.56
ORD-2024-16569,P0754,WH_MUMBAI_W,30,21590.1,672.51,129.09,0.0,22391.7,746.39
ORD-2024-16570,P0759,WH_KOLKATA_E,3,1652.6399999999999,1277.38,12.91,0.0,2942.93,980.98
ORD-2024-16571,P0540,WH_KOLKATA_E,5,1980.25,976.08,21.51,0.0,2977.84,595.57
ORD-2024-16572,P0205,WH_DELHI_N,19,10538.919999999998,1345.29,81.76,0.0,11965.97,629.79
ORD-2024-16573,P0368,WH_DELHI_N,8,6550.32,955.71,34.42,0.0,7540.45,942.56
ORD-2024-16574,P0975,WH_DELHI_N,37,1553.26,1044.76,159.21,0.0,2757.23,74.52
ORD-2024-16575,P0533,WH_NAGPUR_C,31,5502.5,668.36,133.39,0.0,6304.25,203.36
ORD-2024-16576,P0286,WH_DELHI_N,27,2768.5800000000004,545.19,116.18,0.0,3429.95,127.04
ORD-2024-16577,P0088,WH_MUMBAI_W,13,2650.31,1137.66,55.94,0.0,3843.91,295.69
ORD-2024-16578,P0627,WH_BLR_S,42,35456.4,701.07,180.72,0.0,36338.19,865.2
ORD-2024-16579,P0335,WH_BLR_S,6,5053.0199999999995,723.52,25.82,0.0,5802.36,967.06
ORD-2024-16580,P0335,WH_MUMBAI_W,1,842.17,463.37,4.3,0.0,1309.84,1309.84
ORD-2024-16581,P0131,WH_NAGPUR_C,30,2322.0,1335.29,129.09,0.0,3786.38,126.21
ORD-2024-16582,P0091,WH_DELHI_N,11,7331.719999999999,1426.56,47.33,0.0,8805.61,800.51
ORD-2024-16583,P0276,WH_KOLKATA_E,41,27021.46,377.83,176.42,0.0,27575.71,672.58
ORD-2024-16584,P0511,WH_DELHI_N,31,18991.22,1200.07,133.39,0.0,20324.68,655.63
ORD-2024-16585,P0056,WH_BLR_S,16,10896.48,394.71,68.85,0.0,11360.04,710.0
ORD-2024-16586,P0801,WH_MUMBAI_W,15,8848.5,372.65,64.54,0.0,9285.69,619.05
ORD-2024-16587,P0759,WH_DELHI_N,5,2754.4,433.65,21.51,0.0,3209.56,641.91
ORD-2024-16588,P0276,WH_BLR_S,15,9885.9,431.41,64.54,0.0,10381.85,692.12
ORD-2024-16589,P0080,WH_KOLKATA_E,1,292.58,702.25,4.3,0.0,999.13,999.13
ORD-2024-16590,P0992,WH_BLR_S,15,7675.65,489.35,64.54,0.0,8229.54,548.64
ORD-2024-16591,P0992,WH_BLR_S,36,18421.559999999998,364.13,154.91,0.0,18940.6,526.13
ORD-2024-16592,P0363,WH_KOLKATA_E,48,33025.44,1033.34,206.54,0.0,34265.32,713.86
ORD-2024-16593,P0673,WH_NAGPUR_C,39,19388.46,1269.49,167.82,0.0,20825.77,533.99
ORD-2024-16594,P0907,WH_DELHI_N,8,1232.48,721.69,34.42,0.0,1988.59,248.57
ORD-2024-16595,P0294,WH_KOLKATA_E,22,833.8,104.04,94.67,0.0,1032.51,46.93
ORD-2024-16596,P0521,WH_MUMBAI_W,27,15655.410000000002,1056.04,116.18,0.0,16827.63,623.25
ORD-2024-16597,P0080,WH_KOLKATA_E,34,9947.72,1381.84,146.3,0.0,11475.86,337.53
ORD-2024-16598,P0822,WH_DELHI_N,30,12768.9,1155.35,129.09,0.0,14053.34,468.44
ORD-2024-16599,P0470,WH_MUMBAI_W,12,8586.0,1402.28,51.64,0.0,10039.92,836.66
ORD-2024-16600,P0918,WH_BLR_S,2,868.46,95.6674,8.61,0.0,972.74,486.37
ORD-2024-16601,P0540,WH_DELHI_N,46,18218.3,420.53,197.94,0.0,18836.77,409.5
ORD-2024-16602,P0584,WH_KOLKATA_E,38,18242.28,1160.03,163.51,0.0,19565.82,514.89
ORD-2024-16603,P0125,WH_DELHI_N,22,4235.66,676.32,94.67,0.0,5006.65,227.58
ORD-2024-16604,P0347,WH_MUMBAI_W,17,14090.96,376.52,73.15,0.0,14540.63,855.33
ORD-2024-16605,P0159,WH_KOLKATA_E,35,13883.1,1514.66,150.6,0.0,15548.36,444.24
ORD-2024-16606,P0070,WH_BLR_S,42,22304.940000000002,653.89,180.72,0.0,23139.55,550.94
ORD-2024-16607,P0981,WH_NAGPUR_C,45,2849.4,1297.09,193.63,0.0,4340.12,96.45
ORD-2024-16608,P0143,WH_NAGPUR_C,23,14560.15,1632.7206,98.97,0.0,16291.84,708.34
ORD-2024-16609,P0363,WH_BLR_S,29,19952.87,147.22,124.79,0.0,20224.88,697.41
ORD-2024-16610,P0962,WH_NAGPUR_C,29,3525.82,1586.29,124.79,0.0,5236.9,180.58
ORD-2024-16611,P0981,WH_BLR_S,19,1203.08,1204.04,81.76,0.0,2488.88,130.99
ORD-2024-16612,P0097,WH_KOLKATA_E,17,3921.39,1203.43,73.15,0.0,5197.97,305.76
ORD-2024-16613,P0279,WH_KOLKATA_E,8,5541.76,468.91,34.42,0.0,6045.09,755.64
ORD-2024-16614,P0627,WH_BLR_S,7,5909.400000000001,453.94,30.12,0.0,6393.46,913.35
ORD-2024-16615,P0533,WH_MUMBAI_W,11,1952.5,746.61,47.33,0.0,2746.44,249.68
ORD-2024-16616,P0913,WH_DELHI_N,3,1948.77,440.0,12.91,0.0,2401.68,800.56
ORD-2024-16617,P0491,WH_MUMBAI_W,2,114.28,1247.59,8.61,0.0,1370.48,685.24
ORD-2024-16618,P0280,WH_NAGPUR_C,19,10312.06,1411.5,81.76,0.0,11805.32,621.33
ORD-2024-16619,P0893,WH_BLR_S,28,15950.48,1572.15,120.48,0.0,17643.11,630.11
ORD-2024-16620,P0084,WH_DELHI_N,28,22937.039999999997,606.11,120.48,0.0,23663.63,845.13
ORD-2024-16621,P0319,WH_KOLKATA_E,25,1515.25,983.6,107.57,0.0,2606.42,104.26
ORD-2024-16622,P0429,WH_BLR_S,11,7877.21,383.66,47.33,0.0,8308.2,755.29
ORD-2024-16623,P0641,WH_MUMBAI_W,40,21180.0,559.89,172.12,0.0,21912.01,547.8
ORD-2024-16624,P0554,WH_BLR_S,43,31453.210000000003,556.49,185.03,0.0,32194.73,748.71
ORD-2024-16625,P0824,WH_DELHI_N,2,1650.36,975.23,8.61,0.0,2634.2,1317.1
ORD-2024-16626,P0511,WH_BLR_S,12,7351.4400000000005,544.91,51.64,0.0,7947.99,662.33
ORD-2024-16627,P0716,WH_NAGPUR_C,41,15217.970000000001,213.24,176.42,0.0,15607.63,380.67
ORD-2024-16628,P0867,WH_DELHI_N,38,29643.04,526.4,163.51,0.0,30332.95,798.24
ORD-2024-16629,P0892,WH_NAGPUR_C,12,755.4000000000001,325.43,51.64,0.0,1132.47,94.37
ORD-2024-16630,P0836,WH_BLR_S,25,9533.75,153.18,107.57,0.0,9794.5,391.78
ORD-2024-16631,P0981,WH_BLR_S,37,2342.84,847.84,159.21,0.0,3349.89,90.54
ORD-2024-16632,P0583,WH_MUMBAI_W,31,12682.72,1052.72,133.39,0.0,13868.83,447.38
ORD-2024-16633,P0662,WH_NAGPUR_C,17,12463.55,1433.23,73.15,0.0,13969.93,821.76
ORD-2024-16634,P0608,WH_BLR_S,48,40093.92,368.17,206.54,0.0,40668.63,847.26
ORD-2024-16635,P0714,WH_NAGPUR_C,12,869.8799999999999,278.27,51.64,0.0,1199.79,99.98
ORD-2024-16636,P0371,WH_MUMBAI_W,30,5141.7,1308.55,129.09,0.0,6579.34,219.31
ORD-2024-16637,P0143,WH_DELHI_N,2,1266.1,911.52,8.61,0.0,2186.23,1093.12
ORD-2024-16638,P0286,WH_KOLKATA_E,16,1640.64,1594.68,68.85,0.0,3304.17,206.51
ORD-2024-16639,P0763,WH_BLR_S,1,824.87,775.81,4.3,0.0,1604.98,1604.98
ORD-2024-16640,P0371,WH_DELHI_N,34,5827.259999999999,1341.86,146.3,0.0,7315.42,215.16
ORD-2024-16641,P0627,WH_NAGPUR_C,45,37989.0,166.77,193.63,0.0,38349.4,852.21
ORD-2024-16642,P0663,WH_NAGPUR_C,48,39312.96,1632.7206,206.54,0.0,41152.22,857.34
ORD-2024-16643,P0592,WH_NAGPUR_C,1,633.76,673.96,4.3,0.0,1312.02,1312.02
ORD-2024-16644,P0332,WH_MUMBAI_W,36,22906.8,1518.11,154.91,0.0,24579.82,682.77
ORD-2024-16645,P0634,WH_MUMBAI_W,3,2205.3,186.58,12.91,0.0,2404.79,801.6
ORD-2024-16646,P0041,WH_MUMBAI_W,34,8333.06,370.44,146.3,0.0,8849.8,260.29
ORD-2024-16647,P0711,WH_DELHI_N,12,9046.56,892.4,51.64,0.0,9990.6,832.55
ORD-2024-16648,P0408,WH_DELHI_N,45,7634.25,111.2,193.63,0.0,7939.08,176.42
ORD-2024-16649,P0700,WH_NAGPUR_C,27,22184.55,887.41,116.18,0.0,23188.14,858.82
ORD-2024-16650,P0391,WH_MUMBAI_W,37,29261.82,507.22,159.21,0.0,29928.25,808.87
ORD-2024-16651,P0925,WH_BLR_S,25,6006.0,904.02,107.57,0.0,7017.59,280.7
ORD-2024-16652,P0716,WH_MUMBAI_W,12,4454.04,1132.9,51.64,0.0,5638.58,469.88
ORD-2024-16653,P0998,WH_KOLKATA_E,33,2226.5099999999998,976.74,142.0,0.0,3345.25,101.37
ORD-2024-16654,P0091,WH_NAGPUR_C,9,5998.68,1195.95,38.73,0.0,7233.36,803.71
ORD-2024-16655,P0893,WH_KOLKATA_E,1,569.66,625.84,4.3,0.0,1199.8,1199.8
ORD-2024-16656,P0716,WH_MUMBAI_W,23,8536.91,1197.85,98.97,0.0,9833.73,427.55
ORD-2024-16657,P0975,WH_NAGPUR_C,28,1175.4399999999998,986.64,120.48,0.0,2282.56,81.52
ORD-2024-16658,P0337,WH_KOLKATA_E,3,996.39,880.09,12.91,0.0,1889.39,629.8
ORD-2024-16659,P0545,WH_NAGPUR_C,38,11082.32,1115.35,163.51,0.0,12361.18,325.29
ORD-2024-16660,P0836,WH_NAGPUR_C,36,13728.6,898.97,154.91,0.0,14782.48,410.62
ORD-2024-16661,P0763,WH_DELHI_N,44,36294.28,723.47,189.33,0.0,37207.08,845.62
ORD-2024-16662,P0213,WH_DELHI_N,44,18945.52,532.82,189.33,0.0,19667.67,446.99
ORD-2024-16663,P0981,WH_DELHI_N,5,316.6,1041.68,21.51,0.0,1379.79,275.96
ORD-2024-16664,P0161,WH_KOLKATA_E,29,8307.34,549.12,124.79,0.0,8981.25,309.7
ORD-2024-16665,P0345,WH_NAGPUR_C,13,9146.67,152.74,55.94,0.0,9355.35,719.64
ORD-2024-16666,P0088,WH_MUMBAI_W,44,8970.28,304.73,189.33,0.0,9464.34,215.1
ORD-2024-16667,P0672,WH_MUMBAI_W,4,995.44,1373.52,17.21,0.0,2386.17,596.54
ORD-2024-16668,P0222,WH_BLR_S,6,1134.24,1398.23,25.82,0.0,2558.29,426.38
ORD-2024-16669,P0056,WH_DELHI_N,38,25879.14,1463.56,163.51,0.0,27506.21,723.85
ORD-2024-16670,P0191,WH_DELHI_N,6,550.2,757.98,25.82,0.0,1334.0,222.33
ORD-2024-16671,P0294,WH_DELHI_N,11,416.9,574.56,47.33,0.0,1038.79,94.44
ORD-2024-16672,P0714,WH_DELHI_N,27,1957.2299999999998,1562.08,116.18,0.0,3635.49,134.65
ORD-2024-16673,P0998,WH_NAGPUR_C,46,3103.62,1020.89,197.94,0.0,4322.45,93.97
ORD-2024-16674,P0852,WH_DELHI_N,35,23145.5,1423.28,150.6,0.0,24719.38,706.27
ORD-2024-16675,P0135,WH_BLR_S,40,24394.0,586.55,172.12,0.0,25152.67,628.82
ORD-2024-16676,P0719,WH_NAGPUR_C,4,937.16,1197.11,17.21,0.0,2151.48,537.87
ORD-2024-16677,P0247,WH_BLR_S,27,1030.5900000000001,1212.77,116.18,0.0,2359.54,87.39
ORD-2024-16678,P0266,WH_MUMBAI_W,16,3360.32,1014.15,68.85,0.0,4443.32,277.71
ORD-2024-16679,P0544,WH_KOLKATA_E,18,8212.5,514.55,77.45,0.0,8804.5,489.14
ORD-2024-16680,P0062,WH_MUMBAI_W,7,844.13,1442.85,30.12,0.0,2317.1,331.01
ORD-2024-16681,P0161,WH_BLR_S,11,3151.06,767.93,47.33,0.0,3966.32,360.57
ORD-2024-16682,P0596,WH_NAGPUR_C,8,1907.92,1344.4,34.42,0.0,3286.74,410.84
ORD-2024-16683,P0022,WH_MUMBAI_W,6,3474.8999999999996,960.53,25.82,0.0,4461.25,743.54
ORD-2024-16684,P0755,WH_BLR_S,48,29167.199999999997,247.7,206.54,0.0,29621.44,617.11
ORD-2024-16685,P0230,WH_MUMBAI_W,5,1753.1,881.94,21.51,0.0,2656.55,531.31
ORD-2024-16686,P0088,WH_MUMBAI_W,6,1223.22,655.5,25.82,0.0,1904.54,317.42
ORD-2024-16687,P0790,WH_NAGPUR_C,38,16433.48,1517.59,163.51,0.0,18114.58,476.7
ORD-2024-16688,P0763,WH_BLR_S,2,1649.74,1497.56,8.61,0.0,3155.91,1577.96
ORD-2024-16689,P0347,WH_NAGPUR_C,31,25695.28,571.58,133.39,0.0,26400.25,851.62
ORD-2024-16690,P0286,WH_MUMBAI_W,39,3999.0600000000004,1052.26,167.82,0.0,5219.14,133.82
ORD-2024-16691,P0103,WH_KOLKATA_E,32,4154.24,715.28,137.69,0.0,5007.21,156.48
ORD-2024-16692,P0567,WH_MUMBAI_W,9,3324.2400000000002,1050.83,38.73,0.0,4413.8,490.42
ORD-2024-16693,P0801,WH_KOLKATA_E,15,8848.5,834.47,64.54,0.0,9747.51,649.83
ORD-2024-16694,P0231,WH_NAGPUR_C,21,12495.42,669.13,90.36,0.0,13254.91,631.19
ORD-2024-16695,P0834,WH_DELHI_N,46,29392.620000000003,1250.51,197.94,0.0,30841.07,670.46
ORD-2024-16696,P0231,WH_MUMBAI_W,28,16660.559999999998,1576.25,120.48,0.0,18357.29,655.62
ORD-2024-16697,P0188,WH_NAGPUR_C,45,36039.6,230.39,193.63,0.0,36463.62,810.3
ORD-2024-16698,P0836,WH_DELHI_N,27,10296.45,116.16,116.18,0.0,10528.79,389.96
ORD-2024-16699,P0530,WH_KOLKATA_E,5,311.55,998.26,21.51,0.0,1331.32,266.26
ORD-2024-16700,P0297,WH_MUMBAI_W,17,7561.09,1331.25,73.15,0.0,8965.49,527.38
ORD-2024-16701,P0356,WH_NAGPUR_C,37,30327.42,1394.87,159.21,0.0,31881.5,861.66
ORD-2024-16702,P0115,WH_DELHI_N,24,18391.44,681.08,103.27,0.0,19175.79,798.99
ORD-2024-16703,P0083,WH_BLR_S,31,16860.28,881.66,133.39,0.0,17875.33,576.62
ORD-2024-16704,P0091,WH_KOLKATA_E,35,23328.2,1286.35,150.6,0.0,24765.15,707.58
ORD-2024-16705,P0971,WH_MUMBAI_W,41,23204.77,608.2,176.42,0.0,23989.39,585.11
ORD-2024-16706,P0925,WH_DELHI_N,41,9849.84,164.89,176.42,0.0,10191.15,248.56
ORD-2024-16707,P0193,WH_NAGPUR_C,4,1432.64,1408.89,17.21,0.0,2858.74,714.68
ORD-2024-16708,P0511,WH_KOLKATA_E,20,12252.4,525.11,86.06,0.0,12863.57,643.18
ORD-2024-16709,P0410,WH_KOLKATA_E,43,22072.329999999998,1629.8,185.03,0.0,23887.16,555.52
ORD-2024-16710,P0353,WH_MUMBAI_W,17,13758.78,419.95,73.15,0.0,14251.88,838.35
ORD-2024-16711,P0801,WH_KOLKATA_E,46,27135.399999999998,1055.75,197.94,0.0,28389.09,617.15
ORD-2024-16712,P0131,WH_BLR_S,10,774.0,1520.11,43.03,0.0,2337.14,233.71
ORD-2024-16713,P0927,WH_KOLKATA_E,37,3473.93,575.18,159.21,0.0,4208.32,113.74
ORD-2024-16714,P0975,WH_DELHI_N,21,881.5799999999999,760.34,90.36,0.0,1732.28,82.49
ORD-2024-16715,P0876,WH_NAGPUR_C,21,9278.43,652.99,90.36,0.0,10021.78,477.23
ORD-2024-16716,P0988,WH_BLR_S,49,40081.020000000004,848.9,210.85,0.0,41140.77,839.61
ORD-2024-16717,P0627,WH_BLR_S,16,13507.2,660.66,68.85,0.0,14236.71,889.79
ORD-2024-16718,P0975,WH_DELHI_N,33,1385.34,914.33,142.0,0.0,2441.67,73.99
ORD-2024-16719,P0353,WH_BLR_S,10,8093.400000000001,959.63,43.03,0.0,9096.06,909.61
ORD-2024-16720,P0228,WH_DELHI_N,44,11223.08,657.48,189.33,0.0,12069.89,274.32
ORD-2024-16721,P0267,WH_DELHI_N,18,3856.5,993.06,77.45,0.0,4927.01,273.72
ORD-2024-16722,P0560,WH_MUMBAI_W,33,1197.24,372.6,142.0,0.0,1711.84,51.87
ORD-2024-16723,P0544,WH_BLR_S,29,13231.25,545.45,124.79,0.0,13901.49,479.36
ORD-2024-16724,P0005,WH_MUMBAI_W,31,11001.59,358.44,133.39,0.0,11493.42,370.76
ORD-2024-16725,P0565,WH_BLR_S,24,2846.64,1393.49,103.27,0.0,4343.4,180.98
ORD-2024-16726,P0914,WH_KOLKATA_E,12,4649.4,748.04,51.64,0.0,5449.08,454.09
ORD-2024-16727,P0267,WH_BLR_S,20,4285.0,551.06,86.06,0.0,4922.12,246.11
ORD-2024-16728,P0693,WH_BLR_S,6,2450.16,1085.27,25.82,0.0,3561.25,593.54
ORD-2024-16729,P0080,WH_NAGPUR_C,8,2340.64,558.84,34.42,0.0,2933.9,366.74
ORD-2024-16730,P0688,WH_KOLKATA_E,14,2645.16,865.98,60.24,0.0,3571.38,255.1
ORD-2024-16731,P0404,WH_DELHI_N,5,3134.6499999999996,682.86,21.51,0.0,3839.02,767.8
ORD-2024-16732,P0266,WH_NAGPUR_C,36,7560.72,508.95,154.91,0.0,8224.58,228.46
ORD-2024-16733,P0408,WH_NAGPUR_C,48,8143.200000000001,1577.34,206.54,0.0,9927.08,206.81
ORD-2024-16734,P0432,WH_BLR_S,38,29024.78,130.08,163.51,0.0,29318.37,771.54
ORD-2024-16735,P0470,WH_BLR_S,3,2146.5,592.64,12.91,0.0,2752.05,917.35
ORD-2024-16736,P0708,WH_KOLKATA_E,36,7510.68,1132.55,154.91,0.0,8798.14,244.39
ORD-2024-16737,P0956,WH_MUMBAI_W,22,15672.58,873.72,94.67,0.0,16640.97,756.41
ORD-2024-16738,P0641,WH_KOLKATA_E,8,4236.0,862.55,34.42,0.0,5132.97,641.62
ORD-2024-16739,P0567,WH_DELHI_N,14,5171.04,906.91,60.24,0.0,6138.19,438.44
ORD-2024-16740,P0824,WH_DELHI_N,7,5776.259999999999,1291.03,30.12,0.0,7097.41,1013.92
ORD-2024-16741,P0517,WH_NAGPUR_C,4,1191.96,318.24,17.21,0.0,1527.41,381.85
ORD-2024-16742,P0975,WH_BLR_S,19,797.6199999999999,277.3,81.76,0.0,1156.68,60.88
ORD-2024-16743,P0332,WH_KOLKATA_E,43,27360.899999999998,617.65,185.03,0.0,28163.58,654.97
ORD-2024-16744,P0596,WH_MUMBAI_W,47,11209.03,834.9,202.24,0.0,12246.17,260.56
ORD-2024-16745,P0125,WH_DELHI_N,24,4620.72,1360.28,103.27,0.0,6084.27,253.51
ORD-2024-16746,P0021,WH_DELHI_N,16,3956.32,242.17,68.85,0.0,4267.34,266.71
ORD-2024-16747,P0280,WH_BLR_S,6,3256.44,1078.1,25.82,0.0,4360.36,726.73
ORD-2024-16748,P0176,WH_MUMBAI_W,44,4975.08,576.02,189.33,0.0,5740.43,130.46
ORD-2024-16749,P0125,WH_NAGPUR_C,8,1540.24,877.66,34.42,0.0,2452.32,306.54
ORD-2024-16750,P0988,WH_BLR_S,25,20449.5,982.12,107.57,0.0,21539.19,861.57
ORD-2024-16751,P0062,WH_BLR_S,32,3858.88,419.4,137.69,0.0,4415.97,138.0
ORD-2024-16752,P0755,WH_BLR_S,25,15191.25,504.65,107.57,0.0,15803.47,632.14
ORD-2024-16753,P0530,WH_MUMBAI_W,10,623.1,1221.37,43.03,0.0,1887.5,188.75
ORD-2024-16754,P0620,WH_KOLKATA_E,43,5100.66,1487.15,185.03,0.0,6772.84,157.51
ORD-2024-16755,P0754,WH_MUMBAI_W,41,29506.469999999998,540.82,176.42,0.0,30223.71,737.16
ORD-2024-16756,P0159,WH_BLR_S,17,6743.22,1064.03,73.15,0.0,7880.4,463.55
ORD-2024-16757,P0914,WH_MUMBAI_W,46,17822.7,985.01,197.94,0.0,19005.65,413.17
ORD-2024-16758,P0154,WH_BLR_S,3,1127.25,1023.99,12.91,0.0,2164.15,721.38
ORD-2024-16759,P0673,WH_NAGPUR_C,9,4474.26,1336.91,38.73,0.0,5849.9,649.99
ORD-2024-16760,P0801,WH_KOLKATA_E,18,10618.199999999999,1008.53,77.45,0.0,11704.18,650.23
ORD-2024-16761,P0633,WH_DELHI_N,49,23900.73,1319.66,210.85,0.0,25431.24,519.0
ORD-2024-16762,P0353,WH_MUMBAI_W,30,24280.2,788.73,129.09,0.0,25198.02,839.93
ORD-2024-16763,P0746,WH_DELHI_N,5,2946.35,158.45,21.51,0.0,3126.31,625.26
ORD-2024-16764,P0994,WH_NAGPUR_C,32,10745.92,386.87,137.69,0.0,11270.48,352.2
ORD-2024-16765,P0673,WH_KOLKATA_E,27,13422.779999999999,1104.96,116.18,0.0,14643.92,542.37
ORD-2024-16766,P0188,WH_NAGPUR_C,21,16818.48,590.12,90.36,0.0,17498.96,833.28
ORD-2024-16767,P0673,WH_NAGPUR_C,24,11931.36,875.99,103.27,0.0,12910.62,537.94
ORD-2024-16768,P0491,WH_KOLKATA_E,38,2171.32,1358.67,163.51,0.0,3693.5,97.2
ORD-2024-16769,P0357,WH_DELHI_N,3,1456.77,1015.11,12.91,0.0,2484.79,828.26
ORD-2024-16770,P0589,WH_DELHI_N,16,4597.6,1252.24,68.85,0.0,5918.69,369.92
ORD-2024-16771,P0992,WH_BLR_S,15,7675.65,167.21,64.54,0.0,7907.4,527.16
ORD-2024-16772,P0565,WH_DELHI_N,25,2965.25,1598.81,107.57,0.0,4671.63,186.87
ORD-2024-16773,P0276,WH_MUMBAI_W,8,5272.48,733.62,34.42,0.0,6040.52,755.06
ORD-2024-16774,P0533,WH_DELHI_N,41,7277.5,1200.45,176.42,0.0,8654.37,211.08
ORD-2024-16775,P0568,WH_MUMBAI_W,4,3025.84,774.23,17.21,0.0,3817.28,954.32
ORD-2024-16776,P0432,WH_DELHI_N,32,24441.92,425.49,137.69,0.0,25005.1,781.41
ORD-2024-16777,P0651,WH_DELHI_N,45,10561.05,969.74,193.63,0.0,11724.42,260.54
ORD-2024-16778,P0568,WH_DELHI_N,35,26476.100000000002,141.94,150.6,0.0,26768.64,764.82
ORD-2024-16779,P0062,WH_NAGPUR_C,30,3617.7000000000003,143.82,129.09,0.0,3890.61,129.69
ORD-2024-16780,P0319,WH_MUMBAI_W,39,2363.79,568.9,167.82,0.0,3100.51,79.5
ORD-2024-16781,P0642,WH_NAGPUR_C,48,23425.44,751.76,206.54,0.0,24383.74,507.99
ORD-2024-16782,P0159,WH_KOLKATA_E,49,19436.34,546.14,210.85,0.0,20193.33,412.11
ORD-2024-16783,P0716,WH_KOLKATA_E,30,11135.1,1523.55,129.09,0.0,12787.74,426.26
ORD-2024-16784,P0821,WH_DELHI_N,17,8420.1,256.29,73.15,0.0,8749.54,514.68
ORD-2024-16785,P0962,WH_DELHI_N,19,2310.02,1319.83,81.76,0.0,3711.61,195.35
ORD-2024-16786,P0368,WH_MUMBAI_W,31,25382.489999999998,779.17,133.39,0.0,26295.05,848.23
ORD-2024-16787,P0918,WH_KOLKATA_E,17,7381.91,1262.75,73.15,0.0,8717.81,512.81
ORD-2024-16788,P0952,WH_NAGPUR_C,2,996.18,1500.05,8.61,0.0,2504.84,1252.42
ORD-2024-16789,P0911,WH_KOLKATA_E,37,1079.66,989.33,159.21,0.0,2228.2,60.22
ORD-2024-16790,P0852,WH_DELHI_N,48,31742.399999999998,829.34,206.54,0.0,32778.28,682.88
ORD-2024-16791,P0410,WH_MUMBAI_W,29,14885.989999999998,1021.16,124.79,0.0,16031.94,552.83
ORD-2024-16792,P0479,WH_DELHI_N,30,20869.2,1513.7,129.09,0.0,22511.99,750.4
ORD-2024-16793,P0592,WH_NAGPUR_C,43,27251.68,149.76,185.03,0.0,27586.47,641.55
ORD-2024-16794,P0030,WH_KOLKATA_E,22,8538.86,1002.3,94.67,0.0,9635.83,437.99
ORD-2024-16795,P0857,WH_KOLKATA_E,38,19661.2,863.76,163.51,0.0,20688.47,544.43
ORD-2024-16796,P0712,WH_DELHI_N,11,2813.8,1344.54,47.33,0.0,4205.67,382.33
ORD-2024-16797,P0592,WH_BLR_S,33,20914.079999999998,292.92,142.0,0.0,21349.0,646.94
ORD-2024-16798,P0220,WH_DELHI_N,19,11375.490000000002,1013.9,81.76,0.0,12471.15,656.38
ORD-2024-16799,P0345,WH_DELHI_N,3,2110.77,533.94,12.91,0.0,2657.62,885.87
ORD-2024-16800,P0154,WH_KOLKATA_E,40,15030.0,1291.24,172.12,0.0,16493.36,412.33
ORD-2024-16801,P0300,WH_KOLKATA_E,22,8885.36,133.17,94.67,0.0,9113.2,414.24
ORD-2024-16802,P0971,WH_KOLKATA_E,18,10187.460000000001,1293.69,77.45,0.0,11558.6,642.14
ORD-2024-16803,P0627,WH_NAGPUR_C,45,37989.0,228.23,193.63,0.0,38410.86,853.57
ORD-2024-16804,P0834,WH_NAGPUR_C,30,19169.100000000002,1405.68,129.09,0.0,20703.87,690.13
ORD-2024-16805,P0332,WH_NAGPUR_C,1,636.3,920.61,4.3,0.0,1561.21,1561.21
ORD-2024-16806,P0994,WH_DELHI_N,20,6716.2,1554.75,86.06,0.0,8357.01,417.85
ORD-2024-16807,P0410,WH_DELHI_N,49,25152.19,95.6674,210.85,0.0,25458.71,519.57
ORD-2024-16808,P0754,WH_NAGPUR_C,5,3598.35,1457.88,21.51,0.0,5077.74,1015.55
ORD-2024-16809,P0824,WH_NAGPUR_C,12,9902.16,912.67,51.64,0.0,10866.47,905.54
ORD-2024-16810,P0651,WH_DELHI_N,11,2581.59,165.56,47.33,0.0,2794.48,254.04
ORD-2024-16811,P0213,WH_DELHI_N,24,10333.92,1487.78,103.27,0.0,11924.97,496.87
ORD-2024-16812,P0981,WH_BLR_S,18,1139.76,558.68,77.45,0.0,1775.89,98.66
ORD-2024-16813,P0608,WH_KOLKATA_E,8,6682.32,482.26,34.42,0.0,7199.0,899.88
ORD-2024-16814,P0693,WH_DELHI_N,29,11842.44,237.5,124.79,0.0,12204.73,420.85
ORD-2024-16815,P0965,WH_KOLKATA_E,22,5426.3,866.85,94.67,0.0,6387.82,290.36
ORD-2024-16816,P0084,WH_BLR_S,45,36863.1,1173.92,193.63,0.0,38230.65,849.57
ORD-2024-16817,P0279,WH_NAGPUR_C,2,1385.44,597.75,8.61,0.0,1991.8,995.9
ORD-2024-16818,P0230,WH_NAGPUR_C,23,8064.26,1109.87,98.97,0.0,9273.1,403.18
ORD-2024-16819,P0530,WH_KOLKATA_E,16,996.96,1299.98,68.85,0.0,2365.79,147.86
ORD-2024-16820,P0064,WH_DELHI_N,44,11072.6,694.32,189.33,0.0,11956.25,271.73
ORD-2024-16821,P0220,WH_BLR_S,8,4789.68,1580.7,34.42,0.0,6404.8,800.6
ORD-2024-16822,P0746,WH_BLR_S,4,2357.08,226.09,17.21,0.0,2600.38,650.1
ORD-2024-16823,P0491,WH_NAGPUR_C,14,799.96,1132.35,60.24,0.0,1992.55,142.32
ORD-2024-16824,P0319,WH_MUMBAI_W,9,545.49,1177.85,38.73,0.0,1762.07,195.79
ORD-2024-16825,P0342,WH_BLR_S,11,1553.86,990.44,47.33,0.0,2591.63,235.6
ORD-2024-16826,P0091,WH_DELHI_N,48,31992.96,362.03,206.54,0.0,32561.53,678.37
ORD-2024-16827,P0569,WH_NAGPUR_C,38,23598.76,938.93,163.51,0.0,24701.2,650.03
ORD-2024-16828,P0783,WH_MUMBAI_W,44,24126.960000000003,397.56,189.33,0.0,24713.85,561.68
ORD-2024-16829,P0904,WH_BLR_S,16,3544.64,272.88,68.85,0.0,3886.37,242.9
ORD-2024-16830,P0651,WH_NAGPUR_C,13,3050.97,981.76,55.94,0.0,4088.67,314.51
ORD-2024-16831,P0076,WH_MUMBAI_W,36,8325.36,953.98,154.91,0.0,9434.25,262.06
ORD-2024-16832,P0368,WH_DELHI_N,44,36026.759999999995,1331.86,189.33,0.0,37547.95,853.36
ORD-2024-16833,P0470,WH_DELHI_N,36,25758.0,506.91,154.91,0.0,26419.82,733.88
ORD-2024-16834,P0347,WH_DELHI_N,17,14090.96,1477.85,73.15,0.0,15641.96,920.12
ORD-2024-16835,P0837,WH_BLR_S,14,9103.08,1020.58,60.24,0.0,10183.9,727.42
ORD-2024-16836,P0748,WH_KOLKATA_E,29,5225.799999999999,1062.59,124.79,0.0,6413.18,221.14
ORD-2024-16837,P0840,WH_NAGPUR_C,17,5563.25,393.23,73.15,0.0,6029.63,354.68
ORD-2024-16838,P0994,WH_NAGPUR_C,1,335.81,1292.99,4.3,0.0,1633.1,1633.1
ORD-2024-16839,P0088,WH_NAGPUR_C,20,4077.4,1103.35,86.06,0.0,5266.81,263.34
ORD-2024-16840,P0069,WH_NAGPUR_C,33,3321.7799999999997,427.5,142.0,0.0,3891.28,117.92
ORD-2024-16841,P0909,WH_DELHI_N,2,661.56,915.11,8.61,0.0,1585.28,792.64
ORD-2024-16842,P0109,WH_NAGPUR_C,17,7722.25,731.93,73.15,0.0,8527.33,501.61
ORD-2024-16843,P0109,WH_NAGPUR_C,23,10447.75,1518.6,98.97,0.0,12065.32,524.58
ORD-2024-16844,P0363,WH_MUMBAI_W,22,15136.66,1627.33,94.67,0.0,16858.66,766.3
ORD-2024-16845,P0041,WH_NAGPUR_C,1,245.09,1088.97,4.3,0.0,1338.36,1338.36
ORD-2024-16846,P0824,WH_KOLKATA_E,12,9902.16,614.8,51.64,0.0,10568.6,880.72
ORD-2024-16847,P0115,WH_MUMBAI_W,13,9962.029999999999,845.95,55.94,0.0,10863.92,835.69
ORD-2024-16848,P0125,WH_MUMBAI_W,14,2695.42,567.92,60.24,0.0,3323.58,237.4
ORD-2024-16849,P0213,WH_BLR_S,10,4305.8,1229.57,43.03,0.0,5578.4,557.84
ORD-2024-16850,P0030,WH_MUMBAI_W,12,4657.5599999999995,970.36,51.64,0.0,5679.56,473.3
ORD-2024-16851,P0633,WH_KOLKATA_E,22,10730.939999999999,920.45,94.67,0.0,11746.06,533.91
ORD-2024-16852,P0708,WH_DELHI_N,18,3755.34,314.1,77.45,0.0,4146.89,230.38
ORD-2024-16853,P0693,WH_DELHI_N,39,15926.04,254.5,167.82,0.0,16348.36,419.19
ORD-2024-16854,P0056,WH_MUMBAI_W,19,12939.57,440.33,81.76,0.0,13461.66,708.51
ORD-2024-16855,P0316,WH_NAGPUR_C,30,21060.899999999998,691.71,129.09,0.0,21881.7,729.39
ORD-2024-16856,P0105,WH_MUMBAI_W,15,10210.800000000001,837.9,64.54,0.0,11113.24,740.88
ORD-2024-16857,P0791,WH_NAGPUR_C,39,13280.669999999998,1440.28,167.82,0.0,14888.77,381.76
ORD-2024-16858,P0161,WH_NAGPUR_C,14,4010.4399999999996,1233.86,60.24,0.0,5304.54,378.9
ORD-2024-16859,P0852,WH_DELHI_N,9,5951.7,1033.92,38.73,0.0,7024.35,780.48
ORD-2024-16860,P0544,WH_MUMBAI_W,5,2281.25,181.0,21.51,0.0,2483.76,496.75
ORD-2024-16861,P0116,WH_BLR_S,33,5818.2300000000005,1012.55,142.0,0.0,6972.78,211.3
ORD-2024-16862,P0371,WH_MUMBAI_W,48,8226.72,1578.33,206.54,0.0,10011.59,208.57
ORD-2024-16863,P0056,WH_KOLKATA_E,5,3405.1499999999996,852.05,21.51,0.0,4278.71,855.74
ORD-2024-16864,P0097,WH_NAGPUR_C,24,5536.08,917.12,103.27,0.0,6556.47,273.19
ORD-2024-16865,P0822,WH_DELHI_N,8,3405.04,240.9,34.42,0.0,3680.36,460.04
ORD-2024-16866,P0230,WH_DELHI_N,19,6661.78,506.77,81.76,0.0,7250.31,381.6
ORD-2024-16867,P0458,WH_MUMBAI_W,12,9789.599999999999,1030.09,51.64,0.0,10871.33,905.94
ORD-2024-16868,P0595,WH_KOLKATA_E,8,1902.4,1367.75,34.42,0.0,3304.57,413.07
ORD-2024-16869,P0487,WH_NAGPUR_C,8,353.6,1265.49,34.42,0.0,1653.51,206.69
ORD-2024-16870,P0005,WH_NAGPUR_C,38,13485.82,1327.17,163.51,0.0,14976.5,394.12
ORD-2024-16871,P0213,WH_BLR_S,20,8611.6,1325.0,86.06,0.0,10022.66,501.13
ORD-2024-16872,P0195,WH_MUMBAI_W,29,16728.94,1046.27,124.79,0.0,17900.0,617.24
ORD-2024-16873,P0867,WH_MUMBAI_W,41,31983.280000000002,849.32,176.42,0.0,33009.02,805.1
ORD-2024-16874,P0988,WH_NAGPUR_C,34,27811.32,619.19,146.3,0.0,28576.81,840.49
ORD-2024-16875,P0347,WH_BLR_S,18,14919.84,1394.61,77.45,0.0,16391.9,910.66
ORD-2024-16876,P0569,WH_DELHI_N,1,621.02,752.88,4.3,0.0,1378.2,1378.2
ORD-2024-16877,P0022,WH_BLR_S,11,6370.65,971.97,47.33,0.0,7389.95,671.81
ORD-2024-16878,P0866,WH_BLR_S,47,26288.980000000003,1607.04,202.24,0.0,28098.26,597.84
ORD-2024-16879,P0487,WH_DELHI_N,44,1944.8000000000002,584.02,189.33,0.0,2718.15,61.78
ORD-2024-16880,P0188,WH_BLR_S,35,28030.8,823.39,150.6,0.0,29004.79,828.71
ORD-2024-16881,P0956,WH_DELHI_N,32,22796.48,299.53,137.69,0.0,23233.7,726.05
ORD-2024-16882,P0822,WH_DELHI_N,42,17876.46,664.62,180.72,0.0,18721.8,445.76
ORD-2024-16883,P0022,WH_MUMBAI_W,16,9266.4,1501.86,68.85,0.0,10837.11,677.32
ORD-2024-16884,P0840,WH_MUMBAI_W,6,1963.5,564.18,25.82,0.0,2553.5,425.58
ORD-2024-16885,P0524,WH_DELHI_N,9,1344.06,1398.47,38.73,0.0,2781.26,309.03
ORD-2024-16886,P0266,WH_KOLKATA_E,40,8400.800000000001,908.3,172.12,0.0,9481.22,237.03
ORD-2024-16887,P0822,WH_NAGPUR_C,22,9363.86,843.7,94.67,0.0,10302.23,468.28
ORD-2024-16888,P0228,WH_BLR_S,48,12243.36,1523.47,206.54,0.0,13973.37,291.11
ORD-2024-16889,P0030,WH_BLR_S,8,3105.04,890.3,34.42,0.0,4029.76,503.72
ORD-2024-16890,P0228,WH_MUMBAI_W,32,8162.24,578.35,137.69,0.0,8878.28,277.45
ORD-2024-16891,P0286,WH_BLR_S,26,2666.04,1061.48,111.88,0.0,3839.4,147.67
ORD-2024-16892,P0356,WH_MUMBAI_W,18,14753.88,973.82,77.45,0.0,15805.15,878.06
ORD-2024-16893,P0530,WH_DELHI_N,37,2305.4700000000003,869.82,159.21,0.0,3334.5,90.12
ORD-2024-16894,P0565,WH_DELHI_N,12,1423.32,1374.03,51.64,0.0,2848.99,237.42
ORD-2024-16895,P0084,WH_KOLKATA_E,38,31128.839999999997,1203.85,163.51,0.0,32496.2,855.16
ORD-2024-16896,P0220,WH_KOLKATA_E,34,20356.14,712.52,146.3,0.0,21214.96,623.97
ORD-2024-16897,P0353,WH_NAGPUR_C,4,3237.36,416.8,17.21,0.0,3671.37,917.84
ORD-2024-16898,P0791,WH_MUMBAI_W,16,5448.48,169.76,68.85,0.0,5687.09,355.44
ORD-2024-16899,P0763,WH_BLR_S,24,19796.88,493.18,103.27,0.0,20393.33,849.72
ORD-2024-16900,P0992,WH_DELHI_N,14,7163.94,1481.28,60.24,0.0,8705.46,621.82
ORD-2024-16901,P0584,WH_KOLKATA_E,17,8161.02,254.46,73.15,0.0,8488.63,499.33
ORD-2024-16902,P0084,WH_MUMBAI_W,31,25394.579999999998,1632.7206,133.39,0.0,27160.69,876.15
ORD-2024-16903,P0193,WH_BLR_S,4,1432.64,1085.97,17.21,0.0,2535.82,633.96
ORD-2024-16904,P0159,WH_MUMBAI_W,44,17453.04,829.86,189.33,0.0,18472.23,419.82
ORD-2024-16905,P0391,WH_DELHI_N,34,26889.24,1344.8,146.3,0.0,28380.34,834.72
ORD-2024-16906,P0131,WH_MUMBAI_W,38,2941.2000000000003,512.76,163.51,0.0,3617.47,95.2
ORD-2024-16907,P0143,WH_NAGPUR_C,38,24055.899999999998,190.43,163.51,0.0,24409.84,642.36
ORD-2024-16908,P0780,WH_BLR_S,3,1916.52,378.19,12.91,0.0,2307.62,769.21
ORD-2024-16909,P0266,WH_MUMBAI_W,8,1680.16,1310.03,34.42,0.0,3024.61,378.08
ORD-2024-16910,P0356,WH_MUMBAI_W,12,9835.92,1008.11,51.64,0.0,10895.67,907.97
ORD-2024-16911,P0719,WH_BLR_S,35,8200.15,731.71,150.6,0.0,9082.46,259.5
ORD-2024-16912,P0408,WH_DELHI_N,2,339.3,1225.47,8.61,0.0,1573.38,786.69
ORD-2024-16913,P0672,WH_BLR_S,29,7216.9400000000005,854.76,124.79,0.0,8196.49,282.64
ORD-2024-16914,P0627,WH_NAGPUR_C,23,19416.600000000002,836.97,98.97,0.0,20352.54,884.89
ORD-2024-16915,P0491,WH_BLR_S,33,1885.6200000000001,1482.43,142.0,0.0,3510.05,106.37
ORD-2024-16916,P0109,WH_BLR_S,18,8176.5,916.35,77.45,0.0,9170.3,509.46
ORD-2024-16917,P0627,WH_BLR_S,40,33768.0,1123.55,172.12,0.0,35063.67,876.59
ORD-2024-16918,P0342,WH_BLR_S,22,3107.72,1112.65,94.67,0.0,4315.04,196.14
ORD-2024-16919,P0154,WH_KOLKATA_E,14,5260.5,520.46,60.24,0.0,5841.2,417.23
ORD-2024-16920,P0479,WH_MUMBAI_W,29,20173.56,1632.7206,124.79,0.0,21931.07,756.24
ORD-2024-16921,P0335,WH_BLR_S,45,37897.65,303.76,193.63,0.0,38395.04,853.22
ORD-2024-16922,P0080,WH_BLR_S,15,4388.7,558.17,64.54,0.0,5011.41,334.09
ORD-2024-16923,P0266,WH_KOLKATA_E,15,3150.3,525.29,64.54,0.0,3740.13,249.34
ORD-2024-16924,P0222,WH_BLR_S,45,8506.8,1514.75,193.63,0.0,10215.18,227.0
ORD-2024-16925,P0432,WH_KOLKATA_E,4,3055.24,1027.16,17.21,0.0,4099.61,1024.9
ORD-2024-16926,P0364,WH_DELHI_N,36,30107.52,694.73,154.91,0.0,30957.16,859.92
ORD-2024-16927,P0131,WH_BLR_S,5,387.0,562.56,21.51,0.0,971.07,194.21
ORD-2024-16928,P0449,WH_NAGPUR_C,3,937.9499999999999,315.42,12.91,0.0,1266.28,422.09
ORD-2024-16929,P0091,WH_KOLKATA_E,12,7998.24,95.6674,51.64,0.0,8145.55,678.8
ORD-2024-16930,P0161,WH_KOLKATA_E,20,5729.2,307.49,86.06,0.0,6122.75,306.14
ORD-2024-16931,P0347,WH_MUMBAI_W,44,36470.72,804.56,189.33,0.0,37464.61,851.47
ORD-2024-16932,P0422,WH_BLR_S,20,8576.0,607.49,86.06,0.0,9269.55,463.48
ORD-2024-16933,P0962,WH_KOLKATA_E,39,4741.62,1558.51,167.82,0.0,6467.95,165.84
ORD-2024-16934,P0909,WH_BLR_S,39,12900.419999999998,571.0,167.82,0.0,13639.24,349.72
ORD-2024-16935,P0056,WH_MUMBAI_W,1,681.03,1277.49,4.3,0.0,1962.82,1962.82
ORD-2024-16936,P0918,WH_KOLKATA_E,44,19106.120000000003,1328.3,189.33,0.0,20623.75,468.72
ORD-2024-16937,P0608,WH_DELHI_N,3,2505.87,516.94,12.91,0.0,3035.72,1011.91
ORD-2024-16938,P0634,WH_KOLKATA_E,47,34549.700000000004,455.18,202.24,0.0,35207.12,749.09
ORD-2024-16939,P0595,WH_BLR_S,9,2140.2000000000003,1304.28,38.73,0.0,3483.21,387.02
ORD-2024-16940,P0143,WH_DELHI_N,20,12661.0,1586.47,86.06,0.0,14333.53,716.68
ORD-2024-16941,P0487,WH_KOLKATA_E,9,397.8,832.13,38.73,0.0,1268.66,140.96
ORD-2024-16942,P0116,WH_DELHI_N,31,5465.61,734.5,133.39,0.0,6333.5,204.31
ORD-2024-16943,P0218,WH_DELHI_N,46,37781.64,129.78,197.94,0.0,38109.36,828.46
ORD-2024-16944,P0176,WH_MUMBAI_W,28,3165.96,1291.18,120.48,0.0,4577.62,163.49
ORD-2024-16945,P0821,WH_KOLKATA_E,35,17335.5,554.15,150.6,0.0,18040.25,515.44
ORD-2024-16946,P0088,WH_BLR_S,40,8154.8,439.47,172.12,0.0,8766.39,219.16
ORD-2024-16947,P0700,WH_NAGPUR_C,38,31222.7,383.74,163.51,0.0,31769.95,836.05
ORD-2024-16948,P0109,WH_NAGPUR_C,44,19987.0,1162.54,189.33,0.0,21338.87,484.97
ORD-2024-16949,P0342,WH_DELHI_N,2,282.52,751.81,8.61,0.0,1042.94,521.47
ORD-2024-16950,P0202,WH_BLR_S,3,865.29,1354.53,12.91,0.0,2232.73,744.24
ORD-2024-16951,P0716,WH_DELHI_N,14,5196.38,247.96,60.24,0.0,5504.58,393.18
ORD-2024-16952,P0011,WH_DELHI_N,17,7251.52,1159.06,73.15,0.0,8483.73,499.04
ORD-2024-16953,P0056,WH_BLR_S,35,23836.05,1518.32,150.6,0.0,25504.97,728.71
ORD-2024-16954,P0011,WH_DELHI_N,4,1706.24,1324.0,17.21,0.0,3047.45,761.86
ORD-2024-16955,P0620,WH_NAGPUR_C,47,5575.14,455.98,202.24,0.0,6233.36,132.62
ORD-2024-16956,P0866,WH_MUMBAI_W,30,16780.2,1021.91,129.09,0.0,17931.2,597.71
ORD-2024-16957,P0465,WH_DELHI_N,39,23127.39,1602.71,167.82,0.0,24897.92,638.41
ORD-2024-16958,P0867,WH_BLR_S,14,10921.12,1244.93,60.24,0.0,12226.29,873.31
ORD-2024-16959,P0449,WH_MUMBAI_W,48,15007.199999999999,1346.7,206.54,0.0,16560.44,345.01
ORD-2024-16960,P0911,WH_BLR_S,27,787.86,1516.03,116.18,0.0,2420.07,89.63
ORD-2024-16961,P0465,WH_KOLKATA_E,13,7709.13,195.56,55.94,0.0,7960.63,612.36
ORD-2024-16962,P0056,WH_DELHI_N,20,13620.599999999999,378.82,86.06,0.0,14085.48,704.27
ORD-2024-16963,P0070,WH_NAGPUR_C,49,26022.430000000004,1263.6,210.85,0.0,27496.88,561.16
ORD-2024-16964,P0458,WH_DELHI_N,49,39974.2,1374.32,210.85,0.0,41559.37,848.15
ORD-2024-16965,P0544,WH_DELHI_N,24,10950.0,318.57,103.27,0.0,11371.84,473.83
ORD-2024-16966,P0041,WH_BLR_S,10,2450.9,1381.99,43.03,0.0,3875.92,387.59
ORD-2024-16967,P0294,WH_BLR_S,7,265.3,600.26,30.12,0.0,895.68,127.95
ORD-2024-16968,P0247,WH_BLR_S,17,648.89,1517.81,73.15,0.0,2239.85,131.76
ORD-2024-16969,P0716,WH_MUMBAI_W,22,8165.740000000001,239.22,94.67,0.0,8499.63,386.35
ORD-2024-16970,P0866,WH_MUMBAI_W,44,24610.960000000003,932.94,189.33,0.0,25733.23,584.85
ORD-2024-16971,P0220,WH_DELHI_N,11,6585.81,1632.7206,47.33,0.0,8265.86,751.44
ORD-2024-16972,P0038,WH_DELHI_N,42,16661.399999999998,991.71,180.72,0.0,17833.83,424.62
ORD-2024-16973,P0663,WH_BLR_S,23,18837.46,247.93,98.97,0.0,19184.36,834.1
ORD-2024-16974,P0627,WH_BLR_S,22,18572.4,251.05,94.67,0.0,18918.12,859.91
ORD-2024-16975,P0837,WH_MUMBAI_W,40,26008.800000000003,926.28,172.12,0.0,27107.2,677.68
ORD-2024-16976,P0521,WH_NAGPUR_C,47,27252.010000000002,1111.53,202.24,0.0,28565.78,607.78
ORD-2024-16977,P0584,WH_BLR_S,18,8641.08,1280.82,77.45,0.0,9999.35,555.52
ORD-2024-16978,P0533,WH_MUMBAI_W,45,7987.5,935.22,193.63,0.0,9116.35,202.59
ORD-2024-16979,P0011,WH_BLR_S,26,11090.56,585.78,111.88,0.0,11788.22,453.39
ORD-2024-16980,P0911,WH_NAGPUR_C,48,1400.6399999999999,264.57,206.54,0.0,1871.75,38.99
ORD-2024-16981,P0070,WH_MUMBAI_W,30,15932.100000000002,1177.88,129.09,0.0,17239.07,574.64
ORD-2024-16982,P0161,WH_DELHI_N,13,3723.9799999999996,968.02,55.94,0.0,4747.94,365.23
ORD-2024-16983,P0131,WH_DELHI_N,4,309.6,488.95,17.21,0.0,815.76,203.94
ORD-2024-16984,P0824,WH_KOLKATA_E,43,35482.74,1602.18,185.03,0.0,37269.95,866.74
ORD-2024-16985,P0642,WH_KOLKATA_E,27,13176.81,987.3,116.18,0.0,14280.29,528.9
ORD-2024-16986,P0458,WH_BLR_S,40,32632.0,1245.27,172.12,0.0,34049.39,851.23
ORD-2024-16987,P0222,WH_DELHI_N,10,1890.3999999999999,1024.69,43.03,0.0,2958.12,295.81
ORD-2024-16988,P0693,WH_NAGPUR_C,44,17967.84,376.53,189.33,0.0,18533.7,421.22
ORD-2024-16989,P0712,WH_MUMBAI_W,28,7162.400000000001,1527.35,120.48,0.0,8810.23,314.65
ORD-2024-16990,P0261,WH_NAGPUR_C,21,9241.89,890.42,90.36,0.0,10222.67,486.79
ORD-2024-16991,P0748,WH_BLR_S,11,1982.1999999999998,1013.32,47.33,0.0,3042.85,276.62
ORD-2024-16992,P0884,WH_KOLKATA_E,20,5686.799999999999,905.78,86.06,0.0,6678.64,333.93
ORD-2024-16993,P0143,WH_MUMBAI_W,36,22789.8,1338.32,154.91,0.0,24283.03,674.53
ORD-2024-16994,P0641,WH_BLR_S,19,10060.5,1525.94,81.76,0.0,11668.2,614.12
ORD-2024-16995,P0279,WH_MUMBAI_W,10,6927.200000000001,615.5,43.03,0.0,7585.73,758.57
ORD-2024-16996,P0746,WH_KOLKATA_E,15,8839.05,1372.22,64.54,0.0,10275.81,685.05
ORD-2024-16997,P0102,WH_NAGPUR_C,45,4202.55,271.26,193.63,0.0,4667.44,103.72
ORD-2024-16998,P0796,WH_NAGPUR_C,45,25538.85,735.57,193.63,0.0,26468.05,588.18
ORD-2024-16999,P0097,WH_NAGPUR_C,18,4152.0599999999995,1450.58,77.45,0.0,5680.09,315.56
ORD-2024-17000,P0822,WH_KOLKATA_E,7,2979.41,994.87,30.12,0.0,4004.4,572.06
ORD-2024-17001,P0261,WH_DELHI_N,30,13202.699999999999,149.34,129.09,0.0,13481.13,449.37
ORD-2024-17002,P0188,WH_MUMBAI_W,14,11212.32,557.1,60.24,0.0,11829.66,844.98
ORD-2024-17003,P0998,WH_KOLKATA_E,37,2496.39,1124.09,159.21,0.0,3779.69,102.15
ORD-2024-17004,P0069,WH_MUMBAI_W,41,4127.0599999999995,648.59,176.42,0.0,4952.07,120.78
ORD-2024-17005,P0956,WH_MUMBAI_W,30,21371.7,414.7,129.09,0.0,21915.49,730.52
ORD-2024-17006,P0222,WH_DELHI_N,27,5104.08,1336.8,116.18,0.0,6557.06,242.85
ORD-2024-17007,P0119,WH_DELHI_N,49,11279.8,494.15,210.85,0.0,11984.8,244.59
ORD-2024-17008,P0131,WH_MUMBAI_W,37,2863.8,456.35,159.21,0.0,3479.36,94.04
ORD-2024-17009,P0088,WH_KOLKATA_E,48,9785.76,1101.34,206.54,0.0,11093.64,231.12
ORD-2024-17010,P0634,WH_BLR_S,41,30139.100000000002,1057.04,176.42,0.0,31372.56,765.18
ORD-2024-17011,P0554,WH_NAGPUR_C,17,12434.99,95.6674,73.15,0.0,12603.81,741.4
ORD-2024-17012,P0070,WH_NAGPUR_C,30,15932.100000000002,912.39,129.09,0.0,16973.58,565.79
ORD-2024-17013,P0569,WH_BLR_S,18,11178.36,120.95,77.45,0.0,11376.76,632.04
ORD-2024-17014,P0294,WH_BLR_S,3,113.69999999999999,1467.58,12.91,0.0,1594.19,531.4
ORD-2024-17015,P0569,WH_DELHI_N,28,17388.559999999998,1198.03,120.48,0.0,18707.07,668.11
ORD-2024-17016,P0714,WH_KOLKATA_E,37,2682.1299999999997,1248.95,159.21,0.0,4090.29,110.55
ORD-2024-17017,P0429,WH_MUMBAI_W,30,21483.3,1181.25,129.09,0.0,22793.64,759.79
ORD-2024-17018,P0491,WH_BLR_S,21,1199.94,319.59,90.36,0.0,1609.89,76.66
ORD-2024-17019,P0521,WH_DELHI_N,49,28411.670000000002,207.9,210.85,0.0,28830.42,588.38
ORD-2024-17020,P0907,WH_DELHI_N,20,3081.2,684.91,86.06,0.0,3852.17,192.61
ORD-2024-17021,P0231,WH_BLR_S,22,13090.439999999999,1288.2,94.67,0.0,14473.31,657.88
ORD-2024-17022,P0188,WH_MUMBAI_W,36,28831.68,1507.56,154.91,0.0,30494.15,847.06
ORD-2024-17023,P0627,WH_BLR_S,36,30391.2,455.7,154.91,0.0,31001.81,861.16
ORD-2024-17024,P0152,WH_MUMBAI_W,21,5229.42,1403.58,90.36,0.0,6723.36,320.16
ORD-2024-17025,P0521,WH_NAGPUR_C,24,13915.920000000002,247.38,103.27,0.0,14266.57,594.44
ORD-2024-17026,P0189,WH_NAGPUR_C,21,13358.73,525.35,90.36,0.0,13974.44,665.45
ORD-2024-17027,P0755,WH_BLR_S,7,4253.55,770.33,30.12,0.0,5054.0,722.0
ORD-2024-17028,P0822,WH_KOLKATA_E,8,3405.04,681.19,34.42,0.0,4120.65,515.08
ORD-2024-17029,P0432,WH_MUMBAI_W,22,16803.82,1328.64,94.67,0.0,18227.13,828.51
ORD-2024-17030,P0188,WH_DELHI_N,22,17619.36,774.08,94.67,0.0,18488.11,840.37
ORD-2024-17031,P0952,WH_MUMBAI_W,30,14942.699999999999,1291.85,129.09,0.0,16363.64,545.45
ORD-2024-17032,P0191,WH_DELHI_N,34,3117.8,1436.12,146.3,0.0,4700.22,138.24
ORD-2024-17033,P0583,WH_KOLKATA_E,29,11864.48,915.08,124.79,0.0,12904.35,444.98
ORD-2024-17034,P0521,WH_BLR_S,10,5798.3,776.31,43.03,0.0,6617.64,661.76
ORD-2024-17035,P0553,WH_BLR_S,5,1339.6000000000001,95.6674,21.51,0.0,1456.78,291.36
ORD-2024-17036,P0866,WH_BLR_S,49,27407.66,1185.84,210.85,0.0,28804.35,587.84
ORD-2024-17037,P0220,WH_KOLKATA_E,39,23349.690000000002,1561.07,167.82,0.0,25078.58,643.04
ORD-2024-17038,P0711,WH_KOLKATA_E,34,25631.92,571.19,146.3,0.0,26349.41,774.98
ORD-2024-17039,P0907,WH_BLR_S,38,5854.28,1478.54,163.51,0.0,7496.33,197.27
ORD-2024-17040,P0567,WH_BLR_S,10,3693.6000000000004,1576.04,43.03,0.0,5312.67,531.27
ORD-2024-17041,P0102,WH_KOLKATA_E,9,840.51,1084.15,38.73,0.0,1963.39,218.15
ORD-2024-17042,P0347,WH_NAGPUR_C,32,26524.16,1070.64,137.69,0.0,27732.49,866.64
ORD-2024-17043,P0319,WH_MUMBAI_W,5,303.05,1353.12,21.51,0.0,1677.68,335.54
ORD-2024-17044,P0971,WH_DELHI_N,35,19808.95,1580.99,150.6,0.0,21540.54,615.44
ORD-2024-17045,P0193,WH_DELHI_N,11,3939.76,1086.22,47.33,0.0,5073.31,461.21
ORD-2024-17046,P0176,WH_MUMBAI_W,42,4748.94,114.15,180.72,0.0,5043.81,120.09
ORD-2024-17047,P0195,WH_KOLKATA_E,16,9229.76,1197.09,68.85,0.0,10495.7,655.98
ORD-2024-17048,P0553,WH_KOLKATA_E,27,7233.84,582.9,116.18,0.0,7932.92,293.81
ORD-2024-17049,P0491,WH_BLR_S,20,1142.8,935.44,86.06,0.0,2164.3,108.22
ORD-2024-17050,P0553,WH_KOLKATA_E,1,267.92,1129.15,4.3,0.0,1401.37,1401.37
ORD-2024-17051,P0918,WH_KOLKATA_E,26,11289.98,623.92,111.88,0.0,12025.78,462.53
ORD-2024-17052,P0759,WH_MUMBAI_W,11,6059.68,202.96,47.33,0.0,6309.97,573.63
ORD-2024-17053,P0191,WH_NAGPUR_C,15,1375.5,824.29,64.54,0.0,2264.33,150.96
ORD-2024-17054,P0517,WH_NAGPUR_C,39,11621.61,757.57,167.82,0.0,12547.0,321.72
ORD-2024-17055,P0027,WH_NAGPUR_C,40,20730.8,1546.56,172.12,0.0,22449.48,561.24
ORD-2024-17056,P0673,WH_MUMBAI_W,48,23862.72,285.57,206.54,0.0,24354.83,507.39
ORD-2024-17057,P0139,WH_MUMBAI_W,18,10767.6,1346.85,77.45,0.0,12191.9,677.33
ORD-2024-17058,P0780,WH_BLR_S,24,15332.16,898.3,103.27,0.0,16333.73,680.57
ORD-2024-17059,P0866,WH_NAGPUR_C,28,15661.52,428.99,120.48,0.0,16210.99,578.96
ORD-2024-17060,P0822,WH_BLR_S,25,10640.75,601.04,107.57,0.0,11349.36,453.97
ORD-2024-17061,P0748,WH_DELHI_N,23,4144.599999999999,191.65,98.97,0.0,4435.22,192.84
ORD-2024-17062,P0188,WH_NAGPUR_C,11,8809.68,844.98,47.33,0.0,9701.99,882.0
ORD-2024-17063,P0202,WH_KOLKATA_E,33,9518.19,1412.71,142.0,0.0,11072.9,335.54
ORD-2024-17064,P0568,WH_KOLKATA_E,16,12103.36,1176.28,68.85,0.0,13348.49,834.28
ORD-2024-17065,P0592,WH_MUMBAI_W,36,22815.36,504.27,154.91,0.0,23474.54,652.07
ORD-2024-17066,P0161,WH_MUMBAI_W,23,6588.58,589.05,98.97,0.0,7276.6,316.37
ORD-2024-17067,P0876,WH_DELHI_N,6,2650.98,637.32,25.82,0.0,3314.12,552.35
ORD-2024-17068,P0222,WH_BLR_S,43,8128.719999999999,351.47,185.03,0.0,8665.22,201.52
ORD-2024-17069,P0356,WH_MUMBAI_W,24,19671.84,454.74,103.27,0.0,20229.85,842.91
ORD-2024-17070,P0064,WH_MUMBAI_W,38,9562.7,1185.85,163.51,0.0,10912.06,287.16
ORD-2024-17071,P0342,WH_MUMBAI_W,42,5932.92,995.12,180.72,0.0,7108.76,169.26
ORD-2024-17072,P0666,WH_KOLKATA_E,6,3754.68,678.92,25.82,0.0,4459.42,743.24
ORD-2024-17073,P0492,WH_BLR_S,10,6917.0,491.3,43.03,0.0,7451.33,745.13
ORD-2024-17074,P0491,WH_KOLKATA_E,22,1257.08,1178.07,94.67,0.0,2529.82,114.99
ORD-2024-17075,P0337,WH_DELHI_N,23,7638.99,334.71,98.97,0.0,8072.67,350.99
ORD-2024-17076,P0097,WH_NAGPUR_C,5,1153.35,337.61,21.51,0.0,1512.47,302.49
ORD-2024-17077,P0491,WH_DELHI_N,28,1599.92,548.25,120.48,0.0,2268.65,81.02
ORD-2024-17078,P0088,WH_KOLKATA_E,9,1834.83,1355.35,38.73,0.0,3228.91,358.77
ORD-2024-17079,P0337,WH_MUMBAI_W,39,12953.07,1453.1,167.82,0.0,14573.99,373.69
ORD-2024-17080,P0076,WH_BLR_S,49,11331.74,197.8,210.85,0.0,11740.39,239.6
ORD-2024-17081,P0620,WH_NAGPUR_C,44,5219.280000000001,937.31,189.33,0.0,6345.92,144.23
ORD-2024-17082,P0102,WH_KOLKATA_E,28,2614.92,1281.78,120.48,0.0,4017.18,143.47
ORD-2024-17083,P0300,WH_DELHI_N,25,10097.0,993.12,107.57,0.0,11197.69,447.91
ORD-2024-17084,P0592,WH_DELHI_N,43,27251.68,869.17,185.03,0.0,28305.88,658.28
ORD-2024-17085,P0641,WH_BLR_S,38,20121.0,1483.72,163.51,0.0,21768.23,572.85
ORD-2024-17086,P0565,WH_BLR_S,27,3202.47,1108.53,116.18,0.0,4427.18,163.97
ORD-2024-17087,P0533,WH_DELHI_N,24,4260.0,817.21,103.27,0.0,5180.48,215.85
ORD-2024-17088,P0432,WH_MUMBAI_W,43,32843.829999999994,414.24,185.03,0.0,33443.1,777.75
ORD-2024-17089,P0913,WH_KOLKATA_E,43,27932.370000000003,335.8,185.03,0.0,28453.2,661.7
ORD-2024-17090,P0893,WH_DELHI_N,46,26204.359999999997,472.94,197.94,0.0,26875.24,584.24
ORD-2024-17091,P0925,WH_NAGPUR_C,16,3843.84,939.99,68.85,0.0,4852.68,303.29
ORD-2024-17092,P0711,WH_KOLKATA_E,2,1507.76,963.04,8.61,0.0,2479.41,1239.7
ORD-2024-17093,P0544,WH_KOLKATA_E,2,912.5,1079.72,8.61,0.0,2000.83,1000.42
ORD-2024-17094,P0479,WH_KOLKATA_E,5,3478.2,361.4,21.51,0.0,3861.11,772.22
ORD-2024-17095,P0353,WH_NAGPUR_C,46,37229.64,881.44,197.94,0.0,38309.02,832.8
ORD-2024-17096,P0714,WH_BLR_S,21,1522.29,1093.91,90.36,0.0,2706.56,128.88
ORD-2024-17097,P0088,WH_DELHI_N,10,2038.7,1473.07,43.03,0.0,3554.8,355.48
ORD-2024-17098,P0748,WH_BLR_S,42,7568.4,613.39,180.72,0.0,8362.51,199.11
ORD-2024-17099,P0261,WH_MUMBAI_W,18,7921.62,596.75,77.45,0.0,8595.82,477.55
ORD-2024-17100,P0391,WH_MUMBAI_W,26,20562.36,1608.67,111.88,0.0,22282.91,857.04
ORD-2024-17101,P0904,WH_BLR_S,20,4430.8,289.42,86.06,0.0,4806.28,240.31
ORD-2024-17102,P0458,WH_NAGPUR_C,41,33447.799999999996,795.3,176.42,0.0,34419.52,839.5
ORD-2024-17103,P0521,WH_MUMBAI_W,36,20873.88,1578.83,154.91,0.0,22607.62,627.99
ORD-2024-17104,P0342,WH_BLR_S,49,6921.74,1056.52,210.85,0.0,8189.11,167.12
ORD-2024-17105,P0956,WH_NAGPUR_C,21,14960.19,991.3,90.36,0.0,16041.85,763.9
ORD-2024-17106,P0345,WH_BLR_S,2,1407.18,445.51,8.61,0.0,1861.3,930.65
ORD-2024-17107,P0205,WH_DELHI_N,46,25515.28,1108.79,197.94,0.0,26822.01,583.09
ORD-2024-17108,P0915,WH_NAGPUR_C,33,22630.739999999998,1632.7206,142.0,0.0,24405.46,739.56
ORD-2024-17109,P0363,WH_KOLKATA_E,23,15824.689999999999,763.13,98.97,0.0,16686.79,725.51
ORD-2024-17110,P0458,WH_NAGPUR_C,39,31816.199999999997,1352.72,167.82,0.0,33336.74,854.79
ORD-2024-17111,P0927,WH_NAGPUR_C,31,2910.59,95.6674,133.39,0.0,3139.65,101.28
ORD-2024-17112,P0796,WH_NAGPUR_C,4,2270.12,1399.23,17.21,0.0,3686.56,921.64
ORD-2024-17113,P0198,WH_MUMBAI_W,41,29401.920000000002,1551.19,176.42,0.0,31129.53,759.26
ORD-2024-17114,P0070,WH_DELHI_N,3,1593.21,1398.82,12.91,0.0,3004.94,1001.65
ORD-2024-17115,P0432,WH_KOLKATA_E,37,28260.969999999998,347.21,159.21,0.0,28767.39,777.5
ORD-2024-17116,P0372,WH_NAGPUR_C,10,6526.5,1041.46,43.03,0.0,7610.99,761.1
ORD-2024-17117,P0391,WH_MUMBAI_W,42,33216.12,286.5,180.72,0.0,33683.34,801.98
ORD-2024-17118,P0925,WH_NAGPUR_C,32,7687.68,249.26,137.69,0.0,8074.63,252.33
ORD-2024-17119,P0866,WH_MUMBAI_W,36,20136.24,199.55,154.91,0.0,20490.7,569.19
ORD-2024-17120,P0491,WH_BLR_S,49,2799.86,327.86,210.85,0.0,3338.57,68.13
ORD-2024-17121,P0027,WH_MUMBAI_W,27,13993.289999999999,829.0,116.18,0.0,14938.47,553.28
ORD-2024-17122,P0213,WH_MUMBAI_W,49,21098.42,1326.93,210.85,0.0,22636.2,461.96
ORD-2024-17123,P0357,WH_KOLKATA_E,19,9226.21,452.0,81.76,0.0,9759.97,513.68
ORD-2024-17124,P0189,WH_DELHI_N,38,24172.94,217.72,163.51,0.0,24554.17,646.16
ORD-2024-17125,P0254,WH_DELHI_N,1,55.81,795.73,4.3,0.0,855.84,855.84
ORD-2024-17126,P0021,WH_KOLKATA_E,26,6429.02,825.3,111.88,0.0,7366.2,283.32
ORD-2024-17127,P0125,WH_BLR_S,46,8856.38,816.02,197.94,0.0,9870.34,214.57
ORD-2024-17128,P0517,WH_MUMBAI_W,13,3873.87,908.62,55.94,0.0,4838.43,372.19
ORD-2024-17129,P0791,WH_BLR_S,35,11918.55,1519.18,150.6,0.0,13588.33,388.24
ORD-2024-17130,P0062,WH_DELHI_N,2,241.18,533.5,8.61,0.0,783.29,391.64
ORD-2024-17131,P0154,WH_DELHI_N,22,8266.5,1071.62,94.67,0.0,9432.79,428.76
ORD-2024-17132,P0131,WH_NAGPUR_C,39,3018.6000000000004,1321.57,167.82,0.0,4507.99,115.59
ORD-2024-17133,P0711,WH_DELHI_N,28,21108.64,889.9,120.48,0.0,22119.02,789.96
ORD-2024-17134,P0925,WH_NAGPUR_C,44,10570.560000000001,95.6674,189.33,0.0,10855.56,246.72
ORD-2024-17135,P0205,WH_KOLKATA_E,2,1109.36,607.26,8.61,0.0,1725.23,862.62
ORD-2024-17136,P0030,WH_NAGPUR_C,11,4269.43,1180.12,47.33,0.0,5496.88,499.72
ORD-2024-17137,P0975,WH_NAGPUR_C,48,2015.04,523.23,206.54,0.0,2744.81,57.18
ORD-2024-17138,P0709,WH_DELHI_N,37,17879.510000000002,1126.84,159.21,0.0,19165.56,517.99
ORD-2024-17139,P0102,WH_KOLKATA_E,26,2428.14,252.46,111.88,0.0,2792.48,107.4
ORD-2024-17140,P0840,WH_MUMBAI_W,28,9163.0,1094.92,120.48,0.0,10378.4,370.66
ORD-2024-17141,P0759,WH_MUMBAI_W,26,14322.88,761.95,111.88,0.0,15196.71,584.49
ORD-2024-17142,P0918,WH_NAGPUR_C,17,7381.91,1155.72,73.15,0.0,8610.78,506.52
ORD-2024-17143,P0143,WH_DELHI_N,3,1899.1499999999999,95.6674,12.91,0.0,2007.73,669.24
ORD-2024-17144,P0988,WH_DELHI_N,14,11451.720000000001,1602.79,60.24,0.0,13114.75,936.77
ORD-2024-17145,P0956,WH_NAGPUR_C,16,11398.24,1018.3,68.85,0.0,12485.39,780.34
ORD-2024-17146,P0466,WH_MUMBAI_W,49,10870.16,1115.93,210.85,0.0,12196.94,248.92
ORD-2024-17147,P0641,WH_NAGPUR_C,36,19062.0,1380.44,154.91,0.0,20597.35,572.15
ORD-2024-17148,P0408,WH_BLR_S,28,4750.2,286.11,120.48,0.0,5156.79,184.17
ORD-2024-17149,P0511,WH_DELHI_N,28,17153.36,304.71,120.48,0.0,17578.55,627.81
ORD-2024-17150,P0150,WH_MUMBAI_W,25,5613.25,352.54,107.57,0.0,6073.36,242.93
ORD-2024-17151,P0160,WH_MUMBAI_W,9,7193.789999999999,438.13,38.73,0.0,7670.65,852.29
ORD-2024-17152,P0540,WH_MUMBAI_W,11,4356.55,222.25,47.33,0.0,4626.13,420.56
ORD-2024-17153,P0790,WH_DELHI_N,37,16001.019999999999,1546.8,159.21,0.0,17707.03,478.57
ORD-2024-17154,P0432,WH_NAGPUR_C,43,32843.829999999994,620.85,185.03,0.0,33649.71,782.55
ORD-2024-17155,P0056,WH_BLR_S,45,30646.35,335.91,193.63,0.0,31175.89,692.8
ORD-2024-17156,P0857,WH_KOLKATA_E,21,10865.4,1273.68,90.36,0.0,12229.44,582.35
ORD-2024-17157,P0230,WH_DELHI_N,2,701.24,674.97,8.61,0.0,1384.82,692.41
ORD-2024-17158,P0700,WH_MUMBAI_W,34,27936.1,419.68,146.3,0.0,28502.08,838.3
ORD-2024-17159,P0975,WH_NAGPUR_C,42,1763.1599999999999,1565.24,180.72,0.0,3509.12,83.55
ORD-2024-17160,P0319,WH_DELHI_N,13,787.93,1387.9,55.94,0.0,2231.77,171.67
ORD-2024-17161,P0759,WH_DELHI_N,5,2754.4,1075.69,21.51,0.0,3851.6,770.32
ORD-2024-17162,P0115,WH_MUMBAI_W,11,8429.41,911.52,47.33,0.0,9388.26,853.48
ORD-2024-17163,P0560,WH_KOLKATA_E,29,1052.1200000000001,244.1,124.79,0.0,1421.01,49.0
ORD-2024-17164,P0651,WH_NAGPUR_C,47,11030.43,813.61,202.24,0.0,12046.28,256.3
ORD-2024-17165,P0254,WH_BLR_S,28,1562.68,742.75,120.48,0.0,2425.91,86.64
ORD-2024-17166,P0005,WH_MUMBAI_W,28,9936.92,777.68,120.48,0.0,10835.08,386.97
ORD-2024-17167,P0595,WH_NAGPUR_C,5,1189.0,639.93,21.51,0.0,1850.44,370.09
ORD-2024-17168,P0709,WH_NAGPUR_C,20,9664.6,878.63,86.06,0.0,10629.29,531.46
ORD-2024-17169,P0763,WH_DELHI_N,37,30520.19,956.77,159.21,0.0,31636.17,855.03
ORD-2024-17170,P0840,WH_MUMBAI_W,39,12762.75,156.76,167.82,0.0,13087.33,335.57
ORD-2024-17171,P0592,WH_BLR_S,10,6337.6,359.24,43.03,0.0,6739.87,673.99
ORD-2024-17172,P0981,WH_KOLKATA_E,32,2026.24,840.01,137.69,0.0,3003.94,93.87
ORD-2024-17173,P0641,WH_MUMBAI_W,29,15355.5,1525.12,124.79,0.0,17005.41,586.39
ORD-2024-17174,P0363,WH_NAGPUR_C,2,1376.06,1467.37,8.61,0.0,2852.04,1426.02
ORD-2024-17175,P0335,WH_KOLKATA_E,1,842.17,993.51,4.3,0.0,1839.98,1839.98
ORD-2024-17176,P0719,WH_BLR_S,20,4685.8,911.06,86.06,0.0,5682.92,284.15
ORD-2024-17177,P0892,WH_DELHI_N,1,62.95,922.45,4.3,0.0,989.7,989.7
ORD-2024-17178,P0335,WH_MUMBAI_W,4,3368.68,555.66,17.21,0.0,3941.55,985.39
ORD-2024-17179,P0159,WH_BLR_S,15,5949.900000000001,792.1,64.54,0.0,6806.54,453.77
ORD-2024-17180,P0884,WH_MUMBAI_W,47,13363.98,1010.86,202.24,0.0,14577.08,310.15
ORD-2024-17181,P0115,WH_BLR_S,30,22989.3,1508.69,129.09,0.0,24627.08,820.9
ORD-2024-17182,P0205,WH_NAGPUR_C,6,3328.08,579.39,25.82,0.0,3933.29,655.55
ORD-2024-17183,P0511,WH_MUMBAI_W,38,23279.56,472.5,163.51,0.0,23915.57,629.36
ORD-2024-17184,P0633,WH_KOLKATA_E,1,487.77,328.56,4.3,0.0,820.63,820.63
ORD-2024-17185,P0430,WH_NAGPUR_C,7,3889.9700000000003,634.66,30.12,0.0,4554.75,650.68
ORD-2024-17186,P0422,WH_KOLKATA_E,5,2144.0,822.11,21.51,0.0,2987.62,597.52
ORD-2024-17187,P0524,WH_KOLKATA_E,49,7317.66,1632.7206,210.85,0.0,9161.23,186.96
ORD-2024-17188,P0672,WH_DELHI_N,7,1742.02,359.56,30.12,0.0,2131.7,304.53
ORD-2024-17189,P0583,WH_MUMBAI_W,36,14728.32,310.78,154.91,0.0,15194.01,422.06
ORD-2024-17190,P0139,WH_NAGPUR_C,3,1794.6000000000001,538.9,12.91,0.0,2346.41,782.14
ORD-2024-17191,P0231,WH_KOLKATA_E,12,7140.24,1140.81,51.64,0.0,8332.69,694.39
ORD-2024-17192,P0569,WH_BLR_S,15,9315.3,1568.8,64.54,0.0,10948.64,729.91
ORD-2024-17193,P0521,WH_MUMBAI_W,20,11596.6,1207.93,86.06,0.0,12890.59,644.53
ORD-2024-17194,P0708,WH_KOLKATA_E,41,8553.83,1395.0,176.42,0.0,10125.25,246.96
ORD-2024-17195,P0347,WH_BLR_S,21,17406.48,995.56,90.36,0.0,18492.4,880.59
ORD-2024-17196,P0109,WH_DELHI_N,32,14536.0,1516.8,137.69,0.0,16190.49,505.95
ORD-2024-17197,P0391,WH_NAGPUR_C,12,9490.32,1069.82,51.64,0.0,10611.78,884.32
ORD-2024-17198,P0517,WH_MUMBAI_W,37,11025.630000000001,1041.63,159.21,0.0,12226.47,330.45
ORD-2024-17199,P0267,WH_NAGPUR_C,40,8570.0,1615.21,172.12,0.0,10357.33,258.93
ORD-2024-17200,P0540,WH_BLR_S,47,18614.350000000002,955.95,202.24,0.0,19772.54,420.69
ORD-2024-17201,P0070,WH_NAGPUR_C,7,3717.4900000000002,454.04,30.12,0.0,4201.65,600.24
ORD-2024-17202,P0430,WH_KOLKATA_E,45,25006.95,1546.09,193.63,0.0,26746.67,594.37
ORD-2024-17203,P0714,WH_NAGPUR_C,31,2247.19,939.16,133.39,0.0,3319.74,107.09
ORD-2024-17204,P0700,WH_MUMBAI_W,1,821.65,1329.98,4.3,0.0,2155.93,2155.93
ORD-2024-17205,P0213,WH_NAGPUR_C,11,4736.38,761.78,47.33,0.0,5545.49,504.14
ORD-2024-17206,P0583,WH_MUMBAI_W,45,18410.4,1632.7206,193.63,0.0,20236.75,449.71
ORD-2024-17207,P0103,WH_MUMBAI_W,34,4413.88,1263.55,146.3,0.0,5823.73,171.29
ORD-2024-17208,P0837,WH_DELHI_N,19,12354.18,1083.51,81.76,0.0,13519.45,711.55
ORD-2024-17209,P0357,WH_KOLKATA_E,11,5341.49,1285.55,47.33,0.0,6674.37,606.76
ORD-2024-17210,P0022,WH_NAGPUR_C,33,19111.95,1404.66,142.0,0.0,20658.61,626.02
ORD-2024-17211,P0994,WH_NAGPUR_C,33,11081.73,1425.5,142.0,0.0,12649.23,383.31
ORD-2024-17212,P0641,WH_KOLKATA_E,8,4236.0,898.47,34.42,0.0,5168.89,646.11
ORD-2024-17213,P0011,WH_NAGPUR_C,45,19195.2,1180.15,193.63,0.0,20568.98,457.09
ORD-2024-17214,P0337,WH_BLR_S,8,2657.04,1632.7206,34.42,0.0,4324.18,540.52
ORD-2024-17215,P0716,WH_MUMBAI_W,34,12619.78,939.49,146.3,0.0,13705.57,403.1
ORD-2024-17216,P0195,WH_BLR_S,40,23074.4,95.6674,172.12,0.0,23342.19,583.55
ORD-2024-17217,P0913,WH_BLR_S,27,17538.93,131.28,116.18,0.0,17786.39,658.76
ORD-2024-17218,P0150,WH_NAGPUR_C,29,6511.37,1381.21,124.79,0.0,8017.37,276.46
ORD-2024-17219,P0364,WH_NAGPUR_C,14,11708.480000000001,201.78,60.24,0.0,11970.5,855.04
ORD-2024-17220,P0131,WH_NAGPUR_C,34,2631.6000000000004,1046.83,146.3,0.0,3824.73,112.49
ORD-2024-17221,P0261,WH_KOLKATA_E,45,19804.05,1551.69,193.63,0.0,21549.37,478.87
ORD-2024-17222,P0056,WH_NAGPUR_C,37,25198.11,1072.77,159.21,0.0,26430.09,714.33
ORD-2024-17223,P0581,WH_MUMBAI_W,1,38.68,499.26,4.3,0.0,542.24,542.24
ORD-2024-17224,P0904,WH_NAGPUR_C,9,1993.86,1482.57,38.73,0.0,3515.16,390.57
ORD-2024-17225,P0079,WH_BLR_S,10,468.7,879.0,43.03,0.0,1390.73,139.07
ORD-2024-17226,P0254,WH_KOLKATA_E,30,1674.3000000000002,389.44,129.09,0.0,2192.83,73.09
ORD-2024-17227,P0608,WH_MUMBAI_W,43,35917.47,743.44,185.03,0.0,36845.94,856.88
ORD-2024-17228,P0030,WH_KOLKATA_E,18,6986.34,1227.21,77.45,0.0,8291.0,460.61
ORD-2024-17229,P0070,WH_NAGPUR_C,17,9028.19,977.91,73.15,0.0,10079.25,592.9
ORD-2024-17230,P0544,WH_NAGPUR_C,6,2737.5,1002.35,25.82,0.0,3765.67,627.61
ORD-2024-17231,P0070,WH_DELHI_N,11,5841.77,195.39,47.33,0.0,6084.49,553.14
ORD-2024-17232,P0247,WH_BLR_S,24,916.08,768.82,103.27,0.0,1788.17,74.51
ORD-2024-17233,P0748,WH_KOLKATA_E,36,6487.2,1211.24,154.91,0.0,7853.35,218.15
ORD-2024-17234,P0286,WH_MUMBAI_W,33,3383.82,374.3,142.0,0.0,3900.12,118.19
ORD-2024-17235,P0926,WH_KOLKATA_E,33,17919.329999999998,1632.7206,142.0,0.0,19694.05,596.79
ORD-2024-17236,P0836,WH_MUMBAI_W,18,6864.3,95.6674,77.45,0.0,7037.42,390.97
ORD-2024-17237,P0062,WH_KOLKATA_E,5,602.95,519.4,21.51,0.0,1143.86,228.77
ORD-2024-17238,P0545,WH_DELHI_N,31,9040.84,215.1,133.39,0.0,9389.33,302.88
ORD-2024-17239,P0904,WH_BLR_S,16,3544.64,561.84,68.85,0.0,4175.33,260.96
ORD-2024-17240,P0056,WH_BLR_S,2,1362.06,652.84,8.61,0.0,2023.51,1011.76
ORD-2024-17241,P0347,WH_BLR_S,9,7459.92,800.69,38.73,0.0,8299.34,922.15
ORD-2024-17242,P0554,WH_BLR_S,2,1462.94,1367.49,8.61,0.0,2839.04,1419.52
ORD-2024-17243,P0796,WH_NAGPUR_C,37,20998.61,582.41,159.21,0.0,21740.23,587.57
ORD-2024-17244,P0105,WH_DELHI_N,20,13614.400000000001,362.38,86.06,0.0,14062.84,703.14
ORD-2024-17245,P0363,WH_BLR_S,17,11696.51,398.65,73.15,0.0,12168.31,715.78
ORD-2024-17246,P0596,WH_KOLKATA_E,25,5962.25,186.42,107.57,0.0,6256.24,250.25
ORD-2024-17247,P0709,WH_MUMBAI_W,19,9181.37,278.8,81.76,0.0,9541.93,502.21
ORD-2024-17248,P0088,WH_DELHI_N,42,8562.54,550.94,180.72,0.0,9294.2,221.29
ORD-2024-17249,P0836,WH_MUMBAI_W,8,3050.8,425.25,34.42,0.0,3510.47,438.81
ORD-2024-17250,P0962,WH_DELHI_N,11,1337.3799999999999,142.32,47.33,0.0,1527.03,138.82
ORD-2024-17251,P0791,WH_DELHI_N,13,4426.889999999999,1451.64,55.94,0.0,5934.47,456.5
ORD-2024-17252,P0372,WH_BLR_S,13,8484.449999999999,178.82,55.94,0.0,8719.21,670.71
ORD-2024-17253,P0914,WH_BLR_S,9,3487.0499999999997,1248.44,38.73,0.0,4774.22,530.47
ORD-2024-17254,P0714,WH_MUMBAI_W,5,362.45,457.85,21.51,0.0,841.81,168.36
ORD-2024-17255,P0116,WH_NAGPUR_C,18,3173.58,978.23,77.45,0.0,4229.26,234.96
ORD-2024-17256,P0565,WH_NAGPUR_C,40,4744.4,115.66,172.12,0.0,5032.18,125.8
ORD-2024-17257,P0432,WH_DELHI_N,14,10693.34,162.16,60.24,0.0,10915.74,779.7
ORD-2024-17258,P0491,WH_KOLKATA_E,34,1942.76,687.64,146.3,0.0,2776.7,81.67
ORD-2024-17259,P0852,WH_DELHI_N,22,14548.599999999999,1279.78,94.67,0.0,15923.05,723.78
ORD-2024-17260,P0261,WH_MUMBAI_W,48,21124.32,1485.88,206.54,0.0,22816.74,475.35
ORD-2024-17261,P0714,WH_BLR_S,33,2392.1699999999996,728.37,142.0,0.0,3262.54,98.86
ORD-2024-17262,P0070,WH_MUMBAI_W,24,12745.68,1173.68,103.27,0.0,14022.63,584.28
ORD-2024-17263,P0297,WH_MUMBAI_W,29,12898.33,902.48,124.79,0.0,13925.6,480.19
ORD-2024-17264,P0280,WH_MUMBAI_W,13,7055.62,1497.16,55.94,0.0,8608.72,662.21
ORD-2024-17265,P0565,WH_DELHI_N,27,3202.47,859.32,116.18,0.0,4177.97,154.74
ORD-2024-17266,P0337,WH_NAGPUR_C,1,332.13,489.42,4.3,0.0,825.85,825.85
ORD-2024-17267,P0294,WH_KOLKATA_E,7,265.3,1171.25,30.12,0.0,1466.67,209.52
ORD-2024-17268,P0746,WH_MUMBAI_W,4,2357.08,1456.15,17.21,0.0,3830.44,957.61
ORD-2024-17269,P0907,WH_MUMBAI_W,10,1540.6,1381.76,43.03,0.0,2965.39,296.54
ORD-2024-17270,P0261,WH_KOLKATA_E,40,17603.6,1312.58,172.12,0.0,19088.3,477.21
ORD-2024-17271,P0222,WH_NAGPUR_C,35,6616.4,276.68,150.6,0.0,7043.68,201.25
ORD-2024-17272,P0316,WH_NAGPUR_C,39,27379.17,752.19,167.82,0.0,28299.18,725.62
ORD-2024-17273,P0337,WH_MUMBAI_W,16,5314.08,656.11,68.85,0.0,6039.04,377.44
ORD-2024-17274,P0834,WH_MUMBAI_W,27,17252.190000000002,1485.46,116.18,0.0,18853.83,698.29
ORD-2024-17275,P0560,WH_BLR_S,20,725.6,249.14,86.06,0.0,1060.8,53.04
ORD-2024-17276,P0266,WH_KOLKATA_E,10,2100.2000000000003,910.87,43.03,0.0,3054.1,305.41
ORD-2024-17277,P0347,WH_DELHI_N,45,37299.6,1114.48,193.63,0.0,38607.71,857.95
ORD-2024-17278,P0673,WH_MUMBAI_W,33,16405.62,272.33,142.0,0.0,16819.95,509.7
ORD-2024-17279,P0176,WH_DELHI_N,7,791.49,1355.71,30.12,0.0,2177.32,311.05
ORD-2024-17280,P0027,WH_BLR_S,42,21767.34,1167.28,180.72,0.0,23115.34,550.37
ORD-2024-17281,P0998,WH_KOLKATA_E,44,2968.68,271.12,189.33,0.0,3429.13,77.93
ORD-2024-17282,P0584,WH_MUMBAI_W,46,22082.76,1223.19,197.94,0.0,23503.89,510.95
ORD-2024-17283,P0583,WH_DELHI_N,22,9000.64,1107.06,94.67,0.0,10202.37,463.74
ORD-2024-17284,P0364,WH_MUMBAI_W,43,35961.76,313.12,185.03,0.0,36459.91,847.9
ORD-2024-17285,P0554,WH_DELHI_N,17,12434.99,1580.57,73.15,0.0,14088.71,828.75
ORD-2024-17286,P0347,WH_MUMBAI_W,9,7459.92,958.4,38.73,0.0,8457.05,939.67
ORD-2024-17287,P0540,WH_MUMBAI_W,40,15842.0,823.71,172.12,0.0,16837.83,420.95
ORD-2024-17288,P0780,WH_DELHI_N,10,6388.400000000001,1149.09,43.03,0.0,7580.52,758.05
ORD-2024-17289,P0364,WH_BLR_S,36,30107.52,461.43,154.91,0.0,30723.86,853.44
ORD-2024-17290,P0228,WH_KOLKATA_E,31,7907.17,925.25,133.39,0.0,8965.81,289.22
ORD-2024-17291,P0918,WH_KOLKATA_E,31,13461.130000000001,673.87,133.39,0.0,14268.39,460.27
ORD-2024-17292,P0759,WH_NAGPUR_C,5,2754.4,1431.6,21.51,0.0,4207.51,841.5
ORD-2024-17293,P0915,WH_NAGPUR_C,18,12344.039999999999,1427.84,77.45,0.0,13849.33,769.41
ORD-2024-17294,P0708,WH_KOLKATA_E,6,1251.78,1160.15,25.82,0.0,2437.75,406.29
ORD-2024-17295,P0709,WH_KOLKATA_E,42,20295.66,392.05,180.72,0.0,20868.43,496.87
ORD-2024-17296,P0992,WH_NAGPUR_C,28,14327.88,795.72,120.48,0.0,15244.08,544.43
ORD-2024-17297,P0422,WH_MUMBAI_W,43,18438.4,1544.75,185.03,0.0,20168.18,469.03
ORD-2024-17298,P0965,WH_DELHI_N,24,5919.6,664.84,103.27,0.0,6687.71,278.65
ORD-2024-17299,P0544,WH_BLR_S,5,2281.25,617.96,21.51,0.0,2920.72,584.14
ORD-2024-17300,P0693,WH_MUMBAI_W,28,11434.08,348.18,120.48,0.0,11902.74,425.1
ORD-2024-17301,P0316,WH_NAGPUR_C,3,2106.09,228.63,12.91,0.0,2347.63,782.54
ORD-2024-17302,P0198,WH_BLR_S,18,12908.16,143.88,77.45,0.0,13129.49,729.42
ORD-2024-17303,P0836,WH_BLR_S,4,1525.4,512.66,17.21,0.0,2055.27,513.82
ORD-2024-17304,P0688,WH_MUMBAI_W,40,7557.6,756.16,172.12,0.0,8485.88,212.15
ORD-2024-17305,P0353,WH_DELHI_N,49,39657.66,908.24,210.85,0.0,40776.75,832.18
ORD-2024-17306,P0633,WH_NAGPUR_C,42,20486.34,880.33,180.72,0.0,21547.39,513.03
ORD-2024-17307,P0220,WH_NAGPUR_C,32,19158.72,732.86,137.69,0.0,20029.27,625.91
ORD-2024-17308,P0188,WH_KOLKATA_E,32,25628.16,1367.52,137.69,0.0,27133.37,847.92
ORD-2024-17309,P0492,WH_BLR_S,19,13142.300000000001,1380.81,81.76,0.0,14604.87,768.68
ORD-2024-17310,P0693,WH_KOLKATA_E,29,11842.44,638.25,124.79,0.0,12605.48,434.67
ORD-2024-17311,P0337,WH_KOLKATA_E,33,10960.289999999999,777.16,142.0,0.0,11879.45,359.98
ORD-2024-17312,P0363,WH_NAGPUR_C,2,1376.06,1472.91,8.61,0.0,2857.58,1428.79
ORD-2024-17313,P0592,WH_MUMBAI_W,11,6971.36,366.62,47.33,0.0,7385.31,671.39
ORD-2024-17314,P0410,WH_KOLKATA_E,47,24125.569999999996,587.79,202.24,0.0,24915.6,530.12
ORD-2024-17315,P0267,WH_MUMBAI_W,33,7070.25,1028.0,142.0,0.0,8240.25,249.7
ORD-2024-17316,P0449,WH_KOLKATA_E,41,12818.65,762.85,176.42,0.0,13757.92,335.56
ORD-2024-17317,P0332,WH_DELHI_N,40,25452.0,1067.94,172.12,0.0,26692.06,667.3
ORD-2024-17318,P0824,WH_BLR_S,1,825.18,244.64,4.3,0.0,1074.12,1074.12
ORD-2024-17319,P0746,WH_BLR_S,42,24749.34,875.58,180.72,0.0,25805.64,614.42
ORD-2024-17320,P0176,WH_KOLKATA_E,17,1922.1899999999998,1540.42,73.15,0.0,3535.76,207.99
ORD-2024-17321,P0674,WH_NAGPUR_C,16,4016.32,1603.67,68.85,0.0,5688.84,355.55
ORD-2024-17322,P0021,WH_MUMBAI_W,2,494.54,1157.19,8.61,0.0,1660.34,830.17
ORD-2024-17323,P0300,WH_MUMBAI_W,49,19790.12,1430.24,210.85,0.0,21431.21,437.37
ORD-2024-17324,P0893,WH_KOLKATA_E,4,2278.64,1350.58,17.21,0.0,3646.43,911.61
ORD-2024-17325,P0867,WH_BLR_S,32,24962.56,370.86,137.69,0.0,25471.11,795.97
ORD-2024-17326,P0479,WH_BLR_S,7,4869.48,1216.11,30.12,0.0,6115.71,873.67
ORD-2024-17327,P0641,WH_NAGPUR_C,29,15355.5,1632.7206,124.79,0.0,17113.01,590.1
ORD-2024-17328,P0893,WH_DELHI_N,9,5126.94,1125.24,38.73,0.0,6290.91,698.99
ORD-2024-17329,P0247,WH_NAGPUR_C,35,1335.95,1305.23,150.6,0.0,2791.78,79.77
ORD-2024-17330,P0709,WH_BLR_S,5,2416.15,1152.61,21.51,0.0,3590.27,718.05
ORD-2024-17331,P0780,WH_NAGPUR_C,21,13415.640000000001,221.16,90.36,0.0,13727.16,653.67
ORD-2024-17332,P0662,WH_NAGPUR_C,17,12463.55,257.21,73.15,0.0,12793.91,752.58
ORD-2024-17333,P0598,WH_NAGPUR_C,39,8478.99,1224.29,167.82,0.0,9871.1,253.11
ORD-2024-17334,P0651,WH_NAGPUR_C,14,3285.66,635.79,60.24,0.0,3981.69,284.41
ORD-2024-17335,P0596,WH_KOLKATA_E,32,7631.68,854.48,137.69,0.0,8623.85,269.5
ORD-2024-17336,P0476,WH_KOLKATA_E,15,7996.200000000001,739.02,64.54,0.0,8799.76,586.65
ORD-2024-17337,P0218,WH_DELHI_N,21,17248.14,529.75,90.36,0.0,17868.25,850.87
ORD-2024-17338,P0893,WH_NAGPUR_C,14,7975.24,563.97,60.24,0.0,8599.45,614.25
ORD-2024-17339,P0521,WH_KOLKATA_E,41,23773.030000000002,761.14,176.42,0.0,24710.59,602.7
ORD-2024-17340,P0011,WH_DELHI_N,16,6824.96,532.15,68.85,0.0,7425.96,464.12
ORD-2024-17341,P0193,WH_BLR_S,1,358.16,1500.74,4.3,0.0,1863.2,1863.2
ORD-2024-17342,P0790,WH_NAGPUR_C,40,17298.399999999998,1461.25,172.12,0.0,18931.77,473.29
ORD-2024-17343,P0790,WH_BLR_S,18,7784.28,177.6,77.45,0.0,8039.33,446.63
ORD-2024-17344,P0357,WH_BLR_S,34,16510.059999999998,539.02,146.3,0.0,17195.38,505.75
ORD-2024-17345,P0688,WH_BLR_S,26,4912.44,386.4,111.88,0.0,5410.72,208.1
ORD-2024-17346,P0030,WH_DELHI_N,36,13972.68,998.21,154.91,0.0,15125.8,420.16
ORD-2024-17347,P0193,WH_KOLKATA_E,21,7521.360000000001,836.08,90.36,0.0,8447.8,402.28
ORD-2024-17348,P0914,WH_BLR_S,1,387.45,273.09,4.3,0.0,664.84,664.84
ORD-2024-17349,P0005,WH_KOLKATA_E,27,9582.029999999999,1135.22,116.18,0.0,10833.43,401.24
ORD-2024-17350,P0790,WH_KOLKATA_E,11,4757.0599999999995,610.2,47.33,0.0,5414.59,492.24
ORD-2024-17351,P0316,WH_MUMBAI_W,38,26677.14,833.09,163.51,0.0,27673.74,728.26
ORD-2024-17352,P0479,WH_KOLKATA_E,14,9738.96,1281.43,60.24,0.0,11080.63,791.47
ORD-2024-17353,P0567,WH_DELHI_N,28,10342.08,95.6674,120.48,0.0,10558.23,377.08
ORD-2024-17354,P0254,WH_DELHI_N,27,1506.8700000000001,1421.22,116.18,0.0,3044.27,112.75
ORD-2024-17355,P0279,WH_BLR_S,22,15239.84,312.45,94.67,0.0,15646.96,711.23
ORD-2024-17356,P0189,WH_BLR_S,21,13358.73,909.33,90.36,0.0,14358.42,683.73
ORD-2024-17357,P0560,WH_KOLKATA_E,24,870.72,1571.66,103.27,0.0,2545.65,106.07
ORD-2024-17358,P0909,WH_MUMBAI_W,19,6284.82,1493.47,81.76,0.0,7860.05,413.69
ORD-2024-17359,P0893,WH_NAGPUR_C,24,13671.84,1194.37,103.27,0.0,14969.48,623.73
ORD-2024-17360,P0700,WH_MUMBAI_W,26,21362.899999999998,1015.9,111.88,0.0,22490.68,865.03
ORD-2024-17361,P0353,WH_BLR_S,25,20233.5,770.49,107.57,0.0,21111.56,844.46
ORD-2024-17362,P0372,WH_BLR_S,45,29369.25,263.29,193.63,0.0,29826.17,662.8
ORD-2024-17363,P0479,WH_BLR_S,44,30608.16,821.18,189.33,0.0,31618.67,718.61
ORD-2024-17364,P0790,WH_BLR_S,29,12541.34,577.59,124.79,0.0,13243.72,456.68
ORD-2024-17365,P0266,WH_KOLKATA_E,10,2100.2000000000003,1466.92,43.03,0.0,3610.15,361.02
ORD-2024-17366,P0408,WH_MUMBAI_W,11,1866.15,117.45,47.33,0.0,2030.93,184.63
ORD-2024-17367,P0230,WH_BLR_S,24,8414.880000000001,1098.65,103.27,0.0,9616.8,400.7
ORD-2024-17368,P0279,WH_MUMBAI_W,24,16625.28,1363.51,103.27,0.0,18092.06,753.84
ORD-2024-17369,P0011,WH_BLR_S,12,5118.72,229.34,51.64,0.0,5399.7,449.98
ORD-2024-17370,P0633,WH_KOLKATA_E,7,3414.39,1023.28,30.12,0.0,4467.79,638.26
ORD-2024-17371,P0598,WH_BLR_S,40,8696.4,936.22,172.12,0.0,9804.74,245.12
ORD-2024-17372,P0913,WH_KOLKATA_E,17,11043.03,230.61,73.15,0.0,11346.79,667.46
ORD-2024-17373,P0714,WH_DELHI_N,35,2537.1499999999996,1074.56,150.6,0.0,3762.31,107.49
ORD-2024-17374,P0097,WH_KOLKATA_E,6,1384.02,786.21,25.82,0.0,2196.05,366.01
ORD-2024-17375,P0247,WH_KOLKATA_E,12,458.04,686.51,51.64,0.0,1196.19,99.68
ORD-2024-17376,P0487,WH_KOLKATA_E,15,663.0,146.47,64.54,0.0,874.01,58.27
ORD-2024-17377,P0553,WH_NAGPUR_C,32,8573.44,761.35,137.69,0.0,9472.48,296.02
ORD-2024-17378,P0998,WH_MUMBAI_W,23,1551.81,166.73,98.97,0.0,1817.51,79.02
ORD-2024-17379,P0430,WH_KOLKATA_E,7,3889.9700000000003,1243.43,30.12,0.0,5163.52,737.65
ORD-2024-17380,P0568,WH_NAGPUR_C,38,28745.480000000003,1214.51,163.51,0.0,30123.5,792.72
ORD-2024-17381,P0391,WH_MUMBAI_W,31,24516.66,298.27,133.39,0.0,24948.32,804.78
ORD-2024-17382,P0422,WH_MUMBAI_W,29,12435.2,258.66,124.79,0.0,12818.65,442.02
ORD-2024-17383,P0821,WH_KOLKATA_E,44,21793.2,1556.17,189.33,0.0,23538.7,534.97
ORD-2024-17384,P0230,WH_BLR_S,28,9817.36,859.32,120.48,0.0,10797.16,385.61
ORD-2024-17385,P0195,WH_BLR_S,12,6922.32,1267.65,51.64,0.0,8241.61,686.8
ORD-2024-17386,P0569,WH_NAGPUR_C,27,16767.54,512.64,116.18,0.0,17396.36,644.31
ORD-2024-17387,P0560,WH_MUMBAI_W,4,145.12,361.0,17.21,0.0,523.33,130.83
ORD-2024-17388,P0530,WH_DELHI_N,21,1308.51,481.02,90.36,0.0,1879.89,89.52
ORD-2024-17389,P0544,WH_BLR_S,9,4106.25,1276.31,38.73,0.0,5421.29,602.37
ORD-2024-17390,P0956,WH_NAGPUR_C,49,34907.11,979.98,210.85,0.0,36097.94,736.69
ORD-2024-17391,P0193,WH_BLR_S,34,12177.44,1314.34,146.3,0.0,13638.08,401.12
ORD-2024-17392,P0213,WH_KOLKATA_E,37,15931.46,144.49,159.21,0.0,16235.16,438.79
ORD-2024-17393,P0079,WH_BLR_S,21,984.27,1005.72,90.36,0.0,2080.35,99.06
ORD-2024-17394,P0084,WH_MUMBAI_W,23,18841.14,652.98,98.97,0.0,19593.09,851.87
ORD-2024-17395,P0627,WH_NAGPUR_C,24,20260.800000000003,323.77,103.27,0.0,20687.84,861.99
ORD-2024-17396,P0596,WH_KOLKATA_E,10,2384.9,758.99,43.03,0.0,3186.92,318.69
ORD-2024-17397,P0796,WH_DELHI_N,38,21566.14,868.82,163.51,0.0,22598.47,594.7
ORD-2024-17398,P0994,WH_BLR_S,6,2014.8600000000001,730.49,25.82,0.0,2771.17,461.86
ORD-2024-17399,P0430,WH_DELHI_N,21,11669.91,1479.06,90.36,0.0,13239.33,630.44
ORD-2024-17400,P0988,WH_BLR_S,37,30265.260000000002,674.66,159.21,0.0,31099.13,840.52
ORD-2024-17401,P0569,WH_BLR_S,29,18009.579999999998,1464.34,124.79,0.0,19598.71,675.82
ORD-2024-17402,P0368,WH_DELHI_N,40,32751.6,981.65,172.12,0.0,33905.37,847.63
ORD-2024-17403,P0821,WH_DELHI_N,21,10401.300000000001,1395.7,90.36,0.0,11887.36,566.06
ORD-2024-17404,P0491,WH_BLR_S,22,1257.08,1056.33,94.67,0.0,2408.08,109.46
ORD-2024-17405,P0297,WH_DELHI_N,35,15566.949999999999,1174.74,150.6,0.0,16892.29,482.64
ORD-2024-17406,P0150,WH_BLR_S,46,10328.38,471.61,197.94,0.0,10997.93,239.09
ORD-2024-17407,P0150,WH_DELHI_N,5,1122.65,190.64,21.51,0.0,1334.8,266.96
ORD-2024-17408,P0202,WH_KOLKATA_E,15,4326.45,1015.15,64.54,0.0,5406.14,360.41
ORD-2024-17409,P0913,WH_MUMBAI_W,41,26633.190000000002,524.97,176.42,0.0,27334.58,666.7
ORD-2024-17410,P0956,WH_NAGPUR_C,47,33482.33,797.27,202.24,0.0,34481.84,733.66
ORD-2024-17411,P0663,WH_MUMBAI_W,19,15561.38,444.87,81.76,0.0,16088.01,846.74
ORD-2024-17412,P0254,WH_DELHI_N,16,892.96,1010.7,68.85,0.0,1972.51,123.28
ORD-2024-17413,P0332,WH_DELHI_N,40,25452.0,1278.94,172.12,0.0,26903.06,672.58
ORD-2024-17414,P0109,WH_MUMBAI_W,47,21349.75,874.61,202.24,0.0,22426.6,477.16
ORD-2024-17415,P0319,WH_MUMBAI_W,43,2606.23,680.04,185.03,0.0,3471.3,80.73
ORD-2024-17416,P0091,WH_BLR_S,23,15329.96,1054.62,98.97,0.0,16483.55,716.68
ORD-2024-17417,P0620,WH_NAGPUR_C,4,474.48,1479.52,17.21,0.0,1971.21,492.8
ORD-2024-17418,P0840,WH_MUMBAI_W,21,6872.25,455.79,90.36,0.0,7418.4,353.26
ORD-2024-17419,P0152,WH_KOLKATA_E,24,5976.4800000000005,268.78,103.27,0.0,6348.53,264.52
ORD-2024-17420,P0926,WH_MUMBAI_W,42,22806.42,1030.3,180.72,0.0,24017.44,571.84
ORD-2024-17421,P0276,WH_DELHI_N,26,17135.559999999998,804.4,111.88,0.0,18051.84,694.3
ORD-2024-17422,P0231,WH_MUMBAI_W,42,24990.84,985.93,180.72,0.0,26157.49,622.8
ORD-2024-17423,P0530,WH_BLR_S,2,124.62,745.89,8.61,0.0,879.12,439.56
ORD-2024-17424,P0927,WH_DELHI_N,40,3755.6,1086.79,172.12,0.0,5014.51,125.36
ORD-2024-17425,P0070,WH_MUMBAI_W,8,4248.56,1605.66,34.42,0.0,5888.64,736.08
ORD-2024-17426,P0708,WH_DELHI_N,9,1877.67,362.71,38.73,0.0,2279.11,253.23
ORD-2024-17427,P0834,WH_DELHI_N,2,1277.94,606.97,8.61,0.0,1893.52,946.76
ORD-2024-17428,P0763,WH_DELHI_N,14,11548.18,1551.78,60.24,0.0,13160.2,940.01
ORD-2024-17429,P0135,WH_NAGPUR_C,20,12197.0,1507.01,86.06,0.0,13790.07,689.5
ORD-2024-17430,P0154,WH_NAGPUR_C,2,751.5,935.64,8.61,0.0,1695.75,847.88
ORD-2024-17431,P0228,WH_KOLKATA_E,4,1020.28,830.29,17.21,0.0,1867.78,466.94
ORD-2024-17432,P0038,WH_BLR_S,35,13884.5,1077.85,150.6,0.0,15112.95,431.8
ORD-2024-17433,P0746,WH_KOLKATA_E,14,8249.779999999999,904.14,60.24,0.0,9214.16,658.15
ORD-2024-17434,P0135,WH_MUMBAI_W,21,12806.85,1178.02,90.36,0.0,14075.23,670.25
ORD-2024-17435,P0353,WH_KOLKATA_E,48,38848.32,1036.04,206.54,0.0,40090.9,835.23
ORD-2024-17436,P0988,WH_BLR_S,15,12269.7,1255.7,64.54,0.0,13589.94,906.0
ORD-2024-17437,P0975,WH_BLR_S,39,1637.2199999999998,1384.87,167.82,0.0,3189.91,81.79
ORD-2024-17438,P0925,WH_KOLKATA_E,20,4804.8,657.59,86.06,0.0,5548.45,277.42
ORD-2024-17439,P0011,WH_BLR_S,6,2559.36,1229.99,25.82,0.0,3815.17,635.86
ORD-2024-17440,P0688,WH_KOLKATA_E,28,5290.32,963.69,120.48,0.0,6374.49,227.66
ORD-2024-17441,P0627,WH_DELHI_N,48,40521.600000000006,1555.73,206.54,0.0,42283.87,880.91
ORD-2024-17442,P0364,WH_DELHI_N,43,35961.76,960.6,185.03,0.0,37107.39,862.96
ORD-2024-17443,P0404,WH_NAGPUR_C,2,1253.86,1354.53,8.61,0.0,2617.0,1308.5
ORD-2024-17444,P0410,WH_BLR_S,28,14372.679999999998,350.01,120.48,0.0,14843.17,530.11
ORD-2024-17445,P0222,WH_KOLKATA_E,34,6427.36,1074.64,146.3,0.0,7648.3,224.95
ORD-2024-17446,P0103,WH_DELHI_N,14,1817.48,352.56,60.24,0.0,2230.28,159.31
ORD-2024-17447,P0254,WH_NAGPUR_C,9,502.29,1176.88,38.73,0.0,1717.9,190.88
ORD-2024-17448,P0070,WH_BLR_S,23,12214.61,583.15,98.97,0.0,12896.73,560.73
ORD-2024-17449,P0131,WH_BLR_S,44,3405.6000000000004,1190.53,189.33,0.0,4785.46,108.76
ORD-2024-17450,P0357,WH_KOLKATA_E,35,16995.649999999998,743.94,150.6,0.0,17890.19,511.15
ORD-2024-17451,P0581,WH_NAGPUR_C,22,850.96,1289.47,94.67,0.0,2235.1,101.6
ORD-2024-17452,P0372,WH_MUMBAI_W,5,3263.25,401.66,21.51,0.0,3686.42,737.28
ORD-2024-17453,P0188,WH_DELHI_N,41,32836.08,501.31,176.42,0.0,33513.81,817.41
ORD-2024-17454,P0465,WH_DELHI_N,29,17197.29,721.94,124.79,0.0,18044.02,622.21
ORD-2024-17455,P0103,WH_BLR_S,35,4543.7,702.16,150.6,0.0,5396.46,154.18
ORD-2024-17456,P0422,WH_DELHI_N,34,14579.2,275.39,146.3,0.0,15000.89,441.2
ORD-2024-17457,P0084,WH_KOLKATA_E,4,3276.72,677.16,17.21,0.0,3971.09,992.77
ORD-2024-17458,P0700,WH_BLR_S,45,36974.25,995.92,193.63,0.0,38163.8,848.08
ORD-2024-17459,P0584,WH_DELHI_N,49,23522.94,1295.87,210.85,0.0,25029.66,510.81
ORD-2024-17460,P0154,WH_MUMBAI_W,9,3381.75,332.6,38.73,0.0,3753.08,417.01
ORD-2024-17461,P0345,WH_BLR_S,14,9850.26,481.02,60.24,0.0,10391.52,742.25
ORD-2024-17462,P0084,WH_BLR_S,45,36863.1,831.62,193.63,0.0,37888.35,841.96
ORD-2024-17463,P0627,WH_DELHI_N,5,4221.0,1423.97,21.51,0.0,5666.48,1133.3
ORD-2024-17464,P0125,WH_NAGPUR_C,47,9048.91,605.4,202.24,0.0,9856.55,209.71
ORD-2024-17465,P0560,WH_MUMBAI_W,27,979.5600000000001,1091.32,116.18,0.0,2187.06,81.0
ORD-2024-17466,P0319,WH_BLR_S,11,666.71,1395.18,47.33,0.0,2109.22,191.75
ORD-2024-17467,P0790,WH_NAGPUR_C,30,12973.8,420.03,129.09,0.0,13522.92,450.76
ORD-2024-17468,P0432,WH_BLR_S,37,28260.969999999998,1207.45,159.21,0.0,29627.63,800.75
ORD-2024-17469,P0521,WH_BLR_S,39,22613.370000000003,342.24,167.82,0.0,23123.43,592.91
ORD-2024-17470,P0345,WH_BLR_S,34,23922.06,1385.95,146.3,0.0,25454.31,748.66
ORD-2024-17471,P0062,WH_DELHI_N,24,2894.16,559.75,103.27,0.0,3557.18,148.22
ORD-2024-17472,P0279,WH_KOLKATA_E,16,11083.52,1159.38,68.85,0.0,12311.75,769.48
ORD-2024-17473,P0666,WH_MUMBAI_W,30,18773.399999999998,1524.0,129.09,0.0,20426.49,680.88
ORD-2024-17474,P0965,WH_KOLKATA_E,24,5919.6,388.48,103.27,0.0,6411.35,267.14
ORD-2024-17475,P0595,WH_KOLKATA_E,3,713.4000000000001,965.2,12.91,0.0,1691.51,563.84
ORD-2024-17476,P0228,WH_BLR_S,29,7397.03,872.5,124.79,0.0,8394.32,289.46
ORD-2024-17477,P0432,WH_NAGPUR_C,42,32080.019999999997,1142.76,180.72,0.0,33403.5,795.32
ORD-2024-17478,P0103,WH_NAGPUR_C,12,1557.84,239.1,51.64,0.0,1848.58,154.05
ORD-2024-17479,P0836,WH_KOLKATA_E,27,10296.45,274.91,116.18,0.0,10687.54,395.83
ORD-2024-17480,P0139,WH_MUMBAI_W,29,17347.800000000003,1409.12,124.79,0.0,18881.71,651.09
ORD-2024-17481,P0357,WH_MUMBAI_W,2,971.18,608.94,8.61,0.0,1588.73,794.36
ORD-2024-17482,P0038,WH_NAGPUR_C,29,11504.3,1059.01,124.79,0.0,12688.1,437.52
ORD-2024-17483,P0608,WH_NAGPUR_C,40,33411.6,1232.23,172.12,0.0,34815.95,870.4
ORD-2024-17484,P0545,WH_NAGPUR_C,9,2624.7599999999998,430.28,38.73,0.0,3093.77,343.75
ORD-2024-17485,P0511,WH_DELHI_N,44,26955.28,797.35,189.33,0.0,27941.96,635.04
ORD-2024-17486,P0465,WH_KOLKATA_E,28,16604.28,288.37,120.48,0.0,17013.13,607.61
ORD-2024-17487,P0152,WH_KOLKATA_E,37,9213.74,340.91,159.21,0.0,9713.86,262.54
ORD-2024-17488,P0852,WH_MUMBAI_W,23,15209.9,1391.94,98.97,0.0,16700.81,726.12
ORD-2024-17489,P0952,WH_KOLKATA_E,13,6475.17,1060.7,55.94,0.0,7591.81,583.99
ORD-2024-17490,P0266,WH_KOLKATA_E,5,1050.1000000000001,555.48,21.51,0.0,1627.09,325.42
ORD-2024-17491,P0840,WH_KOLKATA_E,32,10472.0,924.31,137.69,0.0,11534.0,360.44
ORD-2024-17492,P0867,WH_KOLKATA_E,28,21842.24,961.93,120.48,0.0,22924.65,818.74
ORD-2024-17493,P0911,WH_MUMBAI_W,15,437.7,158.0,64.54,0.0,660.24,44.02
ORD-2024-17494,P0363,WH_MUMBAI_W,24,16512.72,694.92,103.27,0.0,17310.91,721.29
ORD-2024-17495,P0347,WH_KOLKATA_E,32,26524.16,880.24,137.69,0.0,27542.09,860.69
ORD-2024-17496,P0584,WH_KOLKATA_E,21,10081.26,714.97,90.36,0.0,10886.59,518.41
ORD-2024-17497,P0347,WH_DELHI_N,5,4144.4,545.72,21.51,0.0,4711.63,942.33
ORD-2024-17498,P0809,WH_KOLKATA_E,37,10320.04,730.7,159.21,0.0,11209.95,302.97
ORD-2024-17499,P0079,WH_BLR_S,36,1687.32,1348.26,154.91,0.0,3190.49,88.62
ORD-2024-17500,P0540,WH_DELHI_N,28,11089.4,1234.16,120.48,0.0,12444.04,444.43
ORD-2024-17501,P0962,WH_BLR_S,32,3890.56,969.68,137.69,0.0,4997.93,156.19
ORD-2024-17502,P0834,WH_NAGPUR_C,23,14696.310000000001,1259.19,98.97,0.0,16054.47,698.02
ORD-2024-17503,P0554,WH_KOLKATA_E,16,11703.52,441.15,68.85,0.0,12213.52,763.34
ORD-2024-17504,P0429,WH_DELHI_N,10,7161.1,259.44,43.03,0.0,7463.57,746.36
ORD-2024-17505,P0345,WH_NAGPUR_C,29,20404.11,1248.86,124.79,0.0,21777.76,750.96
ORD-2024-17506,P0084,WH_DELHI_N,27,22117.859999999997,459.07,116.18,0.0,22693.11,840.49
ORD-2024-17507,P0218,WH_MUMBAI_W,35,28746.9,380.15,150.6,0.0,29277.65,836.5
ORD-2024-17508,P0079,WH_DELHI_N,42,1968.54,292.68,180.72,0.0,2441.94,58.14
ORD-2024-17509,P0867,WH_NAGPUR_C,45,35103.6,803.4,193.63,0.0,36100.63,802.24
ORD-2024-17510,P0633,WH_MUMBAI_W,24,11706.48,843.33,103.27,0.0,12653.08,527.21
ORD-2024-17511,P0105,WH_NAGPUR_C,23,15656.560000000001,604.09,98.97,0.0,16359.62,711.29
ORD-2024-17512,P0449,WH_BLR_S,3,937.9499999999999,572.77,12.91,0.0,1523.63,507.88
ORD-2024-17513,P0091,WH_NAGPUR_C,36,23994.72,1559.45,154.91,0.0,25709.08,714.14
ORD-2024-17514,P0070,WH_NAGPUR_C,45,23898.15,617.19,193.63,0.0,24708.97,549.09
ORD-2024-17515,P0524,WH_KOLKATA_E,14,2090.76,666.92,60.24,0.0,2817.92,201.28
ORD-2024-17516,P0641,WH_KOLKATA_E,4,2118.0,675.27,17.21,0.0,2810.48,702.62
ORD-2024-17517,P0581,WH_BLR_S,44,1701.92,989.74,189.33,0.0,2880.99,65.48
ORD-2024-17518,P0062,WH_MUMBAI_W,48,5788.32,1332.54,206.54,0.0,7327.4,152.65
ORD-2024-17519,P0530,WH_MUMBAI_W,42,2617.02,1521.42,180.72,0.0,4319.16,102.84
ORD-2024-17520,P0261,WH_DELHI_N,32,14082.88,682.9,137.69,0.0,14903.47,465.73
ORD-2024-17521,P0708,WH_KOLKATA_E,20,4172.6,656.23,86.06,0.0,4914.89,245.74
ORD-2024-17522,P0356,WH_KOLKATA_E,17,13934.22,957.88,73.15,0.0,14965.25,880.31
ORD-2024-17523,P0363,WH_KOLKATA_E,29,19952.87,1453.04,124.79,0.0,21530.7,742.44
ORD-2024-17524,P0279,WH_MUMBAI_W,39,27016.08,275.33,167.82,0.0,27459.23,704.08
ORD-2024-17525,P0038,WH_BLR_S,32,12694.4,1470.37,137.69,0.0,14302.46,446.95
ORD-2024-17526,P0517,WH_DELHI_N,4,1191.96,1243.04,17.21,0.0,2452.21,613.05
ORD-2024-17527,P0755,WH_KOLKATA_E,24,14583.599999999999,718.27,103.27,0.0,15405.14,641.88
ORD-2024-17528,P0780,WH_BLR_S,44,28108.960000000003,1058.69,189.33,0.0,29356.98,667.2
ORD-2024-17529,P0432,WH_NAGPUR_C,42,32080.019999999997,1532.21,180.72,0.0,33792.95,804.59
ORD-2024-17530,P0213,WH_MUMBAI_W,2,861.16,312.54,8.61,0.0,1182.31,591.16
ORD-2024-17531,P0596,WH_BLR_S,14,3338.86,1478.96,60.24,0.0,4878.06,348.43
ORD-2024-17532,P0097,WH_MUMBAI_W,40,9226.8,463.08,172.12,0.0,9862.0,246.55
ORD-2024-17533,P0076,WH_MUMBAI_W,42,9712.92,1547.93,180.72,0.0,11441.57,272.42
ORD-2024-17534,P0763,WH_NAGPUR_C,38,31345.06,95.6674,163.51,0.0,31604.24,831.69
ORD-2024-17535,P0584,WH_MUMBAI_W,34,16322.04,1252.22,146.3,0.0,17720.56,521.19
ORD-2024-17536,P0530,WH_KOLKATA_E,46,2866.26,164.93,197.94,0.0,3229.13,70.2
ORD-2024-17537,P0022,WH_BLR_S,43,24903.45,770.08,185.03,0.0,25858.56,601.36
ORD-2024-17538,P0422,WH_BLR_S,2,857.6,183.85,8.61,0.0,1050.06,525.03
ORD-2024-17539,P0837,WH_BLR_S,36,23407.920000000002,234.71,154.91,0.0,23797.54,661.04
ORD-2024-17540,P0458,WH_NAGPUR_C,6,4894.799999999999,1318.01,25.82,0.0,6238.63,1039.77
ORD-2024-17541,P0191,WH_NAGPUR_C,36,3301.2000000000003,1509.09,154.91,0.0,4965.2,137.92
ORD-2024-17542,P0220,WH_NAGPUR_C,22,13171.62,1298.49,94.67,0.0,14564.78,662.04
ORD-2024-17543,P0544,WH_NAGPUR_C,5,2281.25,1371.53,21.51,0.0,3674.29,734.86
ORD-2024-17544,P0465,WH_KOLKATA_E,38,22534.38,395.46,163.51,0.0,23093.35,607.72
ORD-2024-17545,P0925,WH_MUMBAI_W,41,9849.84,1022.13,176.42,0.0,11048.39,269.47
ORD-2024-17546,P0915,WH_DELHI_N,22,15087.16,759.02,94.67,0.0,15940.85,724.58
ORD-2024-17547,P0511,WH_DELHI_N,48,29405.760000000002,1314.42,206.54,0.0,30926.72,644.31
ORD-2024-17548,P0569,WH_BLR_S,11,6831.219999999999,928.97,47.33,0.0,7807.52,709.77
ORD-2024-17549,P0809,WH_DELHI_N,43,11993.560000000001,1514.11,185.03,0.0,13692.7,318.43
ORD-2024-17550,P0332,WH_MUMBAI_W,31,19725.3,1510.2,133.39,0.0,21368.89,689.32
ORD-2024-17551,P0429,WH_NAGPUR_C,42,30076.62,624.85,180.72,0.0,30882.19,735.29
ORD-2024-17552,P0347,WH_DELHI_N,29,24037.52,1225.92,124.79,0.0,25388.23,875.46
ORD-2024-17553,P0915,WH_MUMBAI_W,33,22630.739999999998,1366.26,142.0,0.0,24139.0,731.48
ORD-2024-17554,P0027,WH_BLR_S,22,11401.939999999999,745.22,94.67,0.0,12241.83,556.45
ORD-2024-17555,P0801,WH_KOLKATA_E,49,28905.1,1307.93,210.85,0.0,30423.88,620.9
ORD-2024-17556,P0956,WH_BLR_S,27,19234.53,95.6674,116.18,0.0,19446.38,720.24
ORD-2024-17557,P0693,WH_DELHI_N,8,3266.88,703.26,34.42,0.0,4004.56,500.57
ORD-2024-17558,P0662,WH_MUMBAI_W,48,35191.2,1123.36,206.54,0.0,36521.1,760.86
ORD-2024-17559,P0998,WH_BLR_S,6,404.82,612.64,25.82,0.0,1043.28,173.88
ORD-2024-17560,P0102,WH_KOLKATA_E,46,4295.94,1357.71,197.94,0.0,5851.59,127.21
ORD-2024-17561,P0294,WH_KOLKATA_E,25,947.5,1093.2,107.57,0.0,2148.27,85.93
ORD-2024-17562,P0796,WH_KOLKATA_E,34,19296.02,938.29,146.3,0.0,20380.61,599.43
ORD-2024-17563,P0429,WH_DELHI_N,9,6444.99,1440.9,38.73,0.0,7924.62,880.51
ORD-2024-17564,P0926,WH_MUMBAI_W,36,19548.36,1237.36,154.91,0.0,20940.63,581.68
ORD-2024-17565,P0115,WH_DELHI_N,31,23755.609999999997,517.63,133.39,0.0,24406.63,787.31
ORD-2024-17566,P0913,WH_MUMBAI_W,19,12342.210000000001,1305.67,81.76,0.0,13729.64,722.61
ORD-2024-17567,P0627,WH_MUMBAI_W,49,41365.8,826.07,210.85,0.0,42402.72,865.36
ORD-2024-17568,P0596,WH_BLR_S,1,238.49,339.72,4.3,0.0,582.51,582.51
ORD-2024-17569,P0408,WH_BLR_S,24,4071.6000000000004,1587.22,103.27,0.0,5762.09,240.09
ORD-2024-17570,P0824,WH_DELHI_N,34,28056.12,714.96,146.3,0.0,28917.38,850.51
ORD-2024-17571,P0672,WH_KOLKATA_E,17,4230.62,288.94,73.15,0.0,4592.71,270.16
ORD-2024-17572,P0971,WH_DELHI_N,34,19242.98,1513.82,146.3,0.0,20903.1,614.8
ORD-2024-17573,P0220,WH_KOLKATA_E,35,20954.850000000002,411.04,150.6,0.0,21516.49,614.76
ORD-2024-17574,P0801,WH_DELHI_N,36,21236.399999999998,788.41,154.91,0.0,22179.72,616.1
ORD-2024-17575,P0228,WH_NAGPUR_C,13,3315.91,787.33,55.94,0.0,4159.18,319.94
ORD-2024-17576,P0754,WH_DELHI_N,25,17991.75,1163.99,107.57,0.0,19263.31,770.53
ORD-2024-17577,P0790,WH_MUMBAI_W,12,5189.5199999999995,261.72,51.64,0.0,5502.88,458.57
ORD-2024-17578,P0927,WH_KOLKATA_E,21,1971.69,1136.03,90.36,0.0,3198.08,152.29
ORD-2024-17579,P0634,WH_BLR_S,37,27198.7,1085.06,159.21,0.0,28442.97,768.73
ORD-2024-17580,P0965,WH_DELHI_N,46,11345.9,486.46,197.94,0.0,12030.3,261.53
ORD-2024-17581,P0266,WH_MUMBAI_W,38,7980.76,1339.53,163.51,0.0,9483.8,249.57
ORD-2024-17582,P0956,WH_MUMBAI_W,1,712.39,497.09,4.3,0.0,1213.78,1213.78
ORD-2024-17583,P0228,WH_MUMBAI_W,48,12243.36,1509.15,206.54,0.0,13959.05,290.81
ORD-2024-17584,P0189,WH_DELHI_N,6,3816.7799999999997,1409.56,25.82,0.0,5252.16,875.36
ORD-2024-17585,P0458,WH_NAGPUR_C,45,36711.0,1102.09,193.63,0.0,38006.72,844.59
ORD-2024-17586,P0857,WH_NAGPUR_C,45,23283.0,553.19,193.63,0.0,24029.82,534.0
ORD-2024-17587,P0791,WH_MUMBAI_W,11,3745.83,873.34,47.33,0.0,4666.5,424.23
ORD-2024-17588,P0267,WH_DELHI_N,16,3428.0,1289.59,68.85,0.0,4786.44,299.15
ORD-2024-17589,P0925,WH_KOLKATA_E,22,5285.280000000001,422.36,94.67,0.0,5802.31,263.74
ORD-2024-17590,P0297,WH_BLR_S,46,20459.42,518.34,197.94,0.0,21175.7,460.34
ORD-2024-17591,P0371,WH_MUMBAI_W,11,1885.29,791.35,47.33,0.0,2723.97,247.63
ORD-2024-17592,P0357,WH_MUMBAI_W,37,17966.829999999998,1221.47,159.21,0.0,19347.51,522.91
ORD-2024-17593,P0069,WH_NAGPUR_C,26,2617.16,300.59,111.88,0.0,3029.63,116.52
ORD-2024-17594,P0404,WH_NAGPUR_C,26,16300.179999999998,187.75,111.88,0.0,16599.81,638.45
ORD-2024-17595,P0254,WH_NAGPUR_C,42,2344.02,1531.48,180.72,0.0,4056.22,96.58
ORD-2024-17596,P0195,WH_DELHI_N,21,12114.06,1491.86,90.36,0.0,13696.28,652.2
ORD-2024-17597,P0915,WH_DELHI_N,26,17830.28,972.16,111.88,0.0,18914.32,727.47
ORD-2024-17598,P0345,WH_NAGPUR_C,15,10553.85,1260.67,64.54,0.0,11879.06,791.94
ORD-2024-17599,P0666,WH_MUMBAI_W,39,24405.42,466.92,167.82,0.0,25040.16,642.06
ORD-2024-17600,P0809,WH_MUMBAI_W,35,9762.2,1397.92,150.6,0.0,11310.72,323.16
ORD-2024-17601,P0432,WH_BLR_S,11,8401.91,1348.33,47.33,0.0,9797.57,890.69
ORD-2024-17602,P0491,WH_KOLKATA_E,9,514.26,250.76,38.73,0.0,803.75,89.31
ORD-2024-17603,P0866,WH_MUMBAI_W,42,23492.280000000002,1218.02,180.72,0.0,24891.02,592.64
ORD-2024-17604,P0135,WH_MUMBAI_W,23,14026.550000000001,507.01,98.97,0.0,14632.53,636.2
ORD-2024-17605,P0672,WH_NAGPUR_C,4,995.44,801.22,17.21,0.0,1813.87,453.47
ORD-2024-17606,P0672,WH_BLR_S,30,7465.8,575.22,129.09,0.0,8170.11,272.34
ORD-2024-17607,P0143,WH_NAGPUR_C,28,17725.399999999998,1523.97,120.48,0.0,19369.85,691.78
ORD-2024-17608,P0971,WH_BLR_S,25,14149.25,839.47,107.57,0.0,15096.29,603.85
ORD-2024-17609,P0790,WH_MUMBAI_W,22,9514.119999999999,1384.5,94.67,0.0,10993.29,499.7
ORD-2024-17610,P0589,WH_DELHI_N,25,7183.750000000001,1044.27,107.57,0.0,8335.59,333.42
ORD-2024-17611,P0688,WH_BLR_S,26,4912.44,784.82,111.88,0.0,5809.14,223.43
ORD-2024-17612,P0294,WH_DELHI_N,29,1099.1,1149.75,124.79,0.0,2373.64,81.85
ORD-2024-17613,P0135,WH_BLR_S,46,28053.100000000002,95.6674,197.94,0.0,28346.71,616.23
ORD-2024-17614,P0914,WH_KOLKATA_E,41,15885.449999999999,923.35,176.42,0.0,16985.22,414.27
ORD-2024-17615,P0759,WH_NAGPUR_C,32,17628.16,376.4,137.69,0.0,18142.25,566.95
ORD-2024-17616,P0783,WH_DELHI_N,26,14256.84,1229.06,111.88,0.0,15597.78,599.91
ORD-2024-17617,P0913,WH_KOLKATA_E,28,18188.52,1363.63,120.48,0.0,19672.63,702.59
ORD-2024-17618,P0091,WH_DELHI_N,20,13330.4,1195.67,86.06,0.0,14612.13,730.61
ORD-2024-17619,P0150,WH_DELHI_N,48,10777.44,1474.8,206.54,0.0,12458.78,259.56
ORD-2024-17620,P0662,WH_DELHI_N,2,1466.3,242.59,8.61,0.0,1717.5,858.75
ORD-2024-17621,P0430,WH_KOLKATA_E,23,12781.330000000002,519.85,98.97,0.0,13400.15,582.62
ORD-2024-17622,P0783,WH_MUMBAI_W,39,21385.260000000002,1197.48,167.82,0.0,22750.56,583.35
ORD-2024-17623,P0213,WH_BLR_S,5,2152.9,313.31,21.51,0.0,2487.72,497.54
ORD-2024-17624,P0135,WH_MUMBAI_W,21,12806.85,834.63,90.36,0.0,13731.84,653.9
ORD-2024-17625,P0796,WH_KOLKATA_E,22,12485.66,1232.12,94.67,0.0,13812.45,627.84
ORD-2024-17626,P0188,WH_MUMBAI_W,49,39243.12,434.76,210.85,0.0,39888.73,814.06
ORD-2024-17627,P0097,WH_KOLKATA_E,11,2537.37,743.0,47.33,0.0,3327.7,302.52
ORD-2024-17628,P0837,WH_NAGPUR_C,30,19506.600000000002,1343.84,129.09,0.0,20979.53,699.32
ORD-2024-17629,P0266,WH_MUMBAI_W,28,5880.56,696.11,120.48,0.0,6697.15,239.18
ORD-2024-17630,P0708,WH_NAGPUR_C,36,7510.68,1141.82,154.91,0.0,8807.41,244.65
ORD-2024-17631,P0143,WH_NAGPUR_C,17,10761.849999999999,1589.24,73.15,0.0,12424.24,730.84
ORD-2024-17632,P0544,WH_BLR_S,21,9581.25,1200.74,90.36,0.0,10872.35,517.73
ORD-2024-17633,P0790,WH_BLR_S,37,16001.019999999999,1360.73,159.21,0.0,17520.96,473.54
ORD-2024-17634,P0595,WH_BLR_S,36,8560.800000000001,541.85,154.91,0.0,9257.56,257.15
ORD-2024-17635,P0188,WH_MUMBAI_W,25,20022.0,413.57,107.57,0.0,20543.14,821.73
ORD-2024-17636,P0708,WH_KOLKATA_E,24,5007.12,1235.56,103.27,0.0,6345.95,264.41
ORD-2024-17637,P0372,WH_KOLKATA_E,30,19579.5,856.12,129.09,0.0,20564.71,685.49
ORD-2024-17638,P0135,WH_DELHI_N,42,25613.7,1184.44,180.72,0.0,26978.86,642.35
ORD-2024-17639,P0356,WH_KOLKATA_E,35,28688.1,526.53,150.6,0.0,29365.23,839.01
ORD-2024-17640,P0356,WH_DELHI_N,21,17212.86,397.22,90.36,0.0,17700.44,842.88
ORD-2024-17641,P0521,WH_NAGPUR_C,6,3478.9800000000005,818.35,25.82,0.0,4323.15,720.52
ORD-2024-17642,P0228,WH_NAGPUR_C,21,5356.47,265.6,90.36,0.0,5712.43,272.02
ORD-2024-17643,P0300,WH_DELHI_N,8,3231.04,902.6,34.42,0.0,4168.06,521.01
ORD-2024-17644,P0666,WH_KOLKATA_E,5,3128.8999999999996,595.87,21.51,0.0,3746.28,749.26
ORD-2024-17645,P0404,WH_MUMBAI_W,40,25077.199999999997,358.43,172.12,0.0,25607.75,640.19
ORD-2024-17646,P0517,WH_KOLKATA_E,10,2979.9,846.51,43.03,0.0,3869.44,386.94
ORD-2024-17647,P0011,WH_DELHI_N,31,13223.36,887.37,133.39,0.0,14244.12,459.49
ORD-2024-17648,P0080,WH_MUMBAI_W,30,8777.4,1246.05,129.09,0.0,10152.54,338.42
ORD-2024-17649,P0971,WH_NAGPUR_C,21,11885.37,583.06,90.36,0.0,12558.79,598.04
ORD-2024-17650,P0254,WH_NAGPUR_C,36,2009.16,1061.0,154.91,0.0,3225.07,89.59
ORD-2024-17651,P0353,WH_BLR_S,27,21852.18,879.52,116.18,0.0,22847.88,846.22
ORD-2024-17652,P0662,WH_NAGPUR_C,38,27859.7,259.91,163.51,0.0,28283.12,744.29
ORD-2024-17653,P0247,WH_NAGPUR_C,35,1335.95,159.66,150.6,0.0,1646.21,47.03
ORD-2024-17654,P0712,WH_NAGPUR_C,32,8185.6,1102.92,137.69,0.0,9426.21,294.57
ORD-2024-17655,P0116,WH_NAGPUR_C,26,4584.06,872.04,111.88,0.0,5567.98,214.15
ORD-2024-17656,P0583,WH_BLR_S,4,1636.48,1523.29,17.21,0.0,3176.98,794.24
ORD-2024-17657,P0791,WH_KOLKATA_E,27,9194.31,1015.29,116.18,0.0,10325.78,382.44
ORD-2024-17658,P0228,WH_MUMBAI_W,36,9182.52,421.85,154.91,0.0,9759.28,271.09
ORD-2024-17659,P0673,WH_NAGPUR_C,37,18394.18,1343.78,159.21,0.0,19897.17,537.76
ORD-2024-17660,P0755,WH_DELHI_N,27,16406.55,110.4,116.18,0.0,16633.13,616.04
ORD-2024-17661,P0952,WH_DELHI_N,47,23410.23,1131.56,202.24,0.0,24744.03,526.47
ORD-2024-17662,P0261,WH_NAGPUR_C,48,21124.32,1340.51,206.54,0.0,22671.37,472.32
ORD-2024-17663,P0131,WH_MUMBAI_W,6,464.40000000000003,287.1,25.82,0.0,777.32,129.55
ORD-2024-17664,P0135,WH_BLR_S,18,10977.300000000001,455.82,77.45,0.0,11510.57,639.48
ORD-2024-17665,P0115,WH_NAGPUR_C,26,19924.059999999998,293.94,111.88,0.0,20329.88,781.92
ORD-2024-17666,P0907,WH_BLR_S,44,6778.64,390.21,189.33,0.0,7358.18,167.23
ORD-2024-17667,P0709,WH_MUMBAI_W,24,11597.52,484.17,103.27,0.0,12184.96,507.71
ORD-2024-17668,P0319,WH_NAGPUR_C,7,424.27,637.77,30.12,0.0,1092.16,156.02
ORD-2024-17669,P0663,WH_NAGPUR_C,44,36036.88,914.51,189.33,0.0,37140.72,844.11
ORD-2024-17670,P0913,WH_MUMBAI_W,14,9094.26,1483.27,60.24,0.0,10637.77,759.84
ORD-2024-17671,P0422,WH_KOLKATA_E,13,5574.400000000001,121.07,55.94,0.0,5751.41,442.42
ORD-2024-17672,P0492,WH_BLR_S,26,17984.2,646.96,111.88,0.0,18743.04,720.89
ORD-2024-17673,P0404,WH_DELHI_N,43,26957.989999999998,466.13,185.03,0.0,27609.15,642.07
ORD-2024-17674,P0030,WH_DELHI_N,43,16689.59,1267.44,185.03,0.0,18142.06,421.91
ORD-2024-17675,P0581,WH_DELHI_N,2,77.36,1574.96,8.61,0.0,1660.93,830.46
ORD-2024-17676,P0962,WH_KOLKATA_E,46,5592.68,717.7,197.94,0.0,6508.32,141.49
ORD-2024-17677,P0222,WH_BLR_S,47,8884.88,1379.85,202.24,0.0,10466.97,222.7
ORD-2024-17678,P0231,WH_KOLKATA_E,23,13685.46,1449.77,98.97,0.0,15234.2,662.36
ORD-2024-17679,P0824,WH_KOLKATA_E,28,23105.039999999997,733.61,120.48,0.0,23959.13,855.68
ORD-2024-17680,P0994,WH_MUMBAI_W,1,335.81,229.19,4.3,0.0,569.3,569.3
ORD-2024-17681,P0430,WH_DELHI_N,32,17782.72,1536.18,137.69,0.0,19456.59,608.02
ORD-2024-17682,P0746,WH_DELHI_N,12,7071.24,1237.61,51.64,0.0,8360.49,696.71
ORD-2024-17683,P0914,WH_DELHI_N,46,17822.7,1126.87,197.94,0.0,19147.51,416.25
ORD-2024-17684,P0465,WH_MUMBAI_W,35,20755.35,868.0,150.6,0.0,21773.95,622.11
ORD-2024-17685,P0633,WH_NAGPUR_C,26,12682.02,329.68,111.88,0.0,13123.58,504.75
ORD-2024-17686,P0700,WH_BLR_S,31,25471.149999999998,706.57,133.39,0.0,26311.11,848.75
ORD-2024-17687,P0030,WH_DELHI_N,12,4657.5599999999995,721.04,51.64,0.0,5430.24,452.52
ORD-2024-17688,P0391,WH_NAGPUR_C,29,22934.94,1043.24,124.79,0.0,24102.97,831.14
ORD-2024-17689,P0131,WH_BLR_S,5,387.0,375.07,21.51,0.0,783.58,156.72
ORD-2024-17690,P0530,WH_MUMBAI_W,35,2180.85,1165.85,150.6,0.0,3497.3,99.92
ORD-2024-17691,P0709,WH_NAGPUR_C,7,3382.61,1256.52,30.12,0.0,4669.25,667.04
ORD-2024-17692,P0115,WH_NAGPUR_C,16,12260.96,1537.94,68.85,0.0,13867.75,866.73
ORD-2024-17693,P0342,WH_BLR_S,32,4520.32,1226.44,137.69,0.0,5884.45,183.89
ORD-2024-17694,P0568,WH_DELHI_N,17,12859.82,1596.41,73.15,0.0,14529.38,854.67
ORD-2024-17695,P0176,WH_KOLKATA_E,21,2374.47,144.54,90.36,0.0,2609.37,124.26
ORD-2024-17696,P0627,WH_NAGPUR_C,27,22793.4,1556.74,116.18,0.0,24466.32,906.16
ORD-2024-17697,P0592,WH_KOLKATA_E,40,25350.4,1348.51,172.12,0.0,26871.03,671.78
ORD-2024-17698,P0834,WH_NAGPUR_C,47,30031.59,904.65,202.24,0.0,31138.48,662.52
ORD-2024-17699,P0492,WH_NAGPUR_C,15,10375.5,612.71,64.54,0.0,11052.75,736.85
ORD-2024-17700,P0088,WH_KOLKATA_E,23,4689.01,363.71,98.97,0.0,5151.69,223.99
ORD-2024-17701,P0711,WH_NAGPUR_C,8,6031.04,229.22,34.42,0.0,6294.68,786.84
ORD-2024-17702,P0102,WH_NAGPUR_C,25,2334.75,720.71,107.57,0.0,3163.03,126.52
ORD-2024-17703,P0763,WH_MUMBAI_W,11,9073.57,659.28,47.33,0.0,9780.18,889.11
ORD-2024-17704,P0892,WH_MUMBAI_W,21,1321.95,1208.69,90.36,0.0,2621.0,124.81
ORD-2024-17705,P0135,WH_KOLKATA_E,10,6098.5,414.78,43.03,0.0,6556.31,655.63
ORD-2024-17706,P0876,WH_NAGPUR_C,9,3976.47,454.72,38.73,0.0,4469.92,496.66
ORD-2024-17707,P0191,WH_BLR_S,48,4401.6,299.51,206.54,0.0,4907.65,102.24
ORD-2024-17708,P0430,WH_MUMBAI_W,1,555.71,1481.69,4.3,0.0,2041.7,2041.7
ORD-2024-17709,P0189,WH_NAGPUR_C,22,13994.86,350.22,94.67,0.0,14439.75,656.35
ORD-2024-17710,P0408,WH_NAGPUR_C,6,1017.9000000000001,963.86,25.82,0.0,2007.58,334.6
ORD-2024-17711,P0581,WH_NAGPUR_C,30,1160.4,670.89,129.09,0.0,1960.38,65.35
ORD-2024-17712,P0918,WH_DELHI_N,34,14763.82,1084.62,146.3,0.0,15994.74,470.43
ORD-2024-17713,P0608,WH_NAGPUR_C,13,10858.77,155.03,55.94,0.0,11069.74,851.52
ORD-2024-17714,P0297,WH_DELHI_N,22,9784.939999999999,1363.25,94.67,0.0,11242.86,511.04
ORD-2024-17715,P0596,WH_BLR_S,6,1430.94,614.61,25.82,0.0,2071.37,345.23
ORD-2024-17716,P0592,WH_KOLKATA_E,41,25984.16,471.77,176.42,0.0,26632.35,649.57
ORD-2024-17717,P0193,WH_DELHI_N,46,16475.36,589.91,197.94,0.0,17263.21,375.29
ORD-2024-17718,P0780,WH_MUMBAI_W,24,15332.16,1600.23,103.27,0.0,17035.66,709.82
ORD-2024-17719,P0821,WH_NAGPUR_C,21,10401.300000000001,676.56,90.36,0.0,11168.22,531.82
ORD-2024-17720,P0102,WH_BLR_S,39,3642.21,917.23,167.82,0.0,4727.26,121.21
ORD-2024-17721,P0994,WH_BLR_S,23,7723.63,1443.92,98.97,0.0,9266.52,402.89
ORD-2024-17722,P0569,WH_KOLKATA_E,5,3105.1,1596.5,21.51,0.0,4723.11,944.62
ORD-2024-17723,P0952,WH_DELHI_N,7,3486.6299999999997,1632.7206,30.12,0.0,5149.47,735.64
ORD-2024-17724,P0432,WH_DELHI_N,3,2291.43,401.17,12.91,0.0,2705.51,901.84
ORD-2024-17725,P0070,WH_NAGPUR_C,13,6903.910000000001,965.75,55.94,0.0,7925.6,609.66
ORD-2024-17726,P0708,WH_NAGPUR_C,12,2503.56,1109.98,51.64,0.0,3665.18,305.43
ORD-2024-17727,P0565,WH_KOLKATA_E,6,711.66,1281.99,25.82,0.0,2019.47,336.58
ORD-2024-17728,P0115,WH_MUMBAI_W,34,26054.539999999997,876.82,146.3,0.0,27077.66,796.4
ORD-2024-17729,P0759,WH_DELHI_N,15,8263.2,958.39,64.54,0.0,9286.13,619.08
ORD-2024-17730,P0876,WH_DELHI_N,47,20766.01,642.87,202.24,0.0,21611.12,459.81
ORD-2024-17731,P0154,WH_NAGPUR_C,18,6763.5,1134.1,77.45,0.0,7975.05,443.06
ORD-2024-17732,P0363,WH_DELHI_N,49,33713.47,1148.56,210.85,0.0,35072.88,715.77
ORD-2024-17733,P0568,WH_MUMBAI_W,3,2269.38,1537.03,12.91,0.0,3819.32,1273.11
ORD-2024-17734,P0866,WH_NAGPUR_C,22,12305.480000000001,1088.34,94.67,0.0,13488.49,613.11
ORD-2024-17735,P0011,WH_MUMBAI_W,35,14929.6,1571.49,150.6,0.0,16651.69,475.76
ORD-2024-17736,P0596,WH_BLR_S,28,6677.72,1541.09,120.48,0.0,8339.29,297.83
ORD-2024-17737,P0205,WH_KOLKATA_E,41,22741.879999999997,118.76,176.42,0.0,23037.06,561.88
ORD-2024-17738,P0247,WH_MUMBAI_W,42,1603.14,95.6674,180.72,0.0,1879.53,44.75
ORD-2024-17739,P0748,WH_KOLKATA_E,12,2162.3999999999996,1565.01,51.64,0.0,3779.05,314.92
ORD-2024-17740,P0708,WH_NAGPUR_C,1,208.63,942.58,4.3,0.0,1155.51,1155.51
ORD-2024-17741,P0988,WH_DELHI_N,36,29447.28,603.8,154.91,0.0,30205.99,839.06
ORD-2024-17742,P0011,WH_NAGPUR_C,30,12796.8,763.49,129.09,0.0,13689.38,456.31
ORD-2024-17743,P0202,WH_NAGPUR_C,23,6633.89,801.6,98.97,0.0,7534.46,327.59
ORD-2024-17744,P0892,WH_DELHI_N,37,2329.15,181.23,159.21,0.0,2669.59,72.15
ORD-2024-17745,P0892,WH_KOLKATA_E,28,1762.6000000000001,1408.77,120.48,0.0,3291.85,117.57
ORD-2024-17746,P0567,WH_MUMBAI_W,49,18098.64,630.69,210.85,0.0,18940.18,386.53
ORD-2024-17747,P0152,WH_NAGPUR_C,5,1245.1000000000001,934.82,21.51,0.0,2201.43,440.29
ORD-2024-17748,P0754,WH_NAGPUR_C,36,25908.12,1315.02,154.91,0.0,27378.05,760.5
ORD-2024-17749,P0840,WH_KOLKATA_E,47,15380.75,1376.89,202.24,0.0,16959.88,360.85
ORD-2024-17750,P0790,WH_DELHI_N,10,4324.599999999999,475.74,43.03,0.0,4843.37,484.34
ORD-2024-17751,P0962,WH_NAGPUR_C,5,607.9,282.36,21.51,0.0,911.77,182.35
ORD-2024-17752,P0030,WH_MUMBAI_W,14,5433.82,347.88,60.24,0.0,5841.94,417.28
ORD-2024-17753,P0533,WH_KOLKATA_E,24,4260.0,356.83,103.27,0.0,4720.1,196.67
ORD-2024-17754,P0673,WH_MUMBAI_W,28,13919.92,565.83,120.48,0.0,14606.23,521.65
ORD-2024-17755,P0712,WH_DELHI_N,21,5371.8,1220.92,90.36,0.0,6683.08,318.24
ORD-2024-17756,P0294,WH_DELHI_N,45,1705.5,373.66,193.63,0.0,2272.79,50.51
ORD-2024-17757,P0143,WH_KOLKATA_E,40,25322.0,396.49,172.12,0.0,25890.61,647.27
ORD-2024-17758,P0143,WH_BLR_S,12,7596.599999999999,714.28,51.64,0.0,8362.52,696.88
ORD-2024-17759,P0280,WH_DELHI_N,20,10854.8,236.31,86.06,0.0,11177.17,558.86
ORD-2024-17760,P0161,WH_BLR_S,32,9166.72,466.78,137.69,0.0,9771.19,305.35
ORD-2024-17761,P0748,WH_KOLKATA_E,38,6847.599999999999,757.66,163.51,0.0,7768.77,204.44
ORD-2024-17762,P0011,WH_DELHI_N,40,17062.4,942.72,172.12,0.0,18177.24,454.43
ORD-2024-17763,P0801,WH_MUMBAI_W,42,24775.8,1116.95,180.72,0.0,26073.47,620.8
ORD-2024-17764,P0316,WH_DELHI_N,21,14742.63,692.45,90.36,0.0,15525.44,739.31
ORD-2024-17765,P0064,WH_MUMBAI_W,17,4278.05,850.44,73.15,0.0,5201.64,305.98
ORD-2024-17766,P0363,WH_BLR_S,1,688.03,1307.43,4.3,0.0,1999.76,1999.76
ORD-2024-17767,P0533,WH_DELHI_N,44,7810.0,1224.43,189.33,0.0,9223.76,209.63
ORD-2024-17768,P0596,WH_KOLKATA_E,28,6677.72,906.54,120.48,0.0,7704.74,275.17
ORD-2024-17769,P0410,WH_MUMBAI_W,2,1026.62,1229.42,8.61,0.0,2264.65,1132.32
ORD-2024-17770,P0911,WH_NAGPUR_C,17,496.06,511.66,73.15,0.0,1080.87,63.58
ORD-2024-17771,P0748,WH_KOLKATA_E,39,7027.799999999999,1530.75,167.82,0.0,8726.37,223.75
ORD-2024-17772,P0584,WH_NAGPUR_C,14,6720.84,1109.26,60.24,0.0,7890.34,563.6
ORD-2024-17773,P0449,WH_KOLKATA_E,14,4377.099999999999,1129.09,60.24,0.0,5566.43,397.6
ORD-2024-17774,P0316,WH_NAGPUR_C,44,30889.32,1191.48,189.33,0.0,32270.13,733.41
ORD-2024-17775,P0152,WH_BLR_S,48,11952.960000000001,125.34,206.54,0.0,12284.84,255.93
ORD-2024-17776,P0545,WH_MUMBAI_W,18,5249.5199999999995,298.61,77.45,0.0,5625.58,312.53
ORD-2024-17777,P0783,WH_BLR_S,40,21933.600000000002,1038.78,172.12,0.0,23144.5,578.61
ORD-2024-17778,P0143,WH_DELHI_N,34,21523.699999999997,1088.81,146.3,0.0,22758.81,669.38
ORD-2024-17779,P0641,WH_DELHI_N,43,22768.5,1434.76,185.03,0.0,24388.29,567.17
ORD-2024-17780,P0992,WH_KOLKATA_E,1,511.71,965.76,4.3,0.0,1481.77,1481.77
ORD-2024-17781,P0511,WH_DELHI_N,42,25730.04,458.5,180.72,0.0,26369.26,627.84
ORD-2024-17782,P0926,WH_MUMBAI_W,18,9774.18,871.1,77.45,0.0,10722.73,595.71
ORD-2024-17783,P0592,WH_DELHI_N,48,30420.48,540.18,206.54,0.0,31167.2,649.32
ORD-2024-17784,P0716,WH_NAGPUR_C,34,12619.78,1125.1,146.3,0.0,13891.18,408.56
ORD-2024-17785,P0836,WH_BLR_S,23,8771.050000000001,1158.42,98.97,0.0,10028.44,436.02
ORD-2024-17786,P0634,WH_KOLKATA_E,49,36019.9,433.07,210.85,0.0,36663.82,748.24
ORD-2024-17787,P0634,WH_MUMBAI_W,16,11761.6,610.22,68.85,0.0,12440.67,777.54
ORD-2024-17788,P0926,WH_MUMBAI_W,19,10317.19,1072.41,81.76,0.0,11471.36,603.76
ORD-2024-17789,P0904,WH_NAGPUR_C,37,8196.98,1473.82,159.21,0.0,9830.01,265.68
ORD-2024-17790,P0565,WH_NAGPUR_C,6,711.66,682.62,25.82,0.0,1420.1,236.68
ORD-2024-17791,P0560,WH_BLR_S,24,870.72,1185.93,103.27,0.0,2159.92,90.0
ORD-2024-17792,P0998,WH_MUMBAI_W,17,1146.99,662.29,73.15,0.0,1882.43,110.73
ORD-2024-17793,P0581,WH_MUMBAI_W,48,1856.6399999999999,589.0,206.54,0.0,2652.18,55.25
ORD-2024-17794,P0915,WH_MUMBAI_W,16,10972.48,1034.81,68.85,0.0,12076.14,754.76
ORD-2024-17795,P0545,WH_BLR_S,39,11373.96,1514.38,167.82,0.0,13056.16,334.77
ORD-2024-17796,P0342,WH_NAGPUR_C,48,6780.48,593.35,206.54,0.0,7580.37,157.92
ORD-2024-17797,P0791,WH_BLR_S,41,13961.73,862.89,176.42,0.0,15001.04,365.88
ORD-2024-17798,P0716,WH_MUMBAI_W,6,2227.02,250.55,25.82,0.0,2503.39,417.23
ORD-2024-17799,P0904,WH_NAGPUR_C,16,3544.64,1042.96,68.85,0.0,4656.45,291.03
ORD-2024-17800,P0994,WH_DELHI_N,9,3022.29,641.18,38.73,0.0,3702.2,411.36
ORD-2024-17801,P0992,WH_KOLKATA_E,29,14839.59,278.35,124.79,0.0,15242.73,525.61
ORD-2024-17802,P0708,WH_NAGPUR_C,4,834.52,1097.5,17.21,0.0,1949.23,487.31
ORD-2024-17803,P0161,WH_DELHI_N,26,7447.959999999999,1057.47,111.88,0.0,8617.31,331.44
ORD-2024-17804,P0491,WH_NAGPUR_C,38,2171.32,295.75,163.51,0.0,2630.58,69.23
ORD-2024-17805,P0904,WH_NAGPUR_C,26,5760.04,1147.28,111.88,0.0,7019.2,269.97
ORD-2024-17806,P0202,WH_BLR_S,14,4038.02,1338.46,60.24,0.0,5436.72,388.34
ORD-2024-17807,P0796,WH_MUMBAI_W,35,19863.55,1007.87,150.6,0.0,21022.02,600.63
ORD-2024-17808,P0228,WH_NAGPUR_C,49,12498.43,1300.18,210.85,0.0,14009.46,285.91
ORD-2024-17809,P0266,WH_BLR_S,43,9030.86,883.81,185.03,0.0,10099.7,234.88
ORD-2024-17810,P0080,WH_DELHI_N,24,7021.92,489.81,103.27,0.0,7615.0,317.29
ORD-2024-17811,P0143,WH_BLR_S,8,5064.4,430.56,34.42,0.0,5529.38,691.17
ORD-2024-17812,P0673,WH_NAGPUR_C,40,19885.6,418.29,172.12,0.0,20476.01,511.9
ORD-2024-17813,P0266,WH_NAGPUR_C,25,5250.5,1070.24,107.57,0.0,6428.31,257.13
ORD-2024-17814,P0633,WH_NAGPUR_C,4,1951.08,524.3,17.21,0.0,2492.59,623.15
ORD-2024-17815,P0410,WH_KOLKATA_E,15,7699.65,876.47,64.54,0.0,8640.66,576.04
ORD-2024-17816,P0294,WH_BLR_S,16,606.4,1374.58,68.85,0.0,2049.83,128.11
ORD-2024-17817,P0408,WH_MUMBAI_W,11,1866.15,306.38,47.33,0.0,2219.86,201.81
ORD-2024-17818,P0866,WH_NAGPUR_C,28,15661.52,420.42,120.48,0.0,16202.42,578.66
ORD-2024-17819,P0449,WH_NAGPUR_C,7,2188.5499999999997,1289.71,30.12,0.0,3508.38,501.2
ORD-2024-17820,P0022,WH_DELHI_N,38,22007.7,153.59,163.51,0.0,22324.8,587.49
ORD-2024-17821,P0712,WH_MUMBAI_W,24,6139.200000000001,395.95,103.27,0.0,6638.42,276.6
ORD-2024-17822,P0608,WH_NAGPUR_C,31,25893.989999999998,849.28,133.39,0.0,26876.66,866.99
ORD-2024-17823,P0143,WH_DELHI_N,4,2532.2,1545.61,17.21,0.0,4095.02,1023.76
ORD-2024-17824,P0857,WH_MUMBAI_W,37,19143.8,922.93,159.21,0.0,20225.94,546.65
ORD-2024-17825,P0076,WH_MUMBAI_W,35,8094.099999999999,253.31,150.6,0.0,8498.01,242.8
ORD-2024-17826,P0754,WH_KOLKATA_E,6,4318.0199999999995,959.0,25.82,0.0,5302.84,883.81
ORD-2024-17827,P0062,WH_MUMBAI_W,46,5547.14,668.99,197.94,0.0,6414.07,139.44
ORD-2024-17828,P0545,WH_NAGPUR_C,33,9624.119999999999,291.16,142.0,0.0,10057.28,304.77
ORD-2024-17829,P0371,WH_MUMBAI_W,32,5484.48,784.63,137.69,0.0,6406.8,200.21
ORD-2024-17830,P0589,WH_DELHI_N,46,13218.1,1132.37,197.94,0.0,14548.41,316.27
ORD-2024-17831,P0410,WH_KOLKATA_E,38,19505.78,1575.88,163.51,0.0,21245.17,559.08
ORD-2024-17832,P0700,WH_KOLKATA_E,35,28757.75,1233.58,150.6,0.0,30141.93,861.2
ORD-2024-17833,P0266,WH_BLR_S,17,3570.34,1320.04,73.15,0.0,4963.53,291.97
ORD-2024-17834,P0261,WH_MUMBAI_W,32,14082.88,1523.8,137.69,0.0,15744.37,492.01
ORD-2024-17835,P0279,WH_KOLKATA_E,14,9698.08,595.21,60.24,0.0,10353.53,739.54
ORD-2024-17836,P0294,WH_DELHI_N,19,720.1,960.7,81.76,0.0,1762.56,92.77
ORD-2024-17837,P0952,WH_MUMBAI_W,24,11954.16,1601.36,103.27,0.0,13658.79,569.12
ORD-2024-17838,P0470,WH_DELHI_N,39,27904.5,1014.39,167.82,0.0,29086.71,745.81
ORD-2024-17839,P0021,WH_NAGPUR_C,11,2719.9700000000003,247.33,47.33,0.0,3014.63,274.06
ORD-2024-17840,P0102,WH_MUMBAI_W,7,653.73,1502.63,30.12,0.0,2186.48,312.35
ORD-2024-17841,P0620,WH_NAGPUR_C,45,5337.900000000001,586.56,193.63,0.0,6118.09,135.96
ORD-2024-17842,P0188,WH_BLR_S,24,19221.12,445.9,103.27,0.0,19770.29,823.76
ORD-2024-17843,P0790,WH_BLR_S,24,10379.039999999999,1070.77,103.27,0.0,11553.08,481.38
ORD-2024-17844,P0672,WH_KOLKATA_E,14,3484.04,611.14,60.24,0.0,4155.42,296.82
ORD-2024-17845,P0297,WH_NAGPUR_C,24,10674.48,690.19,103.27,0.0,11467.94,477.83
ORD-2024-17846,P0021,WH_MUMBAI_W,11,2719.9700000000003,396.59,47.33,0.0,3163.89,287.63
ORD-2024-17847,P0476,WH_KOLKATA_E,8,4264.64,183.88,34.42,0.0,4482.94,560.37
ORD-2024-17848,P0430,WH_BLR_S,44,24451.24,120.84,189.33,0.0,24761.41,562.76
ORD-2024-17849,P0195,WH_MUMBAI_W,15,8652.9,473.39,64.54,0.0,9190.83,612.72
ORD-2024-17850,P0540,WH_BLR_S,42,16634.100000000002,881.45,180.72,0.0,17696.27,421.34
ORD-2024-17851,P0824,WH_DELHI_N,2,1650.36,1272.42,8.61,0.0,2931.39,1465.7
ORD-2024-17852,P0634,WH_BLR_S,24,17642.4,403.11,103.27,0.0,18148.78,756.2
ORD-2024-17853,P0316,WH_BLR_S,45,31591.35,1015.0,193.63,0.0,32799.98,728.89
ORD-2024-17854,P0070,WH_DELHI_N,10,5310.700000000001,1469.8,43.03,0.0,6823.53,682.35
ORD-2024-17855,P0159,WH_BLR_S,32,12693.12,688.57,137.69,0.0,13519.38,422.48
ORD-2024-17856,P0139,WH_MUMBAI_W,17,10169.400000000001,1632.7206,73.15,0.0,11875.27,698.55
ORD-2024-17857,P0620,WH_BLR_S,10,1186.2,1054.72,43.03,0.0,2283.95,228.4
ORD-2024-17858,P0926,WH_DELHI_N,22,11946.22,1497.26,94.67,0.0,13538.15,615.37
ORD-2024-17859,P0266,WH_BLR_S,6,1260.1200000000001,501.73,25.82,0.0,1787.67,297.94
ORD-2024-17860,P0956,WH_NAGPUR_C,27,19234.53,1013.52,116.18,0.0,20364.23,754.23
ORD-2024-17861,P0105,WH_NAGPUR_C,20,13614.400000000001,265.09,86.06,0.0,13965.55,698.28
ORD-2024-17862,P0927,WH_DELHI_N,1,93.89,1568.73,4.3,0.0,1666.92,1666.92
ORD-2024-17863,P0589,WH_DELHI_N,17,4884.950000000001,687.31,73.15,0.0,5645.41,332.08
ORD-2024-17864,P0491,WH_BLR_S,1,57.14,247.79,4.3,0.0,309.23,309.23
ORD-2024-17865,P0913,WH_DELHI_N,37,24034.83,1029.16,159.21,0.0,25223.2,681.71
ORD-2024-17866,P0926,WH_NAGPUR_C,15,8145.15,450.94,64.54,0.0,8660.63,577.38
ORD-2024-17867,P0530,WH_DELHI_N,1,62.31,559.58,4.3,0.0,626.19,626.19
ORD-2024-17868,P0154,WH_DELHI_N,17,6387.75,646.65,73.15,0.0,7107.55,418.09
ORD-2024-17869,P0159,WH_BLR_S,46,18246.36,262.0,197.94,0.0,18706.3,406.66
ORD-2024-17870,P0712,WH_KOLKATA_E,45,11511.0,200.29,193.63,0.0,11904.92,264.55
ORD-2024-17871,P0693,WH_DELHI_N,43,17559.48,628.26,185.03,0.0,18372.77,427.27
ORD-2024-17872,P0592,WH_BLR_S,44,27885.44,507.25,189.33,0.0,28582.02,649.59
ORD-2024-17873,P0663,WH_KOLKATA_E,38,31122.76,1021.58,163.51,0.0,32307.85,850.21
ORD-2024-17874,P0228,WH_NAGPUR_C,43,10968.01,148.96,185.03,0.0,11302.0,262.84
ORD-2024-17875,P0021,WH_NAGPUR_C,2,494.54,1158.41,8.61,0.0,1661.56,830.78
ORD-2024-17876,P0533,WH_BLR_S,18,3195.0,909.09,77.45,0.0,4181.54,232.31
ORD-2024-17877,P0116,WH_BLR_S,12,2115.7200000000003,883.68,51.64,0.0,3051.04,254.25
ORD-2024-17878,P0195,WH_DELHI_N,29,16728.94,832.19,124.79,0.0,17685.92,609.86
ORD-2024-17879,P0962,WH_BLR_S,23,2796.34,921.84,98.97,0.0,3817.15,165.96
ORD-2024-17880,P0041,WH_MUMBAI_W,47,11519.23,808.4,202.24,0.0,12529.87,266.59
ORD-2024-17881,P0152,WH_KOLKATA_E,9,2241.1800000000003,709.31,38.73,0.0,2989.22,332.14
ORD-2024-17882,P0568,WH_BLR_S,8,6051.68,561.42,34.42,0.0,6647.52,830.94
ORD-2024-17883,P0021,WH_DELHI_N,16,3956.32,661.06,68.85,0.0,4686.23,292.89
ORD-2024-17884,P0971,WH_NAGPUR_C,23,13017.310000000001,274.29,98.97,0.0,13390.57,582.2
ORD-2024-17885,P0824,WH_BLR_S,29,23930.219999999998,602.78,124.79,0.0,24657.79,850.27
ORD-2024-17886,P0150,WH_NAGPUR_C,10,2245.3,815.16,43.03,0.0,3103.49,310.35
ORD-2024-17887,P0981,WH_MUMBAI_W,12,759.84,1235.93,51.64,0.0,2047.41,170.62
ORD-2024-17888,P0466,WH_MUMBAI_W,12,2662.08,845.89,51.64,0.0,3559.61,296.63
ORD-2024-17889,P0913,WH_KOLKATA_E,30,19487.7,1348.07,129.09,0.0,20964.86,698.83
ORD-2024-17890,P0316,WH_DELHI_N,10,7020.299999999999,1240.35,43.03,0.0,8303.68,830.37
ORD-2024-17891,P0213,WH_BLR_S,14,6028.12,512.88,60.24,0.0,6601.24,471.52
ORD-2024-17892,P0150,WH_MUMBAI_W,4,898.12,905.99,17.21,0.0,1821.32,455.33
ORD-2024-17893,P0672,WH_KOLKATA_E,47,11696.42,567.5,202.24,0.0,12466.16,265.24
ORD-2024-17894,P0801,WH_DELHI_N,20,11798.0,278.67,86.06,0.0,12162.73,608.14
ORD-2024-17895,P0884,WH_NAGPUR_C,41,11657.939999999999,1487.46,176.42,0.0,13321.82,324.92
ORD-2024-17896,P0840,WH_DELHI_N,39,12762.75,1443.64,167.82,0.0,14374.21,368.57
ORD-2024-17897,P0030,WH_KOLKATA_E,7,2716.91,220.4,30.12,0.0,2967.43,423.92
ORD-2024-17898,P0316,WH_DELHI_N,30,21060.899999999998,1205.81,129.09,0.0,22395.8,746.53
ORD-2024-17899,P0230,WH_DELHI_N,41,14375.42,1405.04,176.42,0.0,15956.88,389.19
ORD-2024-17900,P0809,WH_KOLKATA_E,24,6694.08,236.2,103.27,0.0,7033.55,293.06
ORD-2024-17901,P0596,WH_BLR_S,10,2384.9,674.25,43.03,0.0,3102.18,310.22
ORD-2024-17902,P0143,WH_KOLKATA_E,45,28487.249999999996,460.26,193.63,0.0,29141.14,647.58
ORD-2024-17903,P0952,WH_NAGPUR_C,38,18927.42,851.33,163.51,0.0,19942.26,524.8
ORD-2024-17904,P0554,WH_MUMBAI_W,36,26332.920000000002,344.01,154.91,0.0,26831.84,745.33
ORD-2024-17905,P0952,WH_BLR_S,17,8467.529999999999,175.74,73.15,0.0,8716.42,512.73
ORD-2024-17906,P0408,WH_KOLKATA_E,21,3562.65,95.6674,90.36,0.0,3748.68,178.51
ORD-2024-17907,P0981,WH_BLR_S,46,2912.72,1632.7206,197.94,0.0,4743.38,103.12
ORD-2024-17908,P0834,WH_BLR_S,3,1916.91,340.89,12.91,0.0,2270.71,756.9
ORD-2024-17909,P0554,WH_KOLKATA_E,1,731.47,521.78,4.3,0.0,1257.55,1257.55
ORD-2024-17910,P0103,WH_DELHI_N,18,2336.7599999999998,1025.3,77.45,0.0,3439.51,191.08
ORD-2024-17911,P0925,WH_BLR_S,2,480.48,1082.38,8.61,0.0,1571.47,785.74
ORD-2024-17912,P0544,WH_KOLKATA_E,40,18250.0,285.35,172.12,0.0,18707.47,467.69
ORD-2024-17913,P0837,WH_MUMBAI_W,48,31210.56,960.77,206.54,0.0,32377.87,674.54
ORD-2024-17914,P0247,WH_MUMBAI_W,4,152.68,785.18,17.21,0.0,955.07,238.77
ORD-2024-17915,P0247,WH_NAGPUR_C,32,1221.44,477.03,137.69,0.0,1836.16,57.38
ORD-2024-17916,P0791,WH_BLR_S,19,6470.07,1228.77,81.76,0.0,7780.6,409.51
ORD-2024-17917,P0371,WH_DELHI_N,20,3427.7999999999997,1476.4,86.06,0.0,4990.26,249.51
ORD-2024-17918,P0097,WH_MUMBAI_W,42,9688.14,583.86,180.72,0.0,10452.72,248.87
ORD-2024-17919,P0754,WH_KOLKATA_E,49,35263.829999999994,398.25,210.85,0.0,35872.93,732.1
ORD-2024-17920,P0837,WH_NAGPUR_C,49,31860.780000000002,749.2,210.85,0.0,32820.83,669.81
ORD-2024-17921,P0372,WH_DELHI_N,7,4568.55,1447.38,30.12,0.0,6046.05,863.72
ORD-2024-17922,P0356,WH_BLR_S,9,7376.94,1270.18,38.73,0.0,8685.85,965.09
ORD-2024-17923,P0791,WH_KOLKATA_E,7,2383.71,1236.9,30.12,0.0,3650.73,521.53
ORD-2024-17924,P0213,WH_NAGPUR_C,27,11625.66,1497.83,116.18,0.0,13239.67,490.36
ORD-2024-17925,P0876,WH_DELHI_N,21,9278.43,391.23,90.36,0.0,9760.02,464.76
ORD-2024-17926,P0876,WH_NAGPUR_C,35,15464.05,1468.37,150.6,0.0,17083.02,488.09
ORD-2024-17927,P0022,WH_DELHI_N,24,13899.599999999999,1505.49,103.27,0.0,15508.36,646.18
ORD-2024-17928,P0479,WH_NAGPUR_C,32,22260.48,1093.82,137.69,0.0,23491.99,734.12
ORD-2024-17929,P0907,WH_MUMBAI_W,12,1848.72,692.02,51.64,0.0,2592.38,216.03
ORD-2024-17930,P0353,WH_DELHI_N,23,18614.82,1446.98,98.97,0.0,20160.77,876.56
ORD-2024-17931,P0159,WH_NAGPUR_C,36,14279.76,95.6674,154.91,0.0,14530.34,403.62
ORD-2024-17932,P0583,WH_DELHI_N,49,20046.88,583.99,210.85,0.0,20841.72,425.34
ORD-2024-17933,P0975,WH_BLR_S,29,1217.4199999999998,277.27,124.79,0.0,1619.48,55.84
ORD-2024-17934,P0319,WH_MUMBAI_W,3,181.82999999999998,751.79,12.91,0.0,946.53,315.51
ORD-2024-17935,P0335,WH_BLR_S,43,36213.31,1193.73,185.03,0.0,37592.07,874.23
ORD-2024-17936,P0279,WH_BLR_S,8,5541.76,614.23,34.42,0.0,6190.41,773.8
ORD-2024-17937,P0103,WH_BLR_S,34,4413.88,898.2,146.3,0.0,5458.38,160.54
ORD-2024-17938,P0569,WH_DELHI_N,14,8694.279999999999,718.58,60.24,0.0,9473.1,676.65
ORD-2024-17939,P0408,WH_KOLKATA_E,36,6107.400000000001,95.6674,154.91,0.0,6357.98,176.61
ORD-2024-17940,P0988,WH_KOLKATA_E,48,39263.04,125.86,206.54,0.0,39595.44,824.91
ORD-2024-17941,P0011,WH_NAGPUR_C,46,19621.76,316.09,197.94,0.0,20135.79,437.73
ORD-2024-17942,P0109,WH_KOLKATA_E,32,14536.0,1308.68,137.69,0.0,15982.37,499.45
ORD-2024-17943,P0533,WH_KOLKATA_E,7,1242.5,355.2,30.12,0.0,1627.82,232.55
ORD-2024-17944,P0430,WH_DELHI_N,10,5557.1,621.39,43.03,0.0,6221.52,622.15
ORD-2024-17945,P0159,WH_BLR_S,12,4759.92,908.15,51.64,0.0,5719.71,476.64
ORD-2024-17946,P0297,WH_DELHI_N,40,17790.8,945.92,172.12,0.0,18908.84,472.72
ORD-2024-17947,P0115,WH_NAGPUR_C,23,17625.129999999997,986.46,98.97,0.0,18710.56,813.5
ORD-2024-17948,P0279,WH_MUMBAI_W,11,7619.92,912.21,47.33,0.0,8579.46,779.95
ORD-2024-17949,P0116,WH_BLR_S,13,2292.03,787.77,55.94,0.0,3135.74,241.21
ORD-2024-17950,P0487,WH_KOLKATA_E,12,530.4000000000001,1091.51,51.64,0.0,1673.55,139.46
ORD-2024-17951,P0925,WH_KOLKATA_E,7,1681.68,497.32,30.12,0.0,2209.12,315.59
ORD-2024-17952,P0663,WH_BLR_S,44,36036.88,795.23,189.33,0.0,37021.44,841.4
ORD-2024-17953,P0981,WH_DELHI_N,10,633.2,738.97,43.03,0.0,1415.2,141.52
ORD-2024-17954,P0709,WH_NAGPUR_C,7,3382.61,660.15,30.12,0.0,4072.88,581.84
ORD-2024-17955,P0091,WH_BLR_S,27,17996.04,1577.62,116.18,0.0,19689.84,729.25
ORD-2024-17956,P0746,WH_MUMBAI_W,7,4124.889999999999,1495.49,30.12,0.0,5650.5,807.21
ORD-2024-17957,P0371,WH_MUMBAI_W,24,4113.36,1262.01,103.27,0.0,5478.64,228.28
ORD-2024-17958,P0205,WH_KOLKATA_E,23,12757.64,1237.18,98.97,0.0,14093.79,612.77
ORD-2024-17959,P0857,WH_MUMBAI_W,25,12935.0,1450.04,107.57,0.0,14492.61,579.7
ORD-2024-17960,P0005,WH_BLR_S,44,15615.16,591.16,189.33,0.0,16395.65,372.63
ORD-2024-17961,P0637,WH_BLR_S,36,13313.16,984.75,154.91,0.0,14452.82,401.47
ORD-2024-17962,P0476,WH_MUMBAI_W,33,17591.640000000003,643.02,142.0,0.0,18376.66,556.87
ORD-2024-17963,P0041,WH_MUMBAI_W,37,9068.33,1398.2,159.21,0.0,10625.74,287.18
ORD-2024-17964,P0791,WH_MUMBAI_W,42,14302.259999999998,991.02,180.72,0.0,15474.0,368.43
ORD-2024-17965,P0780,WH_MUMBAI_W,39,24914.760000000002,969.09,167.82,0.0,26051.67,667.99
ORD-2024-17966,P0005,WH_NAGPUR_C,7,2484.23,896.01,30.12,0.0,3410.36,487.19
ORD-2024-17967,P0914,WH_BLR_S,30,11623.5,878.22,129.09,0.0,12630.81,421.03
ORD-2024-17968,P0103,WH_DELHI_N,31,4024.4199999999996,614.38,133.39,0.0,4772.19,153.94
ORD-2024-17969,P0247,WH_BLR_S,45,1717.65,834.83,193.63,0.0,2746.11,61.02
ORD-2024-17970,P0345,WH_MUMBAI_W,46,32365.140000000003,501.05,197.94,0.0,33064.13,718.79
ORD-2024-17971,P0276,WH_KOLKATA_E,37,24385.219999999998,470.05,159.21,0.0,25014.48,676.07
ORD-2024-17972,P0952,WH_BLR_S,21,10459.89,441.56,90.36,0.0,10991.81,523.42
ORD-2024-17973,P0193,WH_MUMBAI_W,34,12177.44,379.87,146.3,0.0,12703.61,373.64
ORD-2024-17974,P0368,WH_NAGPUR_C,46,37664.34,827.7,197.94,0.0,38689.98,841.09
ORD-2024-17975,P0540,WH_DELHI_N,21,8317.050000000001,214.97,90.36,0.0,8622.38,410.59
ORD-2024-17976,P0188,WH_DELHI_N,40,32035.2,586.08,172.12,0.0,32793.4,819.84
ORD-2024-17977,P0971,WH_MUMBAI_W,20,11319.400000000001,920.95,86.06,0.0,12326.41,616.32
ORD-2024-17978,P0918,WH_KOLKATA_E,34,14763.82,366.04,146.3,0.0,15276.16,449.3
ORD-2024-17979,P0915,WH_MUMBAI_W,8,5486.24,650.14,34.42,0.0,6170.8,771.35
ORD-2024-17980,P0143,WH_MUMBAI_W,32,20257.6,936.35,137.69,0.0,21331.64,666.61
ORD-2024-17981,P0834,WH_DELHI_N,30,19169.100000000002,1530.85,129.09,0.0,20829.04,694.3
ORD-2024-17982,P0097,WH_MUMBAI_W,29,6689.429999999999,605.28,124.79,0.0,7419.5,255.84
ORD-2024-17983,P0560,WH_DELHI_N,5,181.4,95.6674,21.51,0.0,298.58,59.72
ORD-2024-17984,P0589,WH_MUMBAI_W,30,8620.5,1248.18,129.09,0.0,9997.77,333.26
ORD-2024-17985,P0276,WH_NAGPUR_C,12,7908.719999999999,1529.72,51.64,0.0,9490.08,790.84
ORD-2024-17986,P0589,WH_KOLKATA_E,39,11206.650000000001,1506.52,167.82,0.0,12880.99,330.28
ORD-2024-17987,P0115,WH_BLR_S,27,20690.37,764.17,116.18,0.0,21570.72,798.92
ORD-2024-17988,P0837,WH_NAGPUR_C,13,8452.86,280.03,55.94,0.0,8788.83,676.06
ORD-2024-17989,P0479,WH_KOLKATA_E,47,32695.079999999998,1232.05,202.24,0.0,34129.37,726.16
ORD-2024-17990,P0213,WH_KOLKATA_E,10,4305.8,1363.52,43.03,0.0,5712.35,571.24
ORD-2024-17991,P0491,WH_BLR_S,36,2057.04,979.95,154.91,0.0,3191.9,88.66
ORD-2024-17992,P0876,WH_KOLKATA_E,31,13696.73,585.67,133.39,0.0,14415.79,465.03
ORD-2024-17993,P0663,WH_DELHI_N,16,13104.32,544.59,68.85,0.0,13717.76,857.36
ORD-2024-17994,P0097,WH_NAGPUR_C,39,8996.13,690.29,167.82,0.0,9854.24,252.67
ORD-2024-17995,P0565,WH_MUMBAI_W,45,5337.45,366.22,193.63,0.0,5897.3,131.05
ORD-2024-17996,P0663,WH_KOLKATA_E,36,29484.72,645.13,154.91,0.0,30284.76,841.24
ORD-2024-17997,P0791,WH_MUMBAI_W,26,8853.779999999999,1480.21,111.88,0.0,10445.87,401.76
ORD-2024-17998,P0892,WH_MUMBAI_W,44,2769.8,1017.08,189.33,0.0,3976.21,90.37
ORD-2024-17999,P0992,WH_KOLKATA_E,20,10234.199999999999,431.68,86.06,0.0,10751.94,537.6
ORD-2024-18000,P0952,WH_BLR_S,34,16935.059999999998,1228.9,146.3,0.0,18310.26,538.54
ORD-2024-18001,P0357,WH_DELHI_N,37,17966.829999999998,625.15,159.21,0.0,18751.19,506.79
ORD-2024-18002,P0569,WH_BLR_S,8,4968.16,445.07,34.42,0.0,5447.65,680.96
ORD-2024-18003,P0191,WH_KOLKATA_E,4,366.8,131.84,17.21,0.0,515.85,128.96
ORD-2024-18004,P0261,WH_KOLKATA_E,29,12762.609999999999,1517.28,124.79,0.0,14404.68,496.71
ORD-2024-18005,P0125,WH_NAGPUR_C,31,5968.43,1087.34,133.39,0.0,7189.16,231.91
ORD-2024-18006,P0642,WH_BLR_S,2,976.06,298.87,8.61,0.0,1283.54,641.77
ORD-2024-18007,P0824,WH_KOLKATA_E,25,20629.5,944.34,107.57,0.0,21681.41,867.26
ORD-2024-18008,P0154,WH_DELHI_N,38,14278.5,460.4,163.51,0.0,14902.41,392.17
ORD-2024-18009,P0584,WH_DELHI_N,3,1440.18,539.99,12.91,0.0,1993.08,664.36
ORD-2024-18010,P0191,WH_KOLKATA_E,46,4218.2,1596.81,197.94,0.0,6012.95,130.72
ORD-2024-18011,P0189,WH_BLR_S,42,26717.46,1447.98,180.72,0.0,28346.16,674.91
ORD-2024-18012,P0021,WH_MUMBAI_W,43,10632.61,1337.06,185.03,0.0,12154.7,282.67
ORD-2024-18013,P0363,WH_NAGPUR_C,5,3440.1499999999996,463.69,21.51,0.0,3925.35,785.07
ORD-2024-18014,P0688,WH_DELHI_N,22,4156.68,373.09,94.67,0.0,4624.44,210.2
ORD-2024-18015,P0115,WH_DELHI_N,16,12260.96,285.5,68.85,0.0,12615.31,788.46
ORD-2024-18016,P0763,WH_KOLKATA_E,9,7423.83,95.6674,38.73,0.0,7558.23,839.8
ORD-2024-18017,P0712,WH_DELHI_N,48,12278.400000000001,1539.55,206.54,0.0,14024.49,292.18
ORD-2024-18018,P0319,WH_BLR_S,9,545.49,396.24,38.73,0.0,980.46,108.94
ORD-2024-18019,P0404,WH_MUMBAI_W,49,30719.569999999996,1165.82,210.85,0.0,32096.24,655.03
ORD-2024-18020,P0294,WH_DELHI_N,12,454.79999999999995,559.8,51.64,0.0,1066.24,88.85
ORD-2024-18021,P0342,WH_MUMBAI_W,47,6639.219999999999,1233.19,202.24,0.0,8074.65,171.8
ORD-2024-18022,P0337,WH_DELHI_N,42,13949.46,1376.53,180.72,0.0,15506.71,369.21
ORD-2024-18023,P0672,WH_MUMBAI_W,4,995.44,499.35,17.21,0.0,1512.0,378.0
ORD-2024-18024,P0191,WH_MUMBAI_W,49,4493.3,625.5,210.85,0.0,5329.65,108.77
ORD-2024-18025,P0712,WH_DELHI_N,18,4604.400000000001,888.33,77.45,0.0,5570.18,309.45
ORD-2024-18026,P0261,WH_KOLKATA_E,18,7921.62,209.13,77.45,0.0,8208.2,456.01
ORD-2024-18027,P0188,WH_KOLKATA_E,42,33636.96,136.96,180.72,0.0,33954.64,808.44
ORD-2024-18028,P0517,WH_NAGPUR_C,43,12813.57,1350.9,185.03,0.0,14349.5,333.71
ORD-2024-18029,P0231,WH_DELHI_N,33,19635.66,789.43,142.0,0.0,20567.09,623.25
ORD-2024-18030,P0633,WH_MUMBAI_W,42,20486.34,825.5,180.72,0.0,21492.56,511.73
ORD-2024-18031,P0642,WH_KOLKATA_E,3,1464.09,1046.39,12.91,0.0,2523.39,841.13
ORD-2024-18032,P0857,WH_NAGPUR_C,38,19661.2,654.43,163.51,0.0,20479.14,538.92
ORD-2024-18033,P0154,WH_MUMBAI_W,17,6387.75,1242.98,73.15,0.0,7703.88,453.17
ORD-2024-18034,P0867,WH_BLR_S,12,9360.960000000001,167.78,51.64,0.0,9580.38,798.36
ORD-2024-18035,P0410,WH_DELHI_N,11,5646.41,365.08,47.33,0.0,6058.82,550.8
ORD-2024-18036,P0195,WH_KOLKATA_E,17,9806.62,1449.56,73.15,0.0,11329.33,666.43
ORD-2024-18037,P0544,WH_NAGPUR_C,35,15968.75,1436.57,150.6,0.0,17555.92,501.6
ORD-2024-18038,P0347,WH_KOLKATA_E,41,33984.08,216.34,176.42,0.0,34376.84,838.46
ORD-2024-18039,P0465,WH_KOLKATA_E,6,3558.06,1040.6,25.82,0.0,4624.48,770.75
ORD-2024-18040,P0432,WH_KOLKATA_E,35,26733.35,1132.62,150.6,0.0,28016.57,800.47
ORD-2024-18041,P0763,WH_BLR_S,6,4949.22,622.49,25.82,0.0,5597.53,932.92
ORD-2024-18042,P0711,WH_NAGPUR_C,32,24124.16,135.23,137.69,0.0,24397.08,762.41
ORD-2024-18043,P0554,WH_DELHI_N,11,8046.17,1017.81,47.33,0.0,9111.31,828.3
ORD-2024-18044,P0925,WH_KOLKATA_E,43,10330.32,1270.15,185.03,0.0,11785.5,274.08
ORD-2024-18045,P0062,WH_NAGPUR_C,39,4703.01,1184.36,167.82,0.0,6055.19,155.26
ORD-2024-18046,P0220,WH_BLR_S,13,7783.2300000000005,333.7,55.94,0.0,8172.87,628.68
ORD-2024-18047,P0041,WH_KOLKATA_E,13,3186.17,992.84,55.94,0.0,4234.95,325.77
ORD-2024-18048,P0083,WH_MUMBAI_W,39,21211.32,357.26,167.82,0.0,21736.4,557.34
ORD-2024-18049,P0188,WH_DELHI_N,46,36840.48,965.83,197.94,0.0,38004.25,826.18
ORD-2024-18050,P0712,WH_BLR_S,34,8697.2,777.33,146.3,0.0,9620.83,282.97
ORD-2024-18051,P0748,WH_MUMBAI_W,3,540.5999999999999,951.62,12.91,0.0,1505.13,501.71
ORD-2024-18052,P0637,WH_DELHI_N,32,11833.92,613.8,137.69,0.0,12585.41,393.29
ORD-2024-18053,P0064,WH_BLR_S,4,1006.6,853.33,17.21,0.0,1877.14,469.28
ORD-2024-18054,P0994,WH_KOLKATA_E,40,13432.4,879.39,172.12,0.0,14483.91,362.1
ORD-2024-18055,P0719,WH_NAGPUR_C,1,234.29,319.4,4.3,0.0,557.99,557.99
ORD-2024-18056,P0410,WH_DELHI_N,9,4619.789999999999,210.07,38.73,0.0,4868.59,540.95
ORD-2024-18057,P0867,WH_KOLKATA_E,49,38223.920000000006,1116.02,210.85,0.0,39550.79,807.16
ORD-2024-18058,P0700,WH_MUMBAI_W,7,5751.55,471.83,30.12,0.0,6253.5,893.36
ORD-2024-18059,P0139,WH_BLR_S,27,16151.400000000001,896.5,116.18,0.0,17164.08,635.71
ORD-2024-18060,P0391,WH_KOLKATA_E,3,2372.58,106.51,12.91,0.0,2492.0,830.67
ORD-2024-18061,P0608,WH_KOLKATA_E,22,18376.379999999997,512.91,94.67,0.0,18983.96,862.91
ORD-2024-18062,P0363,WH_NAGPUR_C,16,11008.48,245.45,68.85,0.0,11322.78,707.67
ORD-2024-18063,P0458,WH_MUMBAI_W,8,6526.4,547.65,34.42,0.0,7108.47,888.56
ORD-2024-18064,P0821,WH_KOLKATA_E,5,2476.5,1239.1,21.51,0.0,3737.11,747.42
ORD-2024-18065,P0533,WH_DELHI_N,49,8697.5,982.7,210.85,0.0,9891.05,201.86
ORD-2024-18066,P0994,WH_BLR_S,30,10074.3,352.04,129.09,0.0,10555.43,351.85
ORD-2024-18067,P0672,WH_NAGPUR_C,28,6968.08,312.29,120.48,0.0,7400.85,264.32
ORD-2024-18068,P0998,WH_KOLKATA_E,27,1821.69,358.33,116.18,0.0,2296.2,85.04
ORD-2024-18069,P0429,WH_BLR_S,22,15754.42,1382.61,94.67,0.0,17231.7,783.26
ORD-2024-18070,P0371,WH_MUMBAI_W,30,5141.7,462.42,129.09,0.0,5733.21,191.11
ORD-2024-18071,P0218,WH_NAGPUR_C,37,30389.58,1559.32,159.21,0.0,32108.11,867.79
ORD-2024-18072,P0372,WH_DELHI_N,7,4568.55,879.8,30.12,0.0,5478.47,782.64
ORD-2024-18073,P0041,WH_NAGPUR_C,30,7352.7,1522.48,129.09,0.0,9004.27,300.14
ORD-2024-18074,P0487,WH_BLR_S,13,574.6,381.11,55.94,0.0,1011.65,77.82
ORD-2024-18075,P0154,WH_KOLKATA_E,22,8266.5,1559.75,94.67,0.0,9920.92,450.95
ORD-2024-18076,P0191,WH_BLR_S,11,1008.7,1512.76,47.33,0.0,2568.79,233.53
ORD-2024-18077,P0780,WH_DELHI_N,5,3194.2000000000003,353.95,21.51,0.0,3569.66,713.93
ORD-2024-18078,P0160,WH_BLR_S,22,17584.82,1572.14,94.67,0.0,19251.63,875.07
ORD-2024-18079,P0143,WH_NAGPUR_C,15,9495.75,529.25,64.54,0.0,10089.54,672.64
ORD-2024-18080,P0755,WH_NAGPUR_C,39,23698.35,362.0,167.82,0.0,24228.17,621.24
ORD-2024-18081,P0345,WH_BLR_S,37,26032.83,565.3,159.21,0.0,26757.34,723.17
ORD-2024-18082,P0700,WH_MUMBAI_W,31,25471.149999999998,134.68,133.39,0.0,25739.22,830.3
ORD-2024-18083,P0105,WH_MUMBAI_W,29,19740.88,1081.68,124.79,0.0,20947.35,722.32
ORD-2024-18084,P0852,WH_KOLKATA_E,39,25790.699999999997,935.16,167.82,0.0,26893.68,689.58
ORD-2024-18085,P0300,WH_NAGPUR_C,17,6865.96,678.72,73.15,0.0,7617.83,448.11
ORD-2024-18086,P0673,WH_DELHI_N,41,20382.739999999998,560.06,176.42,0.0,21119.22,515.1
ORD-2024-18087,P0198,WH_NAGPUR_C,6,4302.72,122.24,25.82,0.0,4450.78,741.8
ORD-2024-18088,P0693,WH_KOLKATA_E,41,16742.760000000002,1025.1,176.42,0.0,17944.28,437.67
ORD-2024-18089,P0994,WH_DELHI_N,17,5708.77,435.78,73.15,0.0,6217.7,365.75
ORD-2024-18090,P0911,WH_MUMBAI_W,34,992.12,781.65,146.3,0.0,1920.07,56.47
ORD-2024-18091,P0430,WH_NAGPUR_C,23,12781.330000000002,956.77,98.97,0.0,13837.07,601.61
ORD-2024-18092,P0754,WH_BLR_S,30,21590.1,1300.82,129.09,0.0,23020.01,767.33
ORD-2024-18093,P0470,WH_KOLKATA_E,13,9301.5,1129.26,55.94,0.0,10486.7,806.67
ORD-2024-18094,P0011,WH_NAGPUR_C,30,12796.8,1481.38,129.09,0.0,14407.27,480.24
ORD-2024-18095,P0822,WH_KOLKATA_E,49,20855.87,1148.67,210.85,0.0,22215.39,453.38
ORD-2024-18096,P0857,WH_BLR_S,20,10348.0,718.44,86.06,0.0,11152.5,557.62
ORD-2024-18097,P0746,WH_MUMBAI_W,6,3535.62,1436.35,25.82,0.0,4997.79,832.96
ORD-2024-18098,P0971,WH_DELHI_N,31,17545.07,890.41,133.39,0.0,18568.87,599.0
ORD-2024-18099,P0294,WH_BLR_S,19,720.1,470.77,81.76,0.0,1272.63,66.98
ORD-2024-18100,P0711,WH_NAGPUR_C,6,4523.28,903.4,25.82,0.0,5452.5,908.75
ORD-2024-18101,P0956,WH_DELHI_N,34,24221.26,388.67,146.3,0.0,24756.23,728.12
ORD-2024-18102,P0521,WH_KOLKATA_E,28,16235.240000000002,688.09,120.48,0.0,17043.81,608.71
ORD-2024-18103,P0102,WH_MUMBAI_W,13,1214.07,137.76,55.94,0.0,1407.77,108.29
ORD-2024-18104,P0131,WH_KOLKATA_E,10,774.0,208.64,43.03,0.0,1025.67,102.57
ORD-2024-18105,P0205,WH_BLR_S,41,22741.879999999997,472.32,176.42,0.0,23390.62,570.5
ORD-2024-18106,P0404,WH_NAGPUR_C,45,28211.85,1048.28,193.63,0.0,29453.76,654.53
ORD-2024-18107,P0030,WH_NAGPUR_C,7,2716.91,797.63,30.12,0.0,3544.66,506.38
ORD-2024-18108,P0335,WH_NAGPUR_C,18,15159.06,715.98,77.45,0.0,15952.49,886.25
ORD-2024-18109,P0160,WH_DELHI_N,22,17584.82,910.33,94.67,0.0,18589.82,844.99
ORD-2024-18110,P0115,WH_NAGPUR_C,14,10728.34,479.72,60.24,0.0,11268.3,804.88
ORD-2024-18111,P0511,WH_KOLKATA_E,36,22054.32,1090.82,154.91,0.0,23300.05,647.22
ORD-2024-18112,P0822,WH_MUMBAI_W,8,3405.04,834.97,34.42,0.0,4274.43,534.3
ORD-2024-18113,P0356,WH_BLR_S,12,9835.92,413.07,51.64,0.0,10300.63,858.39
ORD-2024-18114,P0801,WH_KOLKATA_E,40,23596.0,977.35,172.12,0.0,24745.47,618.64
ORD-2024-18115,P0763,WH_MUMBAI_W,48,39593.76,360.77,206.54,0.0,40161.07,836.69
ORD-2024-18116,P0267,WH_KOLKATA_E,33,7070.25,1033.52,142.0,0.0,8245.77,249.87
ORD-2024-18117,P0466,WH_KOLKATA_E,24,5324.16,571.92,103.27,0.0,5999.35,249.97
ORD-2024-18118,P0103,WH_BLR_S,42,5452.44,118.68,180.72,0.0,5751.84,136.95
ORD-2024-18119,P0746,WH_NAGPUR_C,39,22981.53,416.7,167.82,0.0,23566.05,604.26
ORD-2024-18120,P0836,WH_DELHI_N,14,5338.900000000001,854.17,60.24,0.0,6253.31,446.66
ORD-2024-18121,P0139,WH_BLR_S,49,29311.800000000003,1180.84,210.85,0.0,30703.49,626.6
ORD-2024-18122,P0470,WH_NAGPUR_C,5,3577.5,789.79,21.51,0.0,4388.8,877.76
ORD-2024-18123,P0909,WH_KOLKATA_E,19,6284.82,752.3,81.76,0.0,7118.88,374.68
ORD-2024-18124,P0641,WH_DELHI_N,3,1588.5,768.98,12.91,0.0,2370.39,790.13
ORD-2024-18125,P0466,WH_DELHI_N,1,221.84,1355.88,4.3,0.0,1582.02,1582.02
ORD-2024-18126,P0569,WH_NAGPUR_C,40,24840.8,1226.27,172.12,0.0,26239.19,655.98
ORD-2024-18127,P0809,WH_NAGPUR_C,41,11435.720000000001,1405.47,176.42,0.0,13017.61,317.5
ORD-2024-18128,P0429,WH_BLR_S,37,26496.07,1264.18,159.21,0.0,27919.46,754.58
ORD-2024-18129,P0988,WH_BLR_S,33,26993.34,686.88,142.0,0.0,27822.22,843.1
ORD-2024-18130,P0981,WH_BLR_S,49,3102.68,1083.27,210.85,0.0,4396.8,89.73
ORD-2024-18131,P0754,WH_NAGPUR_C,46,33104.82,911.18,197.94,0.0,34213.94,743.78
ORD-2024-18132,P0294,WH_DELHI_N,17,644.3,1553.89,73.15,0.0,2271.34,133.61
ORD-2024-18133,P0560,WH_DELHI_N,9,326.52,1214.65,38.73,0.0,1579.9,175.54
ORD-2024-18134,P0332,WH_BLR_S,31,19725.3,914.37,133.39,0.0,20773.06,670.1
ORD-2024-18135,P0521,WH_NAGPUR_C,35,20294.050000000003,1028.97,150.6,0.0,21473.62,613.53
ORD-2024-18136,P0569,WH_DELHI_N,3,1863.06,1454.6,12.91,0.0,3330.57,1110.19
ORD-2024-18137,P0102,WH_BLR_S,13,1214.07,482.01,55.94,0.0,1752.02,134.77
ORD-2024-18138,P0521,WH_DELHI_N,37,21453.710000000003,1533.79,159.21,0.0,23146.71,625.59
ORD-2024-18139,P0693,WH_BLR_S,38,15517.68,563.97,163.51,0.0,16245.16,427.5
ORD-2024-18140,P0904,WH_MUMBAI_W,14,3101.56,646.85,60.24,0.0,3808.65,272.05
ORD-2024-18141,P0560,WH_DELHI_N,6,217.68,360.92,25.82,0.0,604.42,100.74
ORD-2024-18142,P0608,WH_KOLKATA_E,29,24223.41,692.29,124.79,0.0,25040.49,863.47
ORD-2024-18143,P0198,WH_DELHI_N,49,35138.88,881.74,210.85,0.0,36231.47,739.42
ORD-2024-18144,P0796,WH_DELHI_N,9,5107.7699999999995,401.61,38.73,0.0,5548.11,616.46
ORD-2024-18145,P0598,WH_KOLKATA_E,36,7826.76,318.44,154.91,0.0,8300.11,230.56
ORD-2024-18146,P0041,WH_BLR_S,23,5637.07,571.56,98.97,0.0,6307.6,274.24
ORD-2024-18147,P0103,WH_MUMBAI_W,15,1947.3,134.98,64.54,0.0,2146.82,143.12
ORD-2024-18148,P0714,WH_DELHI_N,47,3407.0299999999997,1066.15,202.24,0.0,4675.42,99.48
ORD-2024-18149,P0589,WH_DELHI_N,7,2011.4500000000003,462.08,30.12,0.0,2503.65,357.66
ORD-2024-18150,P0371,WH_NAGPUR_C,47,8055.329999999999,1545.71,202.24,0.0,9803.28,208.58
ORD-2024-18151,P0673,WH_KOLKATA_E,25,12428.5,652.39,107.57,0.0,13188.46,527.54
ORD-2024-18152,P0568,WH_NAGPUR_C,37,27989.02,780.36,159.21,0.0,28928.59,781.85
ORD-2024-18153,P0135,WH_DELHI_N,23,14026.550000000001,1428.59,98.97,0.0,15554.11,676.27
ORD-2024-18154,P0840,WH_BLR_S,11,3599.75,191.16,47.33,0.0,3838.24,348.93
ORD-2024-18155,P0159,WH_MUMBAI_W,46,18246.36,1165.38,197.94,0.0,19609.68,426.3
ORD-2024-18156,P0150,WH_BLR_S,8,1796.24,908.17,34.42,0.0,2738.83,342.35
ORD-2024-18157,P0345,WH_BLR_S,36,25329.24,1198.52,154.91,0.0,26682.67,741.19
ORD-2024-18158,P0345,WH_DELHI_N,42,29550.780000000002,1596.75,180.72,0.0,31328.25,745.91
ORD-2024-18159,P0222,WH_BLR_S,39,7372.5599999999995,283.46,167.82,0.0,7823.84,200.61
ORD-2024-18160,P0422,WH_MUMBAI_W,1,428.8,1084.64,4.3,0.0,1517.74,1517.74
ORD-2024-18161,P0641,WH_BLR_S,44,23298.0,1148.53,189.33,0.0,24635.86,559.91
ORD-2024-18162,P0109,WH_DELHI_N,13,5905.25,728.7,55.94,0.0,6689.89,514.61
ORD-2024-18163,P0763,WH_MUMBAI_W,16,13197.92,322.34,68.85,0.0,13589.11,849.32
ORD-2024-18164,P0822,WH_MUMBAI_W,46,19578.98,357.64,197.94,0.0,20134.56,437.71
ORD-2024-18165,P0583,WH_KOLKATA_E,13,5318.56,707.59,55.94,0.0,6082.09,467.85
ORD-2024-18166,P0103,WH_BLR_S,37,4803.34,1081.45,159.21,0.0,6044.0,163.35
ORD-2024-18167,P0759,WH_MUMBAI_W,14,7712.32,964.67,60.24,0.0,8737.23,624.09
ORD-2024-18168,P0780,WH_MUMBAI_W,13,8304.92,196.86,55.94,0.0,8557.72,658.29
ORD-2024-18169,P0666,WH_KOLKATA_E,46,28785.879999999997,167.6,197.94,0.0,29151.42,633.73
ORD-2024-18170,P0266,WH_BLR_S,12,2520.2400000000002,675.1,51.64,0.0,3246.98,270.58
ORD-2024-18171,P0337,WH_KOLKATA_E,28,9299.64,211.68,120.48,0.0,9631.8,343.99
ORD-2024-18172,P0363,WH_DELHI_N,22,15136.66,387.37,94.67,0.0,15618.7,709.94
ORD-2024-18173,P0834,WH_DELHI_N,20,12779.400000000001,1174.22,86.06,0.0,14039.68,701.98
ORD-2024-18174,P0608,WH_BLR_S,47,39258.63,745.64,202.24,0.0,40206.51,855.46
ORD-2024-18175,P0801,WH_KOLKATA_E,19,11208.1,1145.31,81.76,0.0,12435.17,654.48
ORD-2024-18176,P0642,WH_MUMBAI_W,11,5368.33,600.12,47.33,0.0,6015.78,546.89
ORD-2024-18177,P0228,WH_BLR_S,30,7652.099999999999,222.82,129.09,0.0,8004.01,266.8
ORD-2024-18178,P0422,WH_MUMBAI_W,26,11148.800000000001,277.37,111.88,0.0,11538.05,443.77
ORD-2024-18179,P0254,WH_BLR_S,15,837.1500000000001,95.6674,64.54,0.0,997.36,66.49
ORD-2024-18180,P0992,WH_KOLKATA_E,30,15351.3,1437.63,129.09,0.0,16918.02,563.93
ORD-2024-18181,P0568,WH_DELHI_N,29,21937.34,1545.57,124.79,0.0,23607.7,814.06
ORD-2024-18182,P0663,WH_BLR_S,32,26208.64,283.84,137.69,0.0,26630.17,832.19
ORD-2024-18183,P0115,WH_DELHI_N,30,22989.3,1467.05,129.09,0.0,24585.44,819.51
ORD-2024-18184,P0627,WH_MUMBAI_W,44,37144.8,542.81,189.33,0.0,37876.94,860.84
ORD-2024-18185,P0408,WH_MUMBAI_W,16,2714.4,1016.25,68.85,0.0,3799.5,237.47
ORD-2024-18186,P0466,WH_DELHI_N,36,7986.24,793.94,154.91,0.0,8935.09,248.2
ORD-2024-18187,P0834,WH_BLR_S,18,11501.460000000001,1005.87,77.45,0.0,12584.78,699.15
ORD-2024-18188,P0466,WH_MUMBAI_W,41,9095.44,1326.77,176.42,0.0,10598.63,258.5
ORD-2024-18189,P0160,WH_MUMBAI_W,48,38366.88,1401.99,206.54,0.0,39975.41,832.82
ORD-2024-18190,P0105,WH_MUMBAI_W,39,26548.08,1455.43,167.82,0.0,28171.33,722.34
ORD-2024-18191,P0345,WH_MUMBAI_W,28,19700.52,519.99,120.48,0.0,20340.99,726.46
ORD-2024-18192,P0663,WH_DELHI_N,19,15561.38,1352.1,81.76,0.0,16995.24,894.49
ORD-2024-18193,P0791,WH_MUMBAI_W,11,3745.83,673.38,47.33,0.0,4466.54,406.05
ORD-2024-18194,P0371,WH_NAGPUR_C,17,2913.6299999999997,347.07,73.15,0.0,3333.85,196.11
ORD-2024-18195,P0975,WH_KOLKATA_E,21,881.5799999999999,544.0,90.36,0.0,1515.94,72.19
ORD-2024-18196,P0651,WH_NAGPUR_C,37,8683.53,640.12,159.21,0.0,9482.86,256.29
ORD-2024-18197,P0432,WH_NAGPUR_C,44,33607.64,972.55,189.33,0.0,34769.52,790.22
ORD-2024-18198,P0796,WH_NAGPUR_C,34,19296.02,1098.57,146.3,0.0,20540.89,604.14
ORD-2024-18199,P0914,WH_NAGPUR_C,33,12785.85,766.01,142.0,0.0,13693.86,414.97
ORD-2024-18200,P0342,WH_DELHI_N,29,4096.54,1384.92,124.79,0.0,5606.25,193.32
ORD-2024-18201,P0279,WH_BLR_S,4,2770.88,254.08,17.21,0.0,3042.17,760.54
ORD-2024-18202,P0719,WH_NAGPUR_C,32,7497.28,1367.1,137.69,0.0,9002.07,281.31
ORD-2024-18203,P0568,WH_DELHI_N,11,8321.060000000001,1310.47,47.33,0.0,9678.86,879.9
ORD-2024-18204,P0022,WH_DELHI_N,26,15057.9,612.2,111.88,0.0,15781.98,607.0
ORD-2024-18205,P0840,WH_BLR_S,18,5890.5,1024.61,77.45,0.0,6992.56,388.48
ORD-2024-18206,P0662,WH_BLR_S,32,23460.8,824.36,137.69,0.0,24422.85,763.21
ORD-2024-18207,P0041,WH_MUMBAI_W,27,6617.43,288.54,116.18,0.0,7022.15,260.08
ORD-2024-18208,P0432,WH_KOLKATA_E,16,12220.96,1632.7206,68.85,0.0,13922.53,870.16
ORD-2024-18209,P0627,WH_MUMBAI_W,10,8442.0,538.82,43.03,0.0,9023.85,902.38
ORD-2024-18210,P0119,WH_BLR_S,44,10128.8,1406.2,189.33,0.0,11724.33,266.46
ORD-2024-18211,P0449,WH_KOLKATA_E,34,10630.099999999999,1280.91,146.3,0.0,12057.31,354.63
ORD-2024-18212,P0408,WH_BLR_S,33,5598.45,1301.55,142.0,0.0,7042.0,213.39
ORD-2024-18213,P0254,WH_NAGPUR_C,10,558.1,195.83,43.03,0.0,796.96,79.7
ORD-2024-18214,P0975,WH_NAGPUR_C,42,1763.1599999999999,1370.24,180.72,0.0,3314.12,78.91
ORD-2024-18215,P0230,WH_NAGPUR_C,26,9116.12,912.6,111.88,0.0,10140.6,390.02
ORD-2024-18216,P0356,WH_DELHI_N,42,34425.72,1381.12,180.72,0.0,35987.56,856.85
ORD-2024-18217,P0088,WH_DELHI_N,25,5096.75,774.09,107.57,0.0,5978.41,239.14
ORD-2024-18218,P0267,WH_KOLKATA_E,2,428.5,1109.94,8.61,0.0,1547.05,773.52
ORD-2024-18219,P0222,WH_MUMBAI_W,26,4915.04,499.59,111.88,0.0,5526.51,212.56
ORD-2024-18220,P0319,WH_NAGPUR_C,20,1212.2,1200.76,86.06,0.0,2499.02,124.95
ORD-2024-18221,P0796,WH_MUMBAI_W,3,1702.59,1590.76,12.91,0.0,3306.26,1102.09
ORD-2024-18222,P0911,WH_BLR_S,32,933.76,555.17,137.69,0.0,1626.62,50.83
ORD-2024-18223,P0893,WH_BLR_S,1,569.66,596.65,4.3,0.0,1170.61,1170.61
ORD-2024-18224,P0150,WH_NAGPUR_C,24,5388.72,1185.24,103.27,0.0,6677.23,278.22
ORD-2024-18225,P0279,WH_MUMBAI_W,43,29786.960000000003,756.93,185.03,0.0,30728.92,714.63
ORD-2024-18226,P0353,WH_NAGPUR_C,44,35610.96,457.55,189.33,0.0,36257.84,824.04
ORD-2024-18227,P0368,WH_BLR_S,33,27020.07,1516.03,142.0,0.0,28678.1,869.03
ORD-2024-18228,P0189,WH_BLR_S,38,24172.94,175.92,163.51,0.0,24512.37,645.06
ORD-2024-18229,P0596,WH_MUMBAI_W,48,11447.52,1430.77,206.54,0.0,13084.83,272.6
ORD-2024-18230,P0780,WH_KOLKATA_E,35,22359.4,228.27,150.6,0.0,22738.27,649.66
ORD-2024-18231,P0553,WH_NAGPUR_C,17,4554.64,1090.24,73.15,0.0,5718.03,336.35
ORD-2024-18232,P0711,WH_DELHI_N,48,36186.24,638.2,206.54,0.0,37030.98,771.48
ORD-2024-18233,P0119,WH_MUMBAI_W,43,9898.6,1063.7,185.03,0.0,11147.33,259.24
ORD-2024-18234,P0280,WH_NAGPUR_C,48,26051.52,1163.59,206.54,0.0,27421.65,571.28
ORD-2024-18235,P0319,WH_KOLKATA_E,44,2666.84,618.54,189.33,0.0,3474.71,78.97
ORD-2024-18236,P0368,WH_DELHI_N,33,27020.07,603.81,142.0,0.0,27765.88,841.39
ORD-2024-18237,P0673,WH_DELHI_N,11,5468.54,1163.88,47.33,0.0,6679.75,607.25
ORD-2024-18238,P0545,WH_KOLKATA_E,23,6707.719999999999,191.49,98.97,0.0,6998.18,304.27
ORD-2024-18239,P0479,WH_MUMBAI_W,38,26434.32,686.94,163.51,0.0,27284.77,718.02
ORD-2024-18240,P0097,WH_MUMBAI_W,32,7381.44,400.75,137.69,0.0,7919.88,247.5
ORD-2024-18241,P0521,WH_DELHI_N,19,11016.77,923.96,81.76,0.0,12022.49,632.76
ORD-2024-18242,P0069,WH_MUMBAI_W,12,1207.92,333.99,51.64,0.0,1593.55,132.8
ORD-2024-18243,P0988,WH_NAGPUR_C,28,22903.440000000002,1268.2,120.48,0.0,24292.12,867.58
ORD-2024-18244,P0748,WH_MUMBAI_W,2,360.4,1283.57,8.61,0.0,1652.58,826.29
ORD-2024-18245,P0364,WH_BLR_S,10,8363.2,663.76,43.03,0.0,9069.99,907.0
ORD-2024-18246,P0608,WH_DELHI_N,19,15870.509999999998,993.62,81.76,0.0,16945.89,891.89
ORD-2024-18247,P0633,WH_KOLKATA_E,28,13657.56,870.14,120.48,0.0,14648.18,523.15
ORD-2024-18248,P0430,WH_MUMBAI_W,47,26118.370000000003,496.01,202.24,0.0,26816.62,570.57
ORD-2024-18249,P0545,WH_NAGPUR_C,8,2333.12,1181.24,34.42,0.0,3548.78,443.6
ORD-2024-18250,P0261,WH_MUMBAI_W,43,18923.87,522.47,185.03,0.0,19631.37,456.54
ORD-2024-18251,P0598,WH_KOLKATA_E,23,5000.43,932.15,98.97,0.0,6031.55,262.24
ORD-2024-18252,P0056,WH_KOLKATA_E,48,32689.44,1492.41,206.54,0.0,34388.39,716.42
ORD-2024-18253,P0102,WH_DELHI_N,45,4202.55,1036.45,193.63,0.0,5432.63,120.73
ORD-2024-18254,P0021,WH_MUMBAI_W,30,7418.1,787.68,129.09,0.0,8334.87,277.83
ORD-2024-18255,P0663,WH_MUMBAI_W,28,22932.559999999998,901.43,120.48,0.0,23954.47,855.52
ORD-2024-18256,P0080,WH_DELHI_N,13,3803.54,1507.24,55.94,0.0,5366.72,412.82
ORD-2024-18257,P0279,WH_BLR_S,37,25630.64,955.61,159.21,0.0,26745.46,722.85
ORD-2024-18258,P0070,WH_DELHI_N,12,6372.84,947.89,51.64,0.0,7372.37,614.36
ORD-2024-18259,P0748,WH_NAGPUR_C,10,1802.0,680.34,43.03,0.0,2525.37,252.54
ORD-2024-18260,P0476,WH_DELHI_N,17,9062.36,1214.25,73.15,0.0,10349.76,608.81
ORD-2024-18261,P0796,WH_KOLKATA_E,1,567.53,443.14,4.3,0.0,1014.97,1014.97
ORD-2024-18262,P0091,WH_BLR_S,22,14663.439999999999,1145.14,94.67,0.0,15903.25,722.88
ORD-2024-18263,P0056,WH_NAGPUR_C,15,10215.449999999999,855.12,64.54,0.0,11135.11,742.34
ORD-2024-18264,P0466,WH_BLR_S,16,3549.44,282.29,68.85,0.0,3900.58,243.79
ORD-2024-18265,P0688,WH_NAGPUR_C,20,3778.8,1362.84,86.06,0.0,5227.7,261.38
ORD-2024-18266,P0965,WH_DELHI_N,10,2466.5,1014.53,43.03,0.0,3524.06,352.41
ORD-2024-18267,P0913,WH_DELHI_N,42,27282.780000000002,1061.39,180.72,0.0,28524.89,679.16
ORD-2024-18268,P0755,WH_KOLKATA_E,26,15798.9,935.47,111.88,0.0,16846.25,647.93
ORD-2024-18269,P0719,WH_KOLKATA_E,49,11480.21,1461.94,210.85,0.0,13153.0,268.43
ORD-2024-18270,P0022,WH_MUMBAI_W,23,13320.449999999999,891.84,98.97,0.0,14311.26,622.23
ORD-2024-18271,P0084,WH_KOLKATA_E,17,13926.06,1156.11,73.15,0.0,15155.32,891.49
ORD-2024-18272,P0276,WH_KOLKATA_E,34,22408.039999999997,985.28,146.3,0.0,23539.62,692.34
ORD-2024-18273,P0465,WH_BLR_S,41,24313.41,1365.72,176.42,0.0,25855.55,630.62
ORD-2024-18274,P0476,WH_NAGPUR_C,22,11727.76,1290.34,94.67,0.0,13112.77,596.04
ORD-2024-18275,P0545,WH_KOLKATA_E,4,1166.56,1568.47,17.21,0.0,2752.24,688.06
ORD-2024-18276,P0911,WH_BLR_S,7,204.26,1041.14,30.12,0.0,1275.52,182.22
ORD-2024-18277,P0783,WH_DELHI_N,5,2741.7000000000003,550.52,21.51,0.0,3313.73,662.75
ORD-2024-18278,P0422,WH_KOLKATA_E,31,13292.800000000001,1492.3,133.39,0.0,14918.49,481.24
ORD-2024-18279,P0965,WH_KOLKATA_E,19,4686.35,1085.02,81.76,0.0,5853.13,308.06
ORD-2024-18280,P0651,WH_DELHI_N,4,938.76,1005.52,17.21,0.0,1961.49,490.37
ORD-2024-18281,P0589,WH_NAGPUR_C,22,6321.700000000001,1238.5,94.67,0.0,7654.87,347.95
ORD-2024-18282,P0598,WH_MUMBAI_W,3,652.23,908.46,12.91,0.0,1573.6,524.53
ORD-2024-18283,P0994,WH_BLR_S,23,7723.63,1144.59,98.97,0.0,8967.19,389.88
ORD-2024-18284,P0188,WH_MUMBAI_W,4,3203.52,1510.87,17.21,0.0,4731.6,1182.9
ORD-2024-18285,P0801,WH_DELHI_N,46,27135.399999999998,1173.79,197.94,0.0,28507.13,619.72
ORD-2024-18286,P0195,WH_DELHI_N,24,13844.64,1217.92,103.27,0.0,15165.83,631.91
ORD-2024-18287,P0521,WH_MUMBAI_W,14,8117.620000000001,1164.54,60.24,0.0,9342.4,667.31
ORD-2024-18288,P0470,WH_DELHI_N,49,35059.5,1085.4,210.85,0.0,36355.75,741.95
ORD-2024-18289,P0956,WH_NAGPUR_C,41,29207.989999999998,1102.89,176.42,0.0,30487.3,743.59
ORD-2024-18290,P0332,WH_DELHI_N,3,1908.8999999999999,1632.7206,12.91,0.0,3554.53,1184.84
ORD-2024-18291,P0952,WH_MUMBAI_W,47,23410.23,1001.19,202.24,0.0,24613.66,523.69
ORD-2024-18292,P0876,WH_KOLKATA_E,21,9278.43,166.42,90.36,0.0,9535.21,454.06
ORD-2024-18293,P0884,WH_DELHI_N,26,7392.839999999999,451.67,111.88,0.0,7956.39,306.02
ORD-2024-18294,P0822,WH_DELHI_N,1,425.63,558.74,4.3,0.0,988.67,988.67
ORD-2024-18295,P0458,WH_DELHI_N,30,24474.0,1141.64,129.09,0.0,25744.73,858.16
ORD-2024-18296,P0755,WH_MUMBAI_W,4,2430.6,354.33,17.21,0.0,2802.14,700.54
ORD-2024-18297,P0866,WH_NAGPUR_C,14,7830.76,1477.38,60.24,0.0,9368.38,669.17
ORD-2024-18298,P0432,WH_BLR_S,18,13748.579999999998,273.28,77.45,0.0,14099.31,783.3
ORD-2024-18299,P0581,WH_BLR_S,12,464.15999999999997,1361.42,51.64,0.0,1877.22,156.44
ORD-2024-18300,P0719,WH_NAGPUR_C,38,8903.02,1519.52,163.51,0.0,10586.05,278.58
ORD-2024-18301,P0926,WH_KOLKATA_E,42,22806.42,1541.25,180.72,0.0,24528.39,584.01
ORD-2024-18302,P0511,WH_BLR_S,36,22054.32,187.21,154.91,0.0,22396.44,622.12
ORD-2024-18303,P0533,WH_KOLKATA_E,16,2840.0,872.11,68.85,0.0,3780.96,236.31
ORD-2024-18304,P0759,WH_BLR_S,1,550.88,1290.21,4.3,0.0,1845.39,1845.39
ORD-2024-18305,P0589,WH_BLR_S,3,862.0500000000001,1445.05,12.91,0.0,2320.01,773.34
ORD-2024-18306,P0836,WH_NAGPUR_C,39,14872.650000000001,1008.71,167.82,0.0,16049.18,411.52
ORD-2024-18307,P0220,WH_MUMBAI_W,35,20954.850000000002,513.96,150.6,0.0,21619.41,617.7
ORD-2024-18308,P0592,WH_DELHI_N,15,9506.4,615.34,64.54,0.0,10186.28,679.09
ORD-2024-18309,P0608,WH_KOLKATA_E,38,31741.019999999997,734.78,163.51,0.0,32639.31,858.93
ORD-2024-18310,P0372,WH_NAGPUR_C,16,10442.4,1337.03,68.85,0.0,11848.28,740.52
ORD-2024-18311,P0064,WH_KOLKATA_E,17,4278.05,1575.24,73.15,0.0,5926.44,348.61
ORD-2024-18312,P0150,WH_DELHI_N,34,7634.02,809.79,146.3,0.0,8590.11,252.65
ORD-2024-18313,P0783,WH_KOLKATA_E,10,5483.400000000001,1560.98,43.03,0.0,7087.41,708.74
ORD-2024-18314,P0791,WH_KOLKATA_E,11,3745.83,1196.43,47.33,0.0,4989.59,453.6
ORD-2024-18315,P0363,WH_BLR_S,28,19264.84,811.52,120.48,0.0,20196.84,721.32
ORD-2024-18316,P0492,WH_NAGPUR_C,27,18675.9,218.9,116.18,0.0,19010.98,704.11
ORD-2024-18317,P0109,WH_DELHI_N,38,17261.5,916.63,163.51,0.0,18341.64,482.67
ORD-2024-18318,P0213,WH_DELHI_N,18,7750.44,651.09,77.45,0.0,8478.98,471.05
ORD-2024-18319,P0083,WH_DELHI_N,47,25562.36,293.74,202.24,0.0,26058.34,554.43
ORD-2024-18320,P0791,WH_DELHI_N,48,16345.439999999999,1326.99,206.54,0.0,17878.97,372.48
ORD-2024-18321,P0286,WH_BLR_S,30,3076.2000000000003,235.51,129.09,0.0,3440.8,114.69
ORD-2024-18322,P0131,WH_BLR_S,13,1006.2,1556.83,55.94,0.0,2618.97,201.46
ORD-2024-18323,P0079,WH_NAGPUR_C,16,749.92,180.86,68.85,0.0,999.63,62.48
ORD-2024-18324,P0347,WH_BLR_S,2,1657.76,404.75,8.61,0.0,2071.12,1035.56
ORD-2024-18325,P0952,WH_BLR_S,20,9961.8,1196.72,86.06,0.0,11244.58,562.23
ORD-2024-18326,P0487,WH_KOLKATA_E,12,530.4000000000001,1497.02,51.64,0.0,2079.06,173.26
ORD-2024-18327,P0038,WH_DELHI_N,29,11504.3,249.13,124.79,0.0,11878.22,409.59
ORD-2024-18328,P0161,WH_MUMBAI_W,46,13177.16,517.33,197.94,0.0,13892.43,302.01
ORD-2024-18329,P0084,WH_NAGPUR_C,8,6553.44,933.26,34.42,0.0,7521.12,940.14
ORD-2024-18330,P0266,WH_DELHI_N,38,7980.76,1532.36,163.51,0.0,9676.63,254.65
ORD-2024-18331,P0569,WH_MUMBAI_W,46,28566.92,753.83,197.94,0.0,29518.69,641.71
ORD-2024-18332,P0062,WH_KOLKATA_E,47,5667.7300000000005,886.11,202.24,0.0,6756.08,143.75
ORD-2024-18333,P0545,WH_NAGPUR_C,20,5832.799999999999,553.94,86.06,0.0,6472.8,323.64
ORD-2024-18334,P0840,WH_MUMBAI_W,35,11453.75,323.23,150.6,0.0,11927.58,340.79
ORD-2024-18335,P0876,WH_NAGPUR_C,39,17231.37,175.73,167.82,0.0,17574.92,450.64
ORD-2024-18336,P0150,WH_NAGPUR_C,31,6960.43,1167.01,133.39,0.0,8260.83,266.48
ORD-2024-18337,P0666,WH_MUMBAI_W,16,10012.48,1351.26,68.85,0.0,11432.59,714.54
ORD-2024-18338,P0091,WH_NAGPUR_C,23,15329.96,390.66,98.97,0.0,15819.59,687.81
ORD-2024-18339,P0581,WH_MUMBAI_W,34,1315.12,1083.51,146.3,0.0,2544.93,74.85
ORD-2024-18340,P0511,WH_NAGPUR_C,32,19603.84,1266.11,137.69,0.0,21007.64,656.49
ORD-2024-18341,P0560,WH_KOLKATA_E,17,616.76,597.81,73.15,0.0,1287.72,75.75
ORD-2024-18342,P0139,WH_DELHI_N,43,25722.600000000002,745.37,185.03,0.0,26653.0,619.84
ORD-2024-18343,P0834,WH_MUMBAI_W,24,15335.28,1465.34,103.27,0.0,16903.89,704.33
ORD-2024-18344,P0627,WH_DELHI_N,35,29547.0,659.65,150.6,0.0,30357.25,867.35
ORD-2024-18345,P0449,WH_KOLKATA_E,23,7190.95,596.74,98.97,0.0,7886.66,342.9
ORD-2024-18346,P0458,WH_MUMBAI_W,8,6526.4,368.13,34.42,0.0,6928.95,866.12
ORD-2024-18347,P0193,WH_NAGPUR_C,23,8237.68,1011.55,98.97,0.0,9348.2,406.44
ORD-2024-18348,P0410,WH_BLR_S,21,10779.509999999998,835.45,90.36,0.0,11705.32,557.4
ORD-2024-18349,P0335,WH_NAGPUR_C,19,16001.23,1491.26,81.76,0.0,17574.25,924.96
ORD-2024-18350,P0266,WH_BLR_S,31,6510.62,1070.77,133.39,0.0,7714.78,248.86
ORD-2024-18351,P0135,WH_MUMBAI_W,7,4268.95,523.69,30.12,0.0,4822.76,688.97
ORD-2024-18352,P0479,WH_NAGPUR_C,48,33390.72,96.62,206.54,0.0,33693.88,701.96
ORD-2024-18353,P0080,WH_MUMBAI_W,24,7021.92,1565.26,103.27,0.0,8690.45,362.1
ORD-2024-18354,P0748,WH_KOLKATA_E,46,8289.199999999999,1209.38,197.94,0.0,9696.52,210.79
ORD-2024-18355,P0914,WH_KOLKATA_E,8,3099.6,1003.67,34.42,0.0,4137.69,517.21
ORD-2024-18356,P0213,WH_BLR_S,13,5597.54,911.13,55.94,0.0,6564.61,504.97
ORD-2024-18357,P0754,WH_DELHI_N,3,2159.0099999999998,134.8,12.91,0.0,2306.72,768.91
ORD-2024-18358,P0791,WH_KOLKATA_E,34,11578.019999999999,907.93,146.3,0.0,12632.25,371.54
ORD-2024-18359,P0651,WH_DELHI_N,13,3050.97,337.07,55.94,0.0,3443.98,264.92
ORD-2024-18360,P0116,WH_BLR_S,32,5641.92,1276.36,137.69,0.0,7055.97,220.5
ORD-2024-18361,P0191,WH_NAGPUR_C,35,3209.5,1394.8,150.6,0.0,4754.9,135.85
ORD-2024-18362,P0915,WH_DELHI_N,21,14401.38,1494.1,90.36,0.0,15985.84,761.23
ORD-2024-18363,P0228,WH_DELHI_N,1,255.07,246.84,4.3,0.0,506.21,506.21
ORD-2024-18364,P0994,WH_NAGPUR_C,2,671.62,667.84,8.61,0.0,1348.07,674.04
ORD-2024-18365,P0027,WH_MUMBAI_W,42,21767.34,1009.37,180.72,0.0,22957.43,546.61
ORD-2024-18366,P0161,WH_BLR_S,43,12317.779999999999,850.78,185.03,0.0,13353.59,310.55
ORD-2024-18367,P0746,WH_DELHI_N,26,15321.02,1033.21,111.88,0.0,16466.11,633.31
ORD-2024-18368,P0796,WH_KOLKATA_E,3,1702.59,836.55,12.91,0.0,2552.05,850.68
ORD-2024-18369,P0422,WH_NAGPUR_C,24,10291.2,346.23,103.27,0.0,10740.7,447.53
ORD-2024-18370,P0893,WH_DELHI_N,26,14811.16,424.29,111.88,0.0,15347.33,590.28
ORD-2024-18371,P0202,WH_NAGPUR_C,8,2307.44,990.41,34.42,0.0,3332.27,416.53
ORD-2024-18372,P0345,WH_DELHI_N,47,33068.73,1297.13,202.24,0.0,34568.1,735.49
ORD-2024-18373,P0342,WH_NAGPUR_C,37,5226.62,247.02,159.21,0.0,5632.85,152.24
ORD-2024-18374,P0470,WH_DELHI_N,8,5724.0,648.38,34.42,0.0,6406.8,800.85
ORD-2024-18375,P0160,WH_BLR_S,18,14387.579999999998,529.94,77.45,0.0,14994.97,833.05
ORD-2024-18376,P0892,WH_DELHI_N,18,1133.1000000000001,1494.87,77.45,0.0,2705.42,150.3
ORD-2024-18377,P0027,WH_KOLKATA_E,12,6219.24,748.25,51.64,0.0,7019.13,584.93
ORD-2024-18378,P0154,WH_MUMBAI_W,36,13527.0,807.67,154.91,0.0,14489.58,402.49
ORD-2024-18379,P0867,WH_DELHI_N,40,31203.2,1220.33,172.12,0.0,32595.65,814.89
ORD-2024-18380,P0809,WH_DELHI_N,2,557.84,319.2,8.61,0.0,885.65,442.82
ORD-2024-18381,P0191,WH_DELHI_N,20,1834.0,507.8,86.06,0.0,2427.86,121.39
ORD-2024-18382,P0230,WH_KOLKATA_E,3,1051.8600000000001,1566.41,12.91,0.0,2631.18,877.06
ORD-2024-18383,P0533,WH_KOLKATA_E,40,7100.0,1193.07,172.12,0.0,8465.19,211.63
ORD-2024-18384,P0079,WH_MUMBAI_W,44,2062.2799999999997,869.35,189.33,0.0,3120.96,70.93
ORD-2024-18385,P0135,WH_NAGPUR_C,34,20734.9,1134.79,146.3,0.0,22015.99,647.53
ORD-2024-18386,P0038,WH_BLR_S,49,19438.3,1120.6,210.85,0.0,20769.75,423.87
ORD-2024-18387,P0316,WH_KOLKATA_E,46,32293.379999999997,388.82,197.94,0.0,32880.14,714.79
ORD-2024-18388,P0319,WH_DELHI_N,46,2788.06,1565.67,197.94,0.0,4551.67,98.95
ORD-2024-18389,P0027,WH_BLR_S,6,3109.62,637.7,25.82,0.0,3773.14,628.86
ORD-2024-18390,P0139,WH_BLR_S,40,23928.0,717.2,172.12,0.0,24817.32,620.43
ORD-2024-18391,P0595,WH_DELHI_N,10,2378.0,298.12,43.03,0.0,2719.15,271.92
ORD-2024-18392,P0714,WH_DELHI_N,24,1739.7599999999998,815.07,103.27,0.0,2658.1,110.75
ORD-2024-18393,P0746,WH_DELHI_N,18,10606.86,993.29,77.45,0.0,11677.6,648.76
ORD-2024-18394,P0783,WH_BLR_S,33,18095.22,787.87,142.0,0.0,19025.09,576.52
ORD-2024-18395,P0712,WH_DELHI_N,39,9976.2,1274.43,167.82,0.0,11418.45,292.78
ORD-2024-18396,P0220,WH_BLR_S,7,4190.97,566.58,30.12,0.0,4787.67,683.95
ORD-2024-18397,P0759,WH_DELHI_N,45,24789.6,963.56,193.63,0.0,25946.79,576.6
ORD-2024-18398,P0279,WH_BLR_S,48,33250.56,345.97,206.54,0.0,33803.07,704.23
ORD-2024-18399,P0584,WH_NAGPUR_C,44,21122.64,1549.14,189.33,0.0,22861.11,519.57
ORD-2024-18400,P0070,WH_BLR_S,29,15401.03,1246.24,124.79,0.0,16772.06,578.35
ORD-2024-18401,P0780,WH_DELHI_N,19,12137.960000000001,459.26,81.76,0.0,12678.98,667.31
ORD-2024-18402,P0809,WH_BLR_S,38,10598.960000000001,222.72,163.51,0.0,10985.19,289.08
ORD-2024-18403,P0907,WH_KOLKATA_E,39,6008.34,433.84,167.82,0.0,6610.0,169.49
ORD-2024-18404,P0592,WH_MUMBAI_W,25,15844.0,295.03,107.57,0.0,16246.6,649.86
ORD-2024-18405,P0188,WH_MUMBAI_W,17,13614.96,1085.72,73.15,0.0,14773.83,869.05
ORD-2024-18406,P0297,WH_DELHI_N,37,16456.489999999998,95.6674,159.21,0.0,16711.37,451.66
ORD-2024-18407,P0620,WH_NAGPUR_C,3,355.86,453.4,12.91,0.0,822.17,274.06
ORD-2024-18408,P0533,WH_KOLKATA_E,24,4260.0,766.01,103.27,0.0,5129.28,213.72
ORD-2024-18409,P0971,WH_BLR_S,18,10187.460000000001,295.17,77.45,0.0,10560.08,586.67
ORD-2024-18410,P0716,WH_NAGPUR_C,49,18187.33,538.87,210.85,0.0,18937.05,386.47
ORD-2024-18411,P0709,WH_DELHI_N,26,12563.98,1241.33,111.88,0.0,13917.19,535.28
ORD-2024-18412,P0363,WH_MUMBAI_W,21,14448.63,1422.77,90.36,0.0,15961.76,760.08
ORD-2024-18413,P0363,WH_NAGPUR_C,11,7568.33,727.58,47.33,0.0,8343.24,758.48
ORD-2024-18414,P0364,WH_BLR_S,41,34289.12,1144.23,176.42,0.0,35609.77,868.53
ORD-2024-18415,P0540,WH_KOLKATA_E,17,6732.85,1340.75,73.15,0.0,8146.75,479.22
ORD-2024-18416,P0205,WH_KOLKATA_E,45,24960.6,211.91,193.63,0.0,25366.14,563.69
ORD-2024-18417,P0596,WH_NAGPUR_C,38,9062.62,1292.48,163.51,0.0,10518.61,276.81
ORD-2024-18418,P0688,WH_NAGPUR_C,21,3967.74,1383.34,90.36,0.0,5441.44,259.12
ORD-2024-18419,P0867,WH_KOLKATA_E,4,3120.32,1189.2,17.21,0.0,4326.73,1081.68
ORD-2024-18420,P0857,WH_MUMBAI_W,32,16556.8,666.93,137.69,0.0,17361.42,542.54
ORD-2024-18421,P0449,WH_NAGPUR_C,18,5627.7,878.43,77.45,0.0,6583.58,365.75
ORD-2024-18422,P0581,WH_KOLKATA_E,44,1701.92,271.49,189.33,0.0,2162.74,49.15
ORD-2024-18423,P0926,WH_MUMBAI_W,28,15204.279999999999,1262.83,120.48,0.0,16587.59,592.41
ORD-2024-18424,P0533,WH_KOLKATA_E,36,6390.0,1204.16,154.91,0.0,7749.07,215.25
ORD-2024-18425,P0596,WH_KOLKATA_E,37,8824.130000000001,958.8,159.21,0.0,9942.14,268.71
ORD-2024-18426,P0150,WH_NAGPUR_C,44,9879.32,1422.44,189.33,0.0,11491.09,261.16
ORD-2024-18427,P0368,WH_BLR_S,26,21288.54,297.77,111.88,0.0,21698.19,834.55
ORD-2024-18428,P0592,WH_DELHI_N,49,31054.239999999998,924.24,210.85,0.0,32189.33,656.93
ORD-2024-18429,P0633,WH_MUMBAI_W,24,11706.48,515.02,103.27,0.0,12324.77,513.53
ORD-2024-18430,P0297,WH_KOLKATA_E,10,4447.7,1025.98,43.03,0.0,5516.71,551.67
ORD-2024-18431,P0125,WH_KOLKATA_E,38,7316.14,265.0,163.51,0.0,7744.65,203.81
ORD-2024-18432,P0914,WH_BLR_S,49,18985.05,470.64,210.85,0.0,19666.54,401.36
ORD-2024-18433,P0102,WH_MUMBAI_W,8,747.12,158.35,34.42,0.0,939.89,117.49
ORD-2024-18434,P0088,WH_KOLKATA_E,2,407.74,714.32,8.61,0.0,1130.67,565.34
ORD-2024-18435,P0988,WH_MUMBAI_W,44,35991.12,1530.68,189.33,0.0,37711.13,857.07
ORD-2024-18436,P0714,WH_DELHI_N,35,2537.1499999999996,132.93,150.6,0.0,2820.68,80.59
ORD-2024-18437,P0109,WH_NAGPUR_C,21,9539.25,1546.42,90.36,0.0,11176.03,532.19
ORD-2024-18438,P0755,WH_MUMBAI_W,27,16406.55,1125.34,116.18,0.0,17648.07,653.63
ORD-2024-18439,P0965,WH_KOLKATA_E,23,5672.95,1391.87,98.97,0.0,7163.79,311.47
ORD-2024-18440,P0852,WH_DELHI_N,32,21161.6,1389.01,137.69,0.0,22688.3,709.01
ORD-2024-18441,P0965,WH_NAGPUR_C,26,6412.900000000001,783.83,111.88,0.0,7308.61,281.1
ORD-2024-18442,P0663,WH_KOLKATA_E,7,5733.139999999999,892.79,30.12,0.0,6656.05,950.86
ORD-2024-18443,P0565,WH_KOLKATA_E,33,3914.13,244.91,142.0,0.0,4301.04,130.33
ORD-2024-18444,P0247,WH_NAGPUR_C,17,648.89,924.07,73.15,0.0,1646.11,96.83
ORD-2024-18445,P0150,WH_NAGPUR_C,8,1796.24,872.37,34.42,0.0,2703.03,337.88
ORD-2024-18446,P0432,WH_BLR_S,42,32080.019999999997,1257.55,180.72,0.0,33518.29,798.05
ORD-2024-18447,P0319,WH_MUMBAI_W,17,1030.37,884.16,73.15,0.0,1987.68,116.92
ORD-2024-18448,P0191,WH_BLR_S,48,4401.6,439.62,206.54,0.0,5047.76,105.16
ORD-2024-18449,P0159,WH_DELHI_N,42,16659.72,403.07,180.72,0.0,17243.51,410.56
ORD-2024-18450,P0596,WH_KOLKATA_E,47,11209.03,1260.72,202.24,0.0,12671.99,269.62
ORD-2024-18451,P0062,WH_BLR_S,48,5788.32,833.43,206.54,0.0,6828.29,142.26
ORD-2024-18452,P0711,WH_KOLKATA_E,18,13569.84,233.8,77.45,0.0,13881.09,771.17
ORD-2024-18453,P0641,WH_KOLKATA_E,36,19062.0,1291.38,154.91,0.0,20508.29,569.67
ORD-2024-18454,P0672,WH_BLR_S,39,9705.54,804.98,167.82,0.0,10678.34,273.8
ORD-2024-18455,P0915,WH_KOLKATA_E,44,30174.32,486.19,189.33,0.0,30849.84,701.13
ORD-2024-18456,P0790,WH_MUMBAI_W,23,9946.58,401.24,98.97,0.0,10446.79,454.21
ORD-2024-18457,P0404,WH_MUMBAI_W,12,7523.16,416.6,51.64,0.0,7991.4,665.95
ORD-2024-18458,P0840,WH_MUMBAI_W,23,7526.75,95.6674,98.97,0.0,7721.39,335.71
ORD-2024-18459,P0030,WH_DELHI_N,33,12808.289999999999,1161.51,142.0,0.0,14111.8,427.63
ORD-2024-18460,P0470,WH_DELHI_N,28,20034.0,991.1,120.48,0.0,21145.58,755.2
ORD-2024-18461,P0565,WH_MUMBAI_W,44,5218.84,1628.29,189.33,0.0,7036.46,159.92
ORD-2024-18462,P0131,WH_KOLKATA_E,23,1780.2,276.18,98.97,0.0,2155.35,93.71
ORD-2024-18463,P0119,WH_MUMBAI_W,7,1611.3999999999999,466.71,30.12,0.0,2108.23,301.18
ORD-2024-18464,P0688,WH_BLR_S,47,8880.18,991.99,202.24,0.0,10074.41,214.35
ORD-2024-18465,P0759,WH_DELHI_N,2,1101.76,913.41,8.61,0.0,2023.78,1011.89
ORD-2024-18466,P0911,WH_BLR_S,1,29.18,928.79,4.3,0.0,962.27,962.27
ORD-2024-18467,P0202,WH_MUMBAI_W,4,1153.72,240.95,17.21,0.0,1411.88,352.97
ORD-2024-18468,P0429,WH_NAGPUR_C,8,5728.88,244.51,34.42,0.0,6007.81,750.98
ORD-2024-18469,P0748,WH_KOLKATA_E,49,8829.8,1262.03,210.85,0.0,10302.68,210.26
ORD-2024-18470,P0759,WH_KOLKATA_E,29,15975.52,1074.61,124.79,0.0,17174.92,592.24
ORD-2024-18471,P0915,WH_BLR_S,18,12344.039999999999,208.11,77.45,0.0,12629.6,701.64
ORD-2024-18472,P0791,WH_DELHI_N,37,12599.609999999999,1351.74,159.21,0.0,14110.56,381.37
ORD-2024-18473,P0567,WH_DELHI_N,31,11450.16,1267.78,133.39,0.0,12851.33,414.56
ORD-2024-18474,P0693,WH_BLR_S,6,2450.16,459.07,25.82,0.0,2935.05,489.18
ORD-2024-18475,P0364,WH_MUMBAI_W,44,36798.08,1004.45,189.33,0.0,37991.86,863.45
ORD-2024-18476,P0189,WH_KOLKATA_E,24,15267.119999999999,508.76,103.27,0.0,15879.15,661.63
ORD-2024-18477,P0479,WH_BLR_S,48,33390.72,1305.49,206.54,0.0,34902.75,727.14
ORD-2024-18478,P0583,WH_KOLKATA_E,41,16773.920000000002,308.85,176.42,0.0,17259.19,420.96
ORD-2024-18479,P0476,WH_BLR_S,15,7996.200000000001,1341.33,64.54,0.0,9402.07,626.8
ORD-2024-18480,P0276,WH_DELHI_N,40,26362.399999999998,1041.89,172.12,0.0,27576.41,689.41
ORD-2024-18481,P0432,WH_BLR_S,12,9165.72,315.71,51.64,0.0,9533.07,794.42
ORD-2024-18482,P0780,WH_DELHI_N,46,29386.640000000003,1486.57,197.94,0.0,31071.15,675.46
ORD-2024-18483,P0280,WH_KOLKATA_E,49,26594.260000000002,1267.11,210.85,0.0,28072.22,572.9
ORD-2024-18484,P0909,WH_MUMBAI_W,14,4630.92,1056.47,60.24,0.0,5747.63,410.54
ORD-2024-18485,P0688,WH_DELHI_N,27,5101.38,782.38,116.18,0.0,5999.94,222.22
ORD-2024-18486,P0154,WH_DELHI_N,37,13902.75,1015.91,159.21,0.0,15077.87,407.51
ORD-2024-18487,P0368,WH_DELHI_N,13,10644.27,1121.33,55.94,0.0,11821.54,909.35
ORD-2024-18488,P0748,WH_BLR_S,38,6847.599999999999,260.5,163.51,0.0,7271.61,191.36
ORD-2024-18489,P0011,WH_DELHI_N,46,19621.76,749.28,197.94,0.0,20568.98,447.15
ORD-2024-18490,P0220,WH_NAGPUR_C,38,22750.980000000003,1537.18,163.51,0.0,24451.67,643.46
ORD-2024-18491,P0554,WH_BLR_S,3,2194.41,1214.01,12.91,0.0,3421.33,1140.44
ORD-2024-18492,P0998,WH_MUMBAI_W,16,1079.52,260.14,68.85,0.0,1408.51,88.03
ORD-2024-18493,P0927,WH_MUMBAI_W,12,1126.68,1345.53,51.64,0.0,2523.85,210.32
ORD-2024-18494,P0228,WH_BLR_S,14,3570.98,233.88,60.24,0.0,3865.1,276.08
ORD-2024-18495,P0719,WH_DELHI_N,34,7965.86,1206.09,146.3,0.0,9318.25,274.07
ORD-2024-18496,P0432,WH_DELHI_N,31,23678.109999999997,615.5,133.39,0.0,24427.0,787.97
ORD-2024-18497,P0097,WH_NAGPUR_C,39,8996.13,571.31,167.82,0.0,9735.26,249.62
ORD-2024-18498,P0824,WH_KOLKATA_E,5,4125.9,754.31,21.51,0.0,4901.72,980.34
ORD-2024-18499,P0918,WH_DELHI_N,12,5210.76,242.75,51.64,0.0,5505.15,458.76
ORD-2024-18500,P0992,WH_MUMBAI_W,26,13304.46,1596.54,111.88,0.0,15012.88,577.42
ORD-2024-18501,P0347,WH_KOLKATA_E,17,14090.96,1489.04,73.15,0.0,15653.15,920.77
ORD-2024-18502,P0544,WH_DELHI_N,44,20075.0,369.77,189.33,0.0,20634.1,468.96
ORD-2024-18503,P0011,WH_DELHI_N,11,4692.16,1500.78,47.33,0.0,6240.27,567.3
ORD-2024-18504,P0674,WH_MUMBAI_W,33,8283.66,1505.36,142.0,0.0,9931.02,300.94
ORD-2024-18505,P0076,WH_BLR_S,41,9481.66,342.31,176.42,0.0,10000.39,243.91
ORD-2024-18506,P0755,WH_DELHI_N,40,24306.0,144.09,172.12,0.0,24622.21,615.56
ORD-2024-18507,P0975,WH_MUMBAI_W,46,1931.08,744.3,197.94,0.0,2873.32,62.46
ORD-2024-18508,P0368,WH_DELHI_N,4,3275.16,741.79,17.21,0.0,4034.16,1008.54
ORD-2024-18509,P0913,WH_NAGPUR_C,32,20786.88,866.32,137.69,0.0,21790.89,680.97
ORD-2024-18510,P0714,WH_KOLKATA_E,31,2247.19,916.37,133.39,0.0,3296.95,106.35
ORD-2024-18511,P0470,WH_KOLKATA_E,11,7870.5,1298.91,47.33,0.0,9216.74,837.89
ORD-2024-18512,P0064,WH_MUMBAI_W,17,4278.05,975.6,73.15,0.0,5326.8,313.34
ORD-2024-18513,P0069,WH_BLR_S,27,2717.8199999999997,896.89,116.18,0.0,3730.89,138.18
ORD-2024-18514,P0598,WH_MUMBAI_W,8,1739.28,1003.28,34.42,0.0,2776.98,347.12
ORD-2024-18515,P0672,WH_DELHI_N,21,5226.06,1491.58,90.36,0.0,6808.0,324.19
ORD-2024-18516,P0021,WH_BLR_S,33,8159.910000000001,608.12,142.0,0.0,8910.03,270.0
ORD-2024-18517,P0202,WH_KOLKATA_E,5,1442.15,381.26,21.51,0.0,1844.92,368.98
ORD-2024-18518,P0925,WH_BLR_S,32,7687.68,601.38,137.69,0.0,8426.75,263.34
ORD-2024-18519,P0834,WH_NAGPUR_C,25,15974.25,1374.88,107.57,0.0,17456.7,698.27
ORD-2024-18520,P0783,WH_DELHI_N,8,4386.72,564.55,34.42,0.0,4985.69,623.21
ORD-2024-18521,P0608,WH_DELHI_N,27,22552.829999999998,1183.56,116.18,0.0,23852.57,883.43
ORD-2024-18522,P0711,WH_DELHI_N,26,19600.88,668.41,111.88,0.0,20381.17,783.89
ORD-2024-18523,P0353,WH_NAGPUR_C,40,32373.600000000002,743.39,172.12,0.0,33289.11,832.23
ORD-2024-18524,P0971,WH_KOLKATA_E,29,16413.13,1211.72,124.79,0.0,17749.64,612.06
ORD-2024-18525,P0091,WH_NAGPUR_C,9,5998.68,379.4,38.73,0.0,6416.81,712.98
ORD-2024-18526,P0651,WH_KOLKATA_E,18,4224.42,1063.25,77.45,0.0,5365.12,298.06
ORD-2024-18527,P0371,WH_NAGPUR_C,7,1199.73,996.22,30.12,0.0,2226.07,318.01
ORD-2024-18528,P0103,WH_NAGPUR_C,42,5452.44,1265.13,180.72,0.0,6898.29,164.24
ORD-2024-18529,P0674,WH_DELHI_N,21,5271.42,1500.86,90.36,0.0,6862.64,326.79
ORD-2024-18530,P0754,WH_NAGPUR_C,16,11514.72,247.89,68.85,0.0,11831.46,739.47
ORD-2024-18531,P0267,WH_KOLKATA_E,3,642.75,540.03,12.91,0.0,1195.69,398.56
ORD-2024-18532,P0363,WH_KOLKATA_E,32,22016.96,382.16,137.69,0.0,22536.81,704.28
ORD-2024-18533,P0286,WH_BLR_S,10,1025.4,1632.7206,43.03,0.0,2701.15,270.12
ORD-2024-18534,P0476,WH_NAGPUR_C,32,17058.56,1160.24,137.69,0.0,18356.49,573.64
ORD-2024-18535,P0371,WH_DELHI_N,8,1371.12,1540.75,34.42,0.0,2946.29,368.29
ORD-2024-18536,P0583,WH_DELHI_N,32,13091.84,1496.77,137.69,0.0,14726.3,460.2
ORD-2024-18537,P0432,WH_BLR_S,4,3055.24,1426.11,17.21,0.0,4498.56,1124.64
ORD-2024-18538,P0064,WH_NAGPUR_C,29,7297.85,479.72,124.79,0.0,7902.36,272.5
ORD-2024-18539,P0115,WH_NAGPUR_C,12,9195.72,990.36,51.64,0.0,10237.72,853.14
ORD-2024-18540,P0754,WH_BLR_S,37,26627.789999999997,442.52,159.21,0.0,27229.52,735.93
ORD-2024-18541,P0213,WH_KOLKATA_E,36,15500.88,695.09,154.91,0.0,16350.88,454.19
ORD-2024-18542,P0596,WH_KOLKATA_E,19,4531.31,697.08,81.76,0.0,5310.15,279.48
ORD-2024-18543,P0965,WH_KOLKATA_E,37,9126.050000000001,1503.79,159.21,0.0,10789.05,291.6
ORD-2024-18544,P0228,WH_DELHI_N,47,11988.289999999999,1155.42,202.24,0.0,13345.95,283.96
ORD-2024-18545,P0581,WH_KOLKATA_E,31,1199.08,1249.95,133.39,0.0,2582.42,83.3
ORD-2024-18546,P0492,WH_KOLKATA_E,44,30434.800000000003,1231.1,189.33,0.0,31855.23,723.98
ORD-2024-18547,P0837,WH_DELHI_N,26,16905.72,988.5,111.88,0.0,18006.1,692.54
ORD-2024-18548,P0927,WH_MUMBAI_W,45,4225.05,538.73,193.63,0.0,4957.41,110.16
ORD-2024-18549,P0809,WH_BLR_S,6,1673.52,1344.8,25.82,0.0,3044.14,507.36
ORD-2024-18550,P0866,WH_BLR_S,29,16220.86,646.32,124.79,0.0,16991.97,585.93
ORD-2024-18551,P0666,WH_MUMBAI_W,17,10638.26,800.29,73.15,0.0,11511.7,677.16
ORD-2024-18552,P0347,WH_NAGPUR_C,20,16577.6,376.84,86.06,0.0,17040.5,852.02
ORD-2024-18553,P0261,WH_BLR_S,42,18483.78,991.59,180.72,0.0,19656.09,468.0
ORD-2024-18554,P0927,WH_NAGPUR_C,46,4318.94,842.25,197.94,0.0,5359.13,116.5
ORD-2024-18555,P0589,WH_DELHI_N,47,13505.45,1404.99,202.24,0.0,15112.68,321.55
ORD-2024-18556,P0030,WH_KOLKATA_E,10,3881.3,675.19,43.03,0.0,4599.52,459.95
ORD-2024-18557,P0266,WH_MUMBAI_W,6,1260.1200000000001,655.9,25.82,0.0,1941.84,323.64
ORD-2024-18558,P0357,WH_BLR_S,48,23308.32,365.87,206.54,0.0,23880.73,497.52
ORD-2024-18559,P0267,WH_BLR_S,32,6856.0,803.95,137.69,0.0,7797.64,243.68
ORD-2024-18560,P0568,WH_MUMBAI_W,2,1512.92,1322.03,8.61,0.0,2843.56,1421.78
ORD-2024-18561,P0909,WH_BLR_S,10,3307.7999999999997,1097.27,43.03,0.0,4448.1,444.81
ORD-2024-18562,P0022,WH_BLR_S,37,21428.55,218.31,159.21,0.0,21806.07,589.35
ORD-2024-18563,P0300,WH_MUMBAI_W,27,10904.76,604.43,116.18,0.0,11625.37,430.57
ORD-2024-18564,P0276,WH_DELHI_N,41,27021.46,527.96,176.42,0.0,27725.84,676.24
ORD-2024-18565,P0115,WH_KOLKATA_E,19,14559.89,1068.32,81.76,0.0,15709.97,826.84
ORD-2024-18566,P0663,WH_BLR_S,41,33579.82,1424.38,176.42,0.0,35180.62,858.06
ORD-2024-18567,P0595,WH_BLR_S,16,3804.8,1530.02,68.85,0.0,5403.67,337.73
ORD-2024-18568,P0911,WH_KOLKATA_E,20,583.6,525.68,86.06,0.0,1195.34,59.77
ORD-2024-18569,P0230,WH_MUMBAI_W,36,12622.32,490.99,154.91,0.0,13268.22,368.56
ORD-2024-18570,P0176,WH_BLR_S,5,565.3499999999999,804.05,21.51,0.0,1390.91,278.18
ORD-2024-18571,P0876,WH_MUMBAI_W,18,7952.94,1024.04,77.45,0.0,9054.43,503.02
ORD-2024-18572,P0836,WH_BLR_S,8,3050.8,1141.03,34.42,0.0,4226.25,528.28
ORD-2024-18573,P0700,WH_NAGPUR_C,13,10681.449999999999,1351.78,55.94,0.0,12089.17,929.94
ORD-2024-18574,P0892,WH_BLR_S,41,2580.9500000000003,512.84,176.42,0.0,3270.21,79.76
ORD-2024-18575,P0620,WH_KOLKATA_E,10,1186.2,1491.47,43.03,0.0,2720.7,272.07
ORD-2024-18576,P0975,WH_MUMBAI_W,36,1511.28,1123.43,154.91,0.0,2789.62,77.49
ORD-2024-18577,P0083,WH_DELHI_N,19,10333.72,95.6674,81.76,0.0,10511.15,553.22
ORD-2024-18578,P0711,WH_NAGPUR_C,31,23370.28,1581.65,133.39,0.0,25085.32,809.2
ORD-2024-18579,P0596,WH_BLR_S,36,8585.64,559.56,154.91,0.0,9300.11,258.34
ORD-2024-18580,P0511,WH_NAGPUR_C,29,17765.98,263.92,124.79,0.0,18154.69,626.02
ORD-2024-18581,P0491,WH_BLR_S,45,2571.3,773.71,193.63,0.0,3538.64,78.64
ORD-2024-18582,P0150,WH_DELHI_N,23,5164.19,930.38,98.97,0.0,6193.54,269.28
ORD-2024-18583,P0918,WH_DELHI_N,32,13895.36,870.79,137.69,0.0,14903.84,465.74
ORD-2024-18584,P0027,WH_NAGPUR_C,49,25395.23,1321.73,210.85,0.0,26927.81,549.55
ORD-2024-18585,P0218,WH_DELHI_N,11,9034.74,298.57,47.33,0.0,9380.64,852.79
ORD-2024-18586,P0975,WH_MUMBAI_W,2,83.96,1376.03,8.61,0.0,1468.6,734.3
ORD-2024-18587,P0565,WH_MUMBAI_W,32,3795.52,758.17,137.69,0.0,4691.38,146.61
ORD-2024-18588,P0824,WH_BLR_S,5,4125.9,222.45,21.51,0.0,4369.86,873.97
ORD-2024-18589,P0300,WH_MUMBAI_W,31,12520.28,1632.7206,133.39,0.0,14286.39,460.85
ORD-2024-18590,P0608,WH_BLR_S,13,10858.77,1536.03,55.94,0.0,12450.74,957.75
ORD-2024-18591,P0568,WH_MUMBAI_W,22,16642.120000000003,555.28,94.67,0.0,17292.07,786.0
ORD-2024-18592,P0102,WH_BLR_S,35,3268.65,824.07,150.6,0.0,4243.32,121.24
ORD-2024-18593,P0176,WH_MUMBAI_W,19,2148.33,616.84,81.76,0.0,2846.93,149.84
ORD-2024-18594,P0998,WH_KOLKATA_E,29,1956.6299999999999,882.94,124.79,0.0,2964.36,102.22
ORD-2024-18595,P0544,WH_KOLKATA_E,23,10493.75,497.85,98.97,0.0,11090.57,482.2
ORD-2024-18596,P0422,WH_NAGPUR_C,19,8147.2,599.45,81.76,0.0,8828.41,464.65
ORD-2024-18597,P0754,WH_DELHI_N,16,11514.72,489.19,68.85,0.0,12072.76,754.55
ORD-2024-18598,P0139,WH_KOLKATA_E,31,18544.2,726.68,133.39,0.0,19404.27,625.94
ORD-2024-18599,P0608,WH_DELHI_N,16,13364.64,168.9,68.85,0.0,13602.39,850.15
ORD-2024-18600,P0634,WH_DELHI_N,26,19112.600000000002,1026.09,111.88,0.0,20250.57,778.87
ORD-2024-18601,P0266,WH_DELHI_N,3,630.0600000000001,572.31,12.91,0.0,1215.28,405.09
ORD-2024-18602,P0335,WH_MUMBAI_W,23,19369.91,403.87,98.97,0.0,19872.75,864.03
ORD-2024-18603,P0962,WH_MUMBAI_W,9,1094.22,588.49,38.73,0.0,1721.44,191.27
ORD-2024-18604,P0116,WH_MUMBAI_W,24,4231.4400000000005,1187.62,103.27,0.0,5522.33,230.1
ORD-2024-18605,P0596,WH_NAGPUR_C,33,7870.17,644.8,142.0,0.0,8656.97,262.33
ORD-2024-18606,P0719,WH_KOLKATA_E,14,3280.06,1230.81,60.24,0.0,4571.11,326.51
ORD-2024-18607,P0641,WH_DELHI_N,28,14826.0,1573.32,120.48,0.0,16519.8,589.99
ORD-2024-18608,P0297,WH_KOLKATA_E,24,10674.48,1550.75,103.27,0.0,12328.5,513.69
ORD-2024-18609,P0857,WH_KOLKATA_E,43,22248.2,480.92,185.03,0.0,22914.15,532.89
ORD-2024-18610,P0822,WH_MUMBAI_W,7,2979.41,1562.13,30.12,0.0,4571.66,653.09
ORD-2024-18611,P0712,WH_KOLKATA_E,38,9720.4,1431.39,163.51,0.0,11315.3,297.77
ORD-2024-18612,P0620,WH_DELHI_N,44,5219.280000000001,182.36,189.33,0.0,5590.97,127.07
ORD-2024-18613,P0511,WH_NAGPUR_C,25,15315.5,1602.85,107.57,0.0,17025.92,681.04
ORD-2024-18614,P0161,WH_KOLKATA_E,2,572.92,1475.26,8.61,0.0,2056.79,1028.4
ORD-2024-18615,P0627,WH_DELHI_N,45,37989.0,1161.64,193.63,0.0,39344.27,874.32
ORD-2024-18616,P0530,WH_NAGPUR_C,1,62.31,951.58,4.3,0.0,1018.19,1018.19
ORD-2024-18617,P0056,WH_KOLKATA_E,23,15663.689999999999,1632.7206,98.97,0.0,17395.38,756.32
ORD-2024-18618,P0152,WH_MUMBAI_W,47,11703.94,395.42,202.24,0.0,12301.6,261.74
ORD-2024-18619,P0070,WH_MUMBAI_W,40,21242.800000000003,1207.9,172.12,0.0,22622.82,565.57
ORD-2024-18620,P0595,WH_BLR_S,18,4280.400000000001,1498.35,77.45,0.0,5856.2,325.34
ORD-2024-18621,P0131,WH_NAGPUR_C,47,3637.8,882.25,202.24,0.0,4722.29,100.47
ORD-2024-18622,P0994,WH_NAGPUR_C,8,2686.48,461.24,34.42,0.0,3182.14,397.77
ORD-2024-18623,P0371,WH_NAGPUR_C,34,5827.259999999999,714.34,146.3,0.0,6687.9,196.7
ORD-2024-18624,P0150,WH_BLR_S,43,9654.79,1509.9,185.03,0.0,11349.72,263.95
ORD-2024-18625,P0195,WH_DELHI_N,8,4614.88,1204.52,34.42,0.0,5853.82,731.73
ORD-2024-18626,P0583,WH_KOLKATA_E,29,11864.48,886.96,124.79,0.0,12876.23,444.01
ORD-2024-18627,P0125,WH_BLR_S,13,2502.89,228.22,55.94,0.0,2787.05,214.39
ORD-2024-18628,P0700,WH_MUMBAI_W,1,821.65,1113.33,4.3,0.0,1939.28,1939.28
ORD-2024-18629,P0492,WH_MUMBAI_W,29,20059.300000000003,543.76,124.79,0.0,20727.85,714.75
ORD-2024-18630,P0191,WH_DELHI_N,37,3392.9,1528.32,159.21,0.0,5080.43,137.31
ORD-2024-18631,P0801,WH_MUMBAI_W,1,589.9,930.11,4.3,0.0,1524.31,1524.31
ORD-2024-18632,P0159,WH_DELHI_N,44,17453.04,1168.49,189.33,0.0,18810.86,427.52
ORD-2024-18633,P0700,WH_KOLKATA_E,5,4108.25,1533.17,21.51,0.0,5662.93,1132.59
ORD-2024-18634,P0892,WH_KOLKATA_E,48,3021.6000000000004,1244.28,206.54,0.0,4472.42,93.18
ORD-2024-18635,P0135,WH_DELHI_N,2,1219.7,824.52,8.61,0.0,2052.83,1026.42
ORD-2024-18636,P0191,WH_DELHI_N,47,4309.900000000001,888.58,202.24,0.0,5400.72,114.91
ORD-2024-18637,P0139,WH_KOLKATA_E,22,13160.400000000001,1421.19,94.67,0.0,14676.26,667.1
ORD-2024-18638,P0716,WH_KOLKATA_E,30,11135.1,1468.8,129.09,0.0,12732.99,424.43
ORD-2024-18639,P0796,WH_KOLKATA_E,11,6242.83,872.28,47.33,0.0,7162.44,651.13
ORD-2024-18640,P0079,WH_MUMBAI_W,29,1359.23,541.48,124.79,0.0,2025.5,69.84
ORD-2024-18641,P0088,WH_MUMBAI_W,42,8562.54,1227.44,180.72,0.0,9970.7,237.4
ORD-2024-18642,P0544,WH_MUMBAI_W,3,1368.75,407.24,12.91,0.0,1788.9,596.3
ORD-2024-18643,P0300,WH_MUMBAI_W,45,18174.6,793.92,193.63,0.0,19162.15,425.83
ORD-2024-18644,P0892,WH_NAGPUR_C,13,818.35,127.26,55.94,0.0,1001.55,77.04
ORD-2024-18645,P0160,WH_BLR_S,3,2397.93,1391.42,12.91,0.0,3802.26,1267.42
ORD-2024-18646,P0981,WH_NAGPUR_C,10,633.2,143.48,43.03,0.0,819.71,81.97
ORD-2024-18647,P0261,WH_KOLKATA_E,4,1760.36,950.98,17.21,0.0,2728.55,682.14
ORD-2024-18648,P0228,WH_NAGPUR_C,14,3570.98,1539.65,60.24,0.0,5170.87,369.35
ORD-2024-18649,P0592,WH_MUMBAI_W,23,14576.48,602.16,98.97,0.0,15277.61,664.24
ORD-2024-18650,P0584,WH_BLR_S,17,8161.02,1313.26,73.15,0.0,9547.43,561.61
ORD-2024-18651,P0083,WH_DELHI_N,1,543.88,303.01,4.3,0.0,851.19,851.19
ORD-2024-18652,P0103,WH_DELHI_N,15,1947.3,209.33,64.54,0.0,2221.17,148.08
ORD-2024-18653,P0893,WH_MUMBAI_W,2,1139.32,412.8,8.61,0.0,1560.73,780.36
ORD-2024-18654,P0927,WH_MUMBAI_W,18,1690.02,1404.79,77.45,0.0,3172.26,176.24
ORD-2024-18655,P0595,WH_DELHI_N,39,9274.2,1068.64,167.82,0.0,10510.66,269.5
ORD-2024-18656,P0992,WH_NAGPUR_C,22,11257.619999999999,1404.5,94.67,0.0,12756.79,579.85
ORD-2024-18657,P0517,WH_BLR_S,28,8343.720000000001,461.73,120.48,0.0,8925.93,318.78
ORD-2024-18658,P0337,WH_MUMBAI_W,30,9963.9,336.7,129.09,0.0,10429.69,347.66
ORD-2024-18659,P0228,WH_MUMBAI_W,13,3315.91,955.22,55.94,0.0,4327.07,332.85
ORD-2024-18660,P0620,WH_MUMBAI_W,3,355.86,125.94,12.91,0.0,494.71,164.9
ORD-2024-18661,P0357,WH_NAGPUR_C,3,1456.77,847.51,12.91,0.0,2317.19,772.4
ORD-2024-18662,P0492,WH_NAGPUR_C,45,31126.500000000004,1575.27,193.63,0.0,32895.4,731.01
ORD-2024-18663,P0709,WH_DELHI_N,26,12563.98,1100.16,111.88,0.0,13776.02,529.85
ORD-2024-18664,P0909,WH_KOLKATA_E,4,1323.12,888.84,17.21,0.0,2229.17,557.29
ORD-2024-18665,P0540,WH_KOLKATA_E,16,6336.8,481.3,68.85,0.0,6886.95,430.43
ORD-2024-18666,P0091,WH_KOLKATA_E,28,18662.559999999998,871.86,120.48,0.0,19654.9,701.96
ORD-2024-18667,P0267,WH_KOLKATA_E,8,1714.0,927.61,34.42,0.0,2676.03,334.5
ORD-2024-18668,P0714,WH_DELHI_N,40,2899.6,966.39,172.12,0.0,4038.11,100.95
ORD-2024-18669,P0371,WH_NAGPUR_C,16,2742.24,991.39,68.85,0.0,3802.48,237.66
ORD-2024-18670,P0633,WH_MUMBAI_W,31,15120.869999999999,1494.31,133.39,0.0,16748.57,540.28
ORD-2024-18671,P0125,WH_NAGPUR_C,23,4428.19,348.84,98.97,0.0,4876.0,212.0
ORD-2024-18672,P0876,WH_BLR_S,2,883.66,826.53,8.61,0.0,1718.8,859.4
ORD-2024-18673,P0866,WH_MUMBAI_W,9,5034.06,345.54,38.73,0.0,5418.33,602.04
ORD-2024-18674,P0637,WH_BLR_S,27,9984.87,791.33,116.18,0.0,10892.38,403.42
ORD-2024-18675,P0357,WH_KOLKATA_E,45,21851.55,184.14,193.63,0.0,22229.32,493.98
ORD-2024-18676,P0925,WH_BLR_S,22,5285.280000000001,587.11,94.67,0.0,5967.06,271.23
ORD-2024-18677,P0521,WH_NAGPUR_C,44,25512.52,645.54,189.33,0.0,26347.39,598.8
ORD-2024-18678,P0553,WH_KOLKATA_E,34,9109.28,1199.25,146.3,0.0,10454.83,307.5
ORD-2024-18679,P0357,WH_KOLKATA_E,9,4370.3099999999995,1440.19,38.73,0.0,5849.23,649.91
ORD-2024-18680,P0834,WH_KOLKATA_E,33,21086.010000000002,817.08,142.0,0.0,22045.09,668.03
ORD-2024-18681,P0430,WH_BLR_S,38,21116.980000000003,1250.94,163.51,0.0,22531.43,592.93
ORD-2024-18682,P0195,WH_NAGPUR_C,34,19613.24,733.5,146.3,0.0,20493.04,602.74
ORD-2024-18683,P0391,WH_BLR_S,35,27680.100000000002,575.18,150.6,0.0,28405.88,811.6
ORD-2024-18684,P0790,WH_NAGPUR_C,47,20325.62,411.97,202.24,0.0,20939.83,445.53
ORD-2024-18685,P0084,WH_NAGPUR_C,26,21298.68,736.83,111.88,0.0,22147.39,851.82
ORD-2024-18686,P0230,WH_BLR_S,7,2454.34,1334.9,30.12,0.0,3819.36,545.62
ORD-2024-18687,P0554,WH_KOLKATA_E,45,32916.15,1012.66,193.63,0.0,34122.44,758.28
ORD-2024-18688,P0332,WH_BLR_S,48,30542.399999999998,448.12,206.54,0.0,31197.06,649.94
ORD-2024-18689,P0545,WH_DELHI_N,45,13123.8,1156.36,193.63,0.0,14473.79,321.64
ORD-2024-18690,P0511,WH_BLR_S,27,16540.74,233.32,116.18,0.0,16890.24,625.56
ORD-2024-18691,P0642,WH_NAGPUR_C,12,5856.36,370.98,51.64,0.0,6278.98,523.25
ORD-2024-18692,P0530,WH_BLR_S,17,1059.27,363.23,73.15,0.0,1495.65,87.98
ORD-2024-18693,P0465,WH_NAGPUR_C,21,12453.21,1085.02,90.36,0.0,13628.59,648.98
ORD-2024-18694,P0674,WH_MUMBAI_W,43,10793.86,671.37,185.03,0.0,11650.26,270.94
ORD-2024-18695,P0154,WH_KOLKATA_E,22,8266.5,1350.11,94.67,0.0,9711.28,441.42
ORD-2024-18696,P0834,WH_MUMBAI_W,26,16613.22,173.25,111.88,0.0,16898.35,649.94
ORD-2024-18697,P0716,WH_NAGPUR_C,39,14475.630000000001,1555.15,167.82,0.0,16198.6,415.35
ORD-2024-18698,P0592,WH_DELHI_N,13,8238.88,235.92,55.94,0.0,8530.74,656.21
ORD-2024-18699,P0884,WH_NAGPUR_C,42,11942.279999999999,1615.82,180.72,0.0,13738.82,327.11
ORD-2024-18700,P0231,WH_KOLKATA_E,42,24990.84,249.65,180.72,0.0,25421.21,605.27
ORD-2024-18701,P0083,WH_NAGPUR_C,45,24474.6,95.6674,193.63,0.0,24763.9,550.31
ORD-2024-18702,P0790,WH_NAGPUR_C,23,9946.58,563.69,98.97,0.0,10609.24,461.27
ORD-2024-18703,P0319,WH_NAGPUR_C,30,1818.3,676.8,129.09,0.0,2624.19,87.47
ORD-2024-18704,P0693,WH_DELHI_N,17,6942.12,1207.16,73.15,0.0,8222.43,483.67
ORD-2024-18705,P0176,WH_KOLKATA_E,27,3052.89,1362.7,116.18,0.0,4531.77,167.84
ORD-2024-18706,P0589,WH_NAGPUR_C,20,5747.0,693.0,86.06,0.0,6526.06,326.3
ORD-2024-18707,P0011,WH_BLR_S,7,2985.92,478.05,30.12,0.0,3494.09,499.16
ORD-2024-18708,P0188,WH_BLR_S,4,3203.52,426.25,17.21,0.0,3646.98,911.74
ORD-2024-18709,P0956,WH_MUMBAI_W,49,34907.11,1366.18,210.85,0.0,36484.14,744.57
ORD-2024-18710,P0998,WH_BLR_S,31,2091.57,253.51,133.39,0.0,2478.47,79.95
ORD-2024-18711,P0286,WH_KOLKATA_E,30,3076.2000000000003,664.88,129.09,0.0,3870.17,129.01
ORD-2024-18712,P0119,WH_BLR_S,31,7136.2,517.54,133.39,0.0,7787.13,251.2
ORD-2024-18713,P0279,WH_KOLKATA_E,4,2770.88,602.94,17.21,0.0,3391.03,847.76
ORD-2024-18714,P0470,WH_DELHI_N,18,12879.0,496.7,77.45,0.0,13453.15,747.4
ORD-2024-18715,P0857,WH_NAGPUR_C,20,10348.0,1371.21,86.06,0.0,11805.27,590.26
ORD-2024-18716,P0821,WH_DELHI_N,40,19812.0,499.7,172.12,0.0,20483.82,512.1
ORD-2024-18717,P0335,WH_DELHI_N,40,33686.799999999996,1476.12,172.12,0.0,35335.04,883.38
ORD-2024-18718,P0356,WH_BLR_S,48,39343.68,1182.48,206.54,0.0,40732.7,848.6
ORD-2024-18719,P0364,WH_BLR_S,47,39307.04,684.13,202.24,0.0,40193.41,855.18
ORD-2024-18720,P0150,WH_DELHI_N,23,5164.19,310.13,98.97,0.0,5573.29,242.32
ORD-2024-18721,P0837,WH_NAGPUR_C,38,24708.36,299.79,163.51,0.0,25171.66,662.41
ORD-2024-18722,P0161,WH_KOLKATA_E,9,2578.14,909.06,38.73,0.0,3525.93,391.77
ORD-2024-18723,P0801,WH_KOLKATA_E,16,9438.4,1326.23,68.85,0.0,10833.48,677.09
ORD-2024-18724,P0866,WH_DELHI_N,21,11746.140000000001,623.28,90.36,0.0,12459.78,593.32
ORD-2024-18725,P0202,WH_MUMBAI_W,9,2595.87,750.95,38.73,0.0,3385.55,376.17
ORD-2024-18726,P0218,WH_DELHI_N,25,20533.5,1586.91,107.57,0.0,22227.98,889.12
ORD-2024-18727,P0560,WH_BLR_S,49,1777.72,774.16,210.85,0.0,2762.73,56.38
ORD-2024-18728,P0553,WH_KOLKATA_E,36,9645.12,319.7,154.91,0.0,10119.73,281.1
ORD-2024-18729,P0821,WH_NAGPUR_C,47,23279.100000000002,494.07,202.24,0.0,23975.41,510.12
ORD-2024-18730,P0666,WH_KOLKATA_E,43,26908.539999999997,1288.72,185.03,0.0,28382.29,660.05
ORD-2024-18731,P0962,WH_KOLKATA_E,14,1702.12,837.6,60.24,0.0,2599.96,185.71
ORD-2024-18732,P0143,WH_MUMBAI_W,17,10761.849999999999,1282.21,73.15,0.0,12117.21,712.78
ORD-2024-18733,P0079,WH_MUMBAI_W,28,1312.36,1085.5,120.48,0.0,2518.34,89.94
ORD-2024-18734,P0836,WH_KOLKATA_E,45,17160.75,462.52,193.63,0.0,17816.9,395.93
ORD-2024-18735,P0319,WH_BLR_S,41,2485.0099999999998,447.62,176.42,0.0,3109.05,75.83
ORD-2024-18736,P0567,WH_NAGPUR_C,48,17729.28,247.84,206.54,0.0,18183.66,378.83
ORD-2024-18737,P0041,WH_BLR_S,8,1960.72,254.73,34.42,0.0,2249.87,281.23
ORD-2024-18738,P0824,WH_DELHI_N,14,11552.519999999999,1053.6,60.24,0.0,12666.36,904.74
ORD-2024-18739,P0097,WH_BLR_S,15,3460.0499999999997,1306.11,64.54,0.0,4830.7,322.05
ORD-2024-18740,P0109,WH_MUMBAI_W,39,17715.75,1166.49,167.82,0.0,19050.06,488.46
ORD-2024-18741,P0041,WH_DELHI_N,25,6127.25,1436.59,107.57,0.0,7671.41,306.86
ORD-2024-18742,P0466,WH_KOLKATA_E,11,2440.2400000000002,1482.75,47.33,0.0,3970.32,360.94
ORD-2024-18743,P0143,WH_DELHI_N,29,18358.449999999997,1503.8,124.79,0.0,19987.04,689.21
ORD-2024-18744,P0021,WH_NAGPUR_C,3,741.8100000000001,1235.63,12.91,0.0,1990.35,663.45
ORD-2024-18745,P0651,WH_BLR_S,39,9152.91,898.26,167.82,0.0,10218.99,262.03
ORD-2024-18746,P0458,WH_BLR_S,22,17947.6,627.54,94.67,0.0,18669.81,848.63
ORD-2024-18747,P0918,WH_MUMBAI_W,37,16066.51,243.48,159.21,0.0,16469.2,445.11
ORD-2024-18748,P0231,WH_NAGPUR_C,41,24395.82,1587.43,176.42,0.0,26159.67,638.04
ORD-2024-18749,P0230,WH_DELHI_N,20,7012.4,567.88,86.06,0.0,7666.34,383.32
ORD-2024-18750,P0345,WH_NAGPUR_C,19,13368.210000000001,343.98,81.76,0.0,13793.95,726.0
ORD-2024-18751,P0925,WH_BLR_S,13,3123.12,221.4,55.94,0.0,3400.46,261.57
ORD-2024-18752,P0347,WH_DELHI_N,27,22379.76,458.34,116.18,0.0,22954.28,850.16
ORD-2024-18753,P0125,WH_DELHI_N,19,3658.07,1305.88,81.76,0.0,5045.71,265.56
ORD-2024-18754,P0975,WH_KOLKATA_E,16,671.68,1597.87,68.85,0.0,2338.4,146.15
ORD-2024-18755,P0261,WH_BLR_S,2,880.18,564.72,8.61,0.0,1453.51,726.76
ORD-2024-18756,P0300,WH_BLR_S,1,403.88,1436.81,4.3,0.0,1844.99,1844.99
ORD-2024-18757,P0231,WH_DELHI_N,3,1785.06,955.79,12.91,0.0,2753.76,917.92
ORD-2024-18758,P0852,WH_DELHI_N,24,15871.199999999999,522.27,103.27,0.0,16496.74,687.36
ORD-2024-18759,P0893,WH_MUMBAI_W,44,25065.039999999997,674.1,189.33,0.0,25928.47,589.28
ORD-2024-18760,P0981,WH_BLR_S,38,2406.16,621.72,163.51,0.0,3191.39,83.98
ORD-2024-18761,P0135,WH_NAGPUR_C,2,1219.7,341.89,8.61,0.0,1570.2,785.1
ORD-2024-18762,P0286,WH_KOLKATA_E,16,1640.64,1023.63,68.85,0.0,2733.12,170.82
ORD-2024-18763,P0994,WH_DELHI_N,29,9738.49,205.14,124.79,0.0,10068.42,347.19
ORD-2024-18764,P0962,WH_KOLKATA_E,37,4498.46,1491.61,159.21,0.0,6149.28,166.2
ORD-2024-18765,P0027,WH_DELHI_N,44,22803.879999999997,1281.23,189.33,0.0,24274.44,551.69
ORD-2024-18766,P0125,WH_BLR_S,4,770.12,695.09,17.21,0.0,1482.42,370.6
ORD-2024-18767,P0286,WH_NAGPUR_C,14,1435.5600000000002,928.97,60.24,0.0,2424.77,173.2
ORD-2024-18768,P0634,WH_BLR_S,17,12496.7,638.5,73.15,0.0,13208.35,776.96
ORD-2024-18769,P0620,WH_BLR_S,44,5219.280000000001,1579.28,189.33,0.0,6987.89,158.82
ORD-2024-18770,P0553,WH_DELHI_N,45,12056.400000000001,855.19,193.63,0.0,13105.22,291.23
ORD-2024-18771,P0719,WH_DELHI_N,17,3982.93,1558.81,73.15,0.0,5614.89,330.29
ORD-2024-18772,P0056,WH_BLR_S,20,13620.599999999999,1276.21,86.06,0.0,14982.87,749.14
ORD-2024-18773,P0011,WH_NAGPUR_C,47,20048.32,1249.17,202.24,0.0,21499.73,457.44
ORD-2024-18774,P0693,WH_KOLKATA_E,29,11842.44,1125.2,124.79,0.0,13092.43,451.46
ORD-2024-18775,P0038,WH_MUMBAI_W,41,16264.699999999999,1255.1,176.42,0.0,17696.22,431.62
ORD-2024-18776,P0709,WH_DELHI_N,26,12563.98,810.02,111.88,0.0,13485.88,518.69
ORD-2024-18777,P0641,WH_MUMBAI_W,42,22239.0,262.63,180.72,0.0,22682.35,540.06
ORD-2024-18778,P0544,WH_NAGPUR_C,38,17337.5,842.51,163.51,0.0,18343.52,482.72
ORD-2024-18779,P0598,WH_MUMBAI_W,17,3695.97,1353.62,73.15,0.0,5122.74,301.34
ORD-2024-18780,P0470,WH_MUMBAI_W,12,8586.0,403.81,51.64,0.0,9041.45,753.45
ORD-2024-18781,P0583,WH_MUMBAI_W,28,11455.36,768.44,120.48,0.0,12344.28,440.87
ORD-2024-18782,P0915,WH_NAGPUR_C,9,6172.0199999999995,545.47,38.73,0.0,6756.22,750.69
ORD-2024-18783,P0342,WH_BLR_S,32,4520.32,821.57,137.69,0.0,5479.58,171.24
ORD-2024-18784,P0080,WH_BLR_S,34,9947.72,428.52,146.3,0.0,10522.54,309.49
ORD-2024-18785,P0195,WH_DELHI_N,16,9229.76,1262.64,68.85,0.0,10561.25,660.08
ORD-2024-18786,P0022,WH_DELHI_N,48,27799.199999999997,1091.49,206.54,0.0,29097.23,606.19
ORD-2024-18787,P0709,WH_KOLKATA_E,31,14980.130000000001,828.4,133.39,0.0,15941.92,514.26
ORD-2024-18788,P0663,WH_DELHI_N,27,22113.54,484.92,116.18,0.0,22714.64,841.28
ORD-2024-18789,P0430,WH_MUMBAI_W,29,16115.59,649.14,124.79,0.0,16889.52,582.4
ORD-2024-18790,P0261,WH_BLR_S,1,440.09,308.55,4.3,0.0,752.94,752.94
ORD-2024-18791,P0913,WH_BLR_S,27,17538.93,1550.81,116.18,0.0,19205.92,711.33
ORD-2024-18792,P0150,WH_NAGPUR_C,32,7184.96,465.64,137.69,0.0,7788.29,243.38
ORD-2024-18793,P0840,WH_DELHI_N,11,3599.75,823.19,47.33,0.0,4470.27,406.39
ORD-2024-18794,P0857,WH_KOLKATA_E,35,18109.0,770.92,150.6,0.0,19030.52,543.73
ORD-2024-18795,P0927,WH_KOLKATA_E,2,187.78,1035.96,8.61,0.0,1232.35,616.17
ORD-2024-18796,P0131,WH_NAGPUR_C,46,3560.4,1251.55,197.94,0.0,5009.89,108.91
ORD-2024-18797,P0560,WH_KOLKATA_E,1,36.28,613.79,4.3,0.0,654.37,654.37
ORD-2024-18798,P0598,WH_NAGPUR_C,6,1304.46,927.07,25.82,0.0,2257.35,376.22
ORD-2024-18799,P0791,WH_MUMBAI_W,7,2383.71,1431.76,30.12,0.0,3845.59,549.37
ORD-2024-18800,P0465,WH_BLR_S,2,1186.02,423.73,8.61,0.0,1618.36,809.18
ORD-2024-18801,P0911,WH_KOLKATA_E,2,58.36,695.62,8.61,0.0,762.59,381.3
ORD-2024-18802,P0719,WH_KOLKATA_E,47,11011.63,358.92,202.24,0.0,11572.79,246.23
ORD-2024-18803,P0569,WH_MUMBAI_W,5,3105.1,152.63,21.51,0.0,3279.24,655.85
ORD-2024-18804,P0545,WH_BLR_S,13,3791.3199999999997,409.62,55.94,0.0,4256.88,327.45
ORD-2024-18805,P0357,WH_BLR_S,19,9226.21,381.05,81.76,0.0,9689.02,509.95
ORD-2024-18806,P0748,WH_MUMBAI_W,19,3423.7999999999997,914.52,81.76,0.0,4420.08,232.64
ORD-2024-18807,P0316,WH_NAGPUR_C,47,32995.409999999996,1185.73,202.24,0.0,34383.38,731.56
ORD-2024-18808,P0674,WH_KOLKATA_E,1,251.02,1630.84,4.3,0.0,1886.16,1886.16
ORD-2024-18809,P0560,WH_BLR_S,35,1269.8,1504.55,150.6,0.0,2924.95,83.57
ORD-2024-18810,P0673,WH_DELHI_N,18,8948.52,1419.87,77.45,0.0,10445.84,580.32
ORD-2024-18811,P0294,WH_NAGPUR_C,49,1857.1,838.56,210.85,0.0,2906.51,59.32
ORD-2024-18812,P0554,WH_NAGPUR_C,32,23407.04,664.95,137.69,0.0,24209.68,756.55
ORD-2024-18813,P0160,WH_BLR_S,32,25577.92,731.63,137.69,0.0,26447.24,826.48
ORD-2024-18814,P0030,WH_MUMBAI_W,8,3105.04,1496.93,34.42,0.0,4636.39,579.55
ORD-2024-18815,P0693,WH_MUMBAI_W,11,4491.96,1021.93,47.33,0.0,5561.22,505.57
ORD-2024-18816,P0904,WH_NAGPUR_C,20,4430.8,1215.42,86.06,0.0,5732.28,286.61
ORD-2024-18817,P0353,WH_KOLKATA_E,8,6474.72,238.33,34.42,0.0,6747.47,843.43
ORD-2024-18818,P0904,WH_BLR_S,28,6203.12,1475.97,120.48,0.0,7799.57,278.56
ORD-2024-18819,P0332,WH_BLR_S,21,13362.3,824.09,90.36,0.0,14276.75,679.85
ORD-2024-18820,P0300,WH_MUMBAI_W,38,15347.44,1025.19,163.51,0.0,16536.14,435.16
ORD-2024-18821,P0712,WH_BLR_S,38,9720.4,1340.04,163.51,0.0,11223.95,295.37
ORD-2024-18822,P0567,WH_MUMBAI_W,6,2216.16,293.01,25.82,0.0,2534.99,422.5
ORD-2024-18823,P0651,WH_NAGPUR_C,2,469.38,147.15,8.61,0.0,625.14,312.57
ORD-2024-18824,P0700,WH_DELHI_N,10,8216.5,1539.13,43.03,0.0,9798.66,979.87
ORD-2024-18825,P0892,WH_KOLKATA_E,42,2643.9,503.35,180.72,0.0,3327.97,79.24
ORD-2024-18826,P0783,WH_BLR_S,9,4935.06,251.01,38.73,0.0,5224.8,580.53
ORD-2024-18827,P0952,WH_KOLKATA_E,3,1494.27,1501.56,12.91,0.0,3008.74,1002.91
ORD-2024-18828,P0620,WH_DELHI_N,2,237.24,647.18,8.61,0.0,893.03,446.52
ORD-2024-18829,P0345,WH_BLR_S,36,25329.24,1284.87,154.91,0.0,26769.02,743.58
ORD-2024-18830,P0962,WH_DELHI_N,8,972.64,1543.79,34.42,0.0,2550.85,318.86
ORD-2024-18831,P0834,WH_BLR_S,9,5750.7300000000005,412.17,38.73,0.0,6201.63,689.07
ORD-2024-18832,P0673,WH_MUMBAI_W,26,12925.64,163.96,111.88,0.0,13201.48,507.75
ORD-2024-18833,P0994,WH_BLR_S,34,11417.54,224.61,146.3,0.0,11788.45,346.72
ORD-2024-18834,P0581,WH_NAGPUR_C,48,1856.6399999999999,559.17,206.54,0.0,2622.35,54.63
ORD-2024-18835,P0286,WH_MUMBAI_W,30,3076.2000000000003,502.0,129.09,0.0,3707.29,123.58
ORD-2024-18836,P0280,WH_NAGPUR_C,38,20624.12,1546.51,163.51,0.0,22334.14,587.74
ORD-2024-18837,P0637,WH_MUMBAI_W,8,2958.48,1423.56,34.42,0.0,4416.46,552.06
ORD-2024-18838,P0992,WH_BLR_S,3,1535.1299999999999,764.01,12.91,0.0,2312.05,770.68
ORD-2024-18839,P0005,WH_KOLKATA_E,11,3903.79,609.06,47.33,0.0,4560.18,414.56
ORD-2024-18840,P0135,WH_MUMBAI_W,25,15246.25,681.12,107.57,0.0,16034.94,641.4
ORD-2024-18841,P0592,WH_KOLKATA_E,5,3168.8,1394.71,21.51,0.0,4585.02,917.0
ORD-2024-18842,P0633,WH_DELHI_N,12,5853.24,355.81,51.64,0.0,6260.69,521.72
ORD-2024-18843,P0231,WH_DELHI_N,30,17850.6,291.09,129.09,0.0,18270.78,609.03
ORD-2024-18844,P0027,WH_BLR_S,27,13993.289999999999,483.35,116.18,0.0,14592.82,540.47
ORD-2024-18845,P0992,WH_KOLKATA_E,43,22003.53,1009.78,185.03,0.0,23198.34,539.5
ORD-2024-18846,P0907,WH_NAGPUR_C,5,770.3,1251.36,21.51,0.0,2043.17,408.63
ORD-2024-18847,P0709,WH_DELHI_N,20,9664.6,1608.94,86.06,0.0,11359.6,567.98
ORD-2024-18848,P0569,WH_NAGPUR_C,21,13041.42,157.44,90.36,0.0,13289.22,632.82
ORD-2024-18849,P0913,WH_KOLKATA_E,3,1948.77,549.48,12.91,0.0,2511.16,837.05
ORD-2024-18850,P0540,WH_NAGPUR_C,41,16238.050000000001,527.27,176.42,0.0,16941.74,413.21
ORD-2024-18851,P0005,WH_MUMBAI_W,44,15615.16,198.55,189.33,0.0,16003.04,363.71
ORD-2024-18852,P0666,WH_KOLKATA_E,4,2503.12,1376.24,17.21,0.0,3896.57,974.14
ORD-2024-18853,P0634,WH_DELHI_N,24,17642.4,743.07,103.27,0.0,18488.74,770.36
ORD-2024-18854,P0517,WH_MUMBAI_W,7,2085.9300000000003,1042.13,30.12,0.0,3158.18,451.17
ORD-2024-18855,P0230,WH_MUMBAI_W,24,8414.880000000001,804.48,103.27,0.0,9322.63,388.44
ORD-2024-18856,P0840,WH_BLR_S,11,3599.75,769.65,47.33,0.0,4416.73,401.52
ORD-2024-18857,P0030,WH_NAGPUR_C,2,776.26,405.51,8.61,0.0,1190.38,595.19
ORD-2024-18858,P0821,WH_MUMBAI_W,44,21793.2,1397.51,189.33,0.0,23380.04,531.36
ORD-2024-18859,P0143,WH_BLR_S,41,25955.05,300.77,176.42,0.0,26432.24,644.69
ORD-2024-18860,P0083,WH_DELHI_N,6,3263.2799999999997,964.31,25.82,0.0,4253.41,708.9
ORD-2024-18861,P0852,WH_MUMBAI_W,7,4629.099999999999,1611.51,30.12,0.0,6270.73,895.82
ORD-2024-18862,P0796,WH_DELHI_N,38,21566.14,465.33,163.51,0.0,22194.98,584.08
ORD-2024-18863,P0914,WH_KOLKATA_E,18,6974.099999999999,861.06,77.45,0.0,7912.61,439.59
ORD-2024-18864,P0195,WH_NAGPUR_C,45,25958.7,1262.02,193.63,0.0,27414.35,609.21
ORD-2024-18865,P0759,WH_MUMBAI_W,9,4957.92,505.23,38.73,0.0,5501.88,611.32
ORD-2024-18866,P0716,WH_BLR_S,28,10392.76,490.63,120.48,0.0,11003.87,393.0
ORD-2024-18867,P0884,WH_NAGPUR_C,19,5402.459999999999,411.23,81.76,0.0,5895.45,310.29
ORD-2024-18868,P0276,WH_NAGPUR_C,4,2636.24,192.88,17.21,0.0,2846.33,711.58
ORD-2024-18869,P0228,WH_KOLKATA_E,4,1020.28,484.05,17.21,0.0,1521.54,380.38
ORD-2024-18870,P0521,WH_DELHI_N,13,7537.790000000001,1084.57,55.94,0.0,8678.3,667.56
ORD-2024-18871,P0356,WH_NAGPUR_C,28,22950.48,238.76,120.48,0.0,23309.72,832.49
ORD-2024-18872,P0230,WH_NAGPUR_C,11,3856.82,1321.79,47.33,0.0,5225.94,475.09
ORD-2024-18873,P0796,WH_NAGPUR_C,2,1135.06,829.71,8.61,0.0,1973.38,986.69
ORD-2024-18874,P0286,WH_NAGPUR_C,6,615.24,1023.03,25.82,0.0,1664.09,277.35
ORD-2024-18875,P0470,WH_KOLKATA_E,12,8586.0,604.4,51.64,0.0,9242.04,770.17
ORD-2024-18876,P0176,WH_DELHI_N,40,4522.799999999999,1232.55,172.12,0.0,5927.47,148.19
ORD-2024-18877,P0834,WH_BLR_S,37,23641.89,1278.77,159.21,0.0,25079.87,677.83
ORD-2024-18878,P0598,WH_BLR_S,24,5217.84,133.74,103.27,0.0,5454.85,227.29
ORD-2024-18879,P0247,WH_BLR_S,9,343.53000000000003,1521.37,38.73,0.0,1903.63,211.51
ORD-2024-18880,P0592,WH_NAGPUR_C,26,16477.76,1012.14,111.88,0.0,17601.78,676.99
ORD-2024-18881,P0205,WH_NAGPUR_C,4,2218.72,1088.99,17.21,0.0,3324.92,831.23
ORD-2024-18882,P0553,WH_DELHI_N,41,10984.720000000001,827.96,176.42,0.0,11989.1,292.42
ORD-2024-18883,P0673,WH_NAGPUR_C,44,21874.16,351.12,189.33,0.0,22414.61,509.42
ORD-2024-18884,P0852,WH_BLR_S,4,2645.2,703.96,17.21,0.0,3366.37,841.59
ORD-2024-18885,P0347,WH_DELHI_N,49,40615.12,485.67,210.85,0.0,41311.64,843.09
ORD-2024-18886,P0545,WH_BLR_S,34,9915.76,799.93,146.3,0.0,10861.99,319.47
ORD-2024-18887,P0627,WH_DELHI_N,22,18572.4,1449.97,94.67,0.0,20117.04,914.41
ORD-2024-18888,P0554,WH_DELHI_N,13,9509.11,787.47,55.94,0.0,10352.52,796.35
ORD-2024-18889,P0674,WH_BLR_S,15,3765.3,445.06,64.54,0.0,4274.9,284.99
ORD-2024-18890,P0363,WH_DELHI_N,40,27521.199999999997,878.22,172.12,0.0,28571.54,714.29
ORD-2024-18891,P0971,WH_DELHI_N,38,21506.86,516.6,163.51,0.0,22186.97,583.87
ORD-2024-18892,P0363,WH_BLR_S,41,28209.23,1521.07,176.42,0.0,29906.72,729.43
ORD-2024-18893,P0719,WH_MUMBAI_W,43,10074.47,789.56,185.03,0.0,11049.06,256.95
ORD-2024-18894,P0254,WH_DELHI_N,44,2455.6400000000003,1340.11,189.33,0.0,3985.08,90.57
ORD-2024-18895,P0688,WH_NAGPUR_C,2,377.88,797.01,8.61,0.0,1183.5,591.75
ORD-2024-18896,P0666,WH_NAGPUR_C,2,1251.56,513.02,8.61,0.0,1773.19,886.6
ORD-2024-18897,P0634,WH_BLR_S,43,31609.3,1180.41,185.03,0.0,32974.74,766.85
ORD-2024-18898,P0620,WH_DELHI_N,8,948.96,179.07,34.42,0.0,1162.45,145.31
ORD-2024-18899,P0342,WH_BLR_S,38,5367.879999999999,1350.23,163.51,0.0,6881.62,181.1
ORD-2024-18900,P0205,WH_DELHI_N,18,9984.24,1453.22,77.45,0.0,11514.91,639.72
ORD-2024-18901,P0592,WH_DELHI_N,29,18379.04,942.08,124.79,0.0,19445.91,670.55
ORD-2024-18902,P0962,WH_NAGPUR_C,11,1337.3799999999999,437.28,47.33,0.0,1821.99,165.64
ORD-2024-18903,P0915,WH_DELHI_N,6,4114.68,366.51,25.82,0.0,4507.01,751.17
ORD-2024-18904,P0188,WH_MUMBAI_W,9,7207.92,1178.36,38.73,0.0,8425.01,936.11
ORD-2024-18905,P0115,WH_MUMBAI_W,22,16858.82,350.13,94.67,0.0,17303.62,786.53
ORD-2024-18906,P0319,WH_KOLKATA_E,46,2788.06,889.82,197.94,0.0,3875.82,84.26
ORD-2024-18907,P0712,WH_BLR_S,25,6395.0,1485.76,107.57,0.0,7988.33,319.53
ORD-2024-18908,P0714,WH_BLR_S,31,2247.19,1289.63,133.39,0.0,3670.21,118.39
ORD-2024-18909,P0345,WH_BLR_S,21,14775.390000000001,95.6674,90.36,0.0,14961.42,712.45
ORD-2024-18910,P0925,WH_BLR_S,38,9129.12,1062.61,163.51,0.0,10355.24,272.51
ORD-2024-18911,P0595,WH_BLR_S,19,4518.2,252.96,81.76,0.0,4852.92,255.42
ORD-2024-18912,P0116,WH_NAGPUR_C,10,1763.1,610.19,43.03,0.0,2416.32,241.63
ORD-2024-18913,P0925,WH_NAGPUR_C,46,11051.04,686.59,197.94,0.0,11935.57,259.47
ORD-2024-18914,P0666,WH_NAGPUR_C,37,23153.86,847.54,159.21,0.0,24160.61,652.99
ORD-2024-18915,P0357,WH_NAGPUR_C,12,5827.08,1018.32,51.64,0.0,6897.04,574.75
ORD-2024-18916,P0041,WH_BLR_S,19,4656.71,1632.72,81.76,0.0,6371.19,335.33
ORD-2024-18917,P0620,WH_NAGPUR_C,2,237.24,404.37,8.61,0.0,650.22,325.11
ORD-2024-18918,P0666,WH_KOLKATA_E,15,9386.699999999999,1064.24,64.54,0.0,10515.48,701.03
ORD-2024-18919,P0011,WH_DELHI_N,38,16209.28,284.93,163.51,0.0,16657.72,438.36
ORD-2024-18920,P0188,WH_MUMBAI_W,8,6407.04,516.04,34.42,0.0,6957.5,869.69
ORD-2024-18921,P0857,WH_NAGPUR_C,46,23800.399999999998,1253.65,197.94,0.0,25251.99,548.96
ORD-2024-18922,P0069,WH_NAGPUR_C,35,3523.1,282.62,150.6,0.0,3956.32,113.04
ORD-2024-18923,P0884,WH_DELHI_N,38,10804.919999999998,95.6674,163.51,0.0,11064.1,291.16
ORD-2024-18924,P0202,WH_DELHI_N,43,12402.49,716.85,185.03,0.0,13304.37,309.4
ORD-2024-18925,P0583,WH_DELHI_N,30,12273.6,852.39,129.09,0.0,13255.08,441.84
ORD-2024-18926,P0218,WH_NAGPUR_C,9,7392.06,837.26,38.73,0.0,8268.05,918.67
ORD-2024-18927,P0780,WH_KOLKATA_E,30,19165.2,1031.43,129.09,0.0,20325.72,677.52
ORD-2024-18928,P0429,WH_NAGPUR_C,49,35089.39,1219.06,210.85,0.0,36519.3,745.29
ORD-2024-18929,P0038,WH_DELHI_N,19,7537.3,1132.63,81.76,0.0,8751.69,460.62
ORD-2024-18930,P0915,WH_KOLKATA_E,29,19887.62,1250.53,124.79,0.0,21262.94,733.2
ORD-2024-18931,P0592,WH_BLR_S,2,1267.52,929.95,8.61,0.0,2206.08,1103.04
ORD-2024-18932,P0893,WH_KOLKATA_E,28,15950.48,849.95,120.48,0.0,16920.91,604.32
ORD-2024-18933,P0254,WH_MUMBAI_W,8,446.48,306.03,34.42,0.0,786.93,98.37
ORD-2024-18934,P0300,WH_KOLKATA_E,25,10097.0,1601.92,107.57,0.0,11806.49,472.26
ORD-2024-18935,P0634,WH_DELHI_N,10,7351.0,1214.11,43.03,0.0,8608.14,860.81
ORD-2024-18936,P0783,WH_NAGPUR_C,22,12063.480000000001,474.15,94.67,0.0,12632.3,574.2
ORD-2024-18937,P0337,WH_NAGPUR_C,35,11624.55,1100.3,150.6,0.0,12875.45,367.87
ORD-2024-18938,P0913,WH_KOLKATA_E,42,27282.780000000002,944.51,180.72,0.0,28408.01,676.38
ORD-2024-18939,P0866,WH_DELHI_N,24,13424.16,758.23,103.27,0.0,14285.66,595.24
ORD-2024-18940,P0143,WH_NAGPUR_C,26,16459.3,1057.46,111.88,0.0,17628.64,678.02
ORD-2024-18941,P0822,WH_KOLKATA_E,31,13194.53,461.87,133.39,0.0,13789.79,444.83
ORD-2024-18942,P0038,WH_NAGPUR_C,23,9124.1,1484.17,98.97,0.0,10707.24,465.53
ORD-2024-18943,P0218,WH_MUMBAI_W,2,1642.68,781.19,8.61,0.0,2432.48,1216.24
ORD-2024-18944,P0544,WH_MUMBAI_W,39,17793.75,876.3,167.82,0.0,18837.87,483.02
ORD-2024-18945,P0218,WH_MUMBAI_W,33,27104.22,393.61,142.0,0.0,27639.83,837.57
ORD-2024-18946,P0222,WH_DELHI_N,24,4536.96,1421.37,103.27,0.0,6061.6,252.57
ORD-2024-18947,P0956,WH_BLR_S,12,8548.68,1063.25,51.64,0.0,9663.57,805.3
ORD-2024-18948,P0364,WH_KOLKATA_E,37,30943.84,230.51,159.21,0.0,31333.56,846.85
ORD-2024-18949,P0345,WH_MUMBAI_W,9,6332.31,695.08,38.73,0.0,7066.12,785.12
ORD-2024-18950,P0904,WH_BLR_S,44,9747.76,535.67,189.33,0.0,10472.76,238.02
ORD-2024-18951,P0030,WH_KOLKATA_E,43,16689.59,773.68,185.03,0.0,17648.3,410.43
ORD-2024-18952,P0981,WH_DELHI_N,44,2786.08,757.98,189.33,0.0,3733.39,84.85
ORD-2024-18953,P0038,WH_MUMBAI_W,3,1190.1,1335.96,12.91,0.0,2538.97,846.32
ORD-2024-18954,P0790,WH_MUMBAI_W,44,19028.239999999998,854.75,189.33,0.0,20072.32,456.19
ORD-2024-18955,P0907,WH_KOLKATA_E,23,3543.38,792.33,98.97,0.0,4434.68,192.81
ORD-2024-18956,P0608,WH_KOLKATA_E,24,20046.96,362.43,103.27,0.0,20512.66,854.69
ORD-2024-18957,P0080,WH_NAGPUR_C,33,9655.14,1571.67,142.0,0.0,11368.81,344.51
ORD-2024-18958,P0150,WH_DELHI_N,30,6735.9,506.92,129.09,0.0,7371.91,245.73
ORD-2024-18959,P0335,WH_MUMBAI_W,38,32002.46,178.07,163.51,0.0,32344.04,851.16
ORD-2024-18960,P0083,WH_MUMBAI_W,43,23386.84,535.28,185.03,0.0,24107.15,560.63
ORD-2024-18961,P0337,WH_KOLKATA_E,2,664.26,416.03,8.61,0.0,1088.9,544.45
ORD-2024-18962,P0583,WH_DELHI_N,40,16364.8,700.21,172.12,0.0,17237.13,430.93
ORD-2024-18963,P0492,WH_NAGPUR_C,22,15217.400000000001,1457.35,94.67,0.0,16769.42,762.25
ORD-2024-18964,P0267,WH_NAGPUR_C,11,2356.75,573.59,47.33,0.0,2977.67,270.7
ORD-2024-18965,P0633,WH_BLR_S,12,5853.24,760.7,51.64,0.0,6665.58,555.46
ORD-2024-18966,P0364,WH_MUMBAI_W,19,15890.080000000002,1381.06,81.76,0.0,17352.9,913.31
ORD-2024-18967,P0125,WH_DELHI_N,20,3850.6,826.46,86.06,0.0,4763.12,238.16
ORD-2024-18968,P0300,WH_DELHI_N,9,3634.92,1191.02,38.73,0.0,4864.67,540.52
ORD-2024-18969,P0836,WH_NAGPUR_C,43,16398.05,928.05,185.03,0.0,17511.13,407.24
ORD-2024-18970,P0545,WH_NAGPUR_C,18,5249.5199999999995,719.15,77.45,0.0,6046.12,335.9
ORD-2024-18971,P0294,WH_DELHI_N,41,1553.8999999999999,835.08,176.42,0.0,2565.4,62.57
ORD-2024-18972,P0410,WH_DELHI_N,47,24125.569999999996,1589.7,202.24,0.0,25917.51,551.44
ORD-2024-18973,P0568,WH_DELHI_N,18,13616.28,245.82,77.45,0.0,13939.55,774.42
ORD-2024-18974,P0176,WH_DELHI_N,40,4522.799999999999,1430.82,172.12,0.0,6125.74,153.14
ORD-2024-18975,P0790,WH_BLR_S,36,15568.56,1016.45,154.91,0.0,16739.92,465.0
ORD-2024-18976,P0857,WH_BLR_S,27,13969.8,1569.39,116.18,0.0,15655.37,579.83
ORD-2024-18977,P0746,WH_MUMBAI_W,13,7660.51,418.76,55.94,0.0,8135.21,625.79
ORD-2024-18978,P0633,WH_DELHI_N,47,22925.19,739.34,202.24,0.0,23866.77,507.8
ORD-2024-18979,P0909,WH_NAGPUR_C,8,2646.24,302.8,34.42,0.0,2983.46,372.93
ORD-2024-18980,P0988,WH_NAGPUR_C,48,39263.04,269.76,206.54,0.0,39739.34,827.9
ORD-2024-18981,P0540,WH_MUMBAI_W,43,17030.15,780.07,185.03,0.0,17995.25,418.49
ORD-2024-18982,P0592,WH_NAGPUR_C,23,14576.48,151.93,98.97,0.0,14827.38,644.67
ORD-2024-18983,P0719,WH_DELHI_N,13,3045.77,1146.7,55.94,0.0,4248.41,326.8
ORD-2024-18984,P0404,WH_MUMBAI_W,7,4388.509999999999,1014.6,30.12,0.0,5433.23,776.18
ORD-2024-18985,P0222,WH_KOLKATA_E,40,7561.599999999999,1599.65,172.12,0.0,9333.37,233.33
ORD-2024-18986,P0822,WH_BLR_S,2,851.26,1520.48,8.61,0.0,2380.35,1190.18
ORD-2024-18987,P0353,WH_MUMBAI_W,3,2428.02,689.64,12.91,0.0,3130.57,1043.52
ORD-2024-18988,P0131,WH_BLR_S,42,3250.8,1529.18,180.72,0.0,4960.7,118.11
ORD-2024-18989,P0422,WH_DELHI_N,39,16723.2,227.8,167.82,0.0,17118.82,438.94
ORD-2024-18990,P0544,WH_BLR_S,23,10493.75,1305.02,98.97,0.0,11897.74,517.29
ORD-2024-18991,P0780,WH_MUMBAI_W,7,4471.88,980.64,30.12,0.0,5482.64,783.23
ORD-2024-18992,P0062,WH_DELHI_N,4,482.36,566.54,17.21,0.0,1066.11,266.53
ORD-2024-18993,P0998,WH_NAGPUR_C,8,539.76,1332.89,34.42,0.0,1907.07,238.38
ORD-2024-18994,P0914,WH_NAGPUR_C,32,12398.4,672.92,137.69,0.0,13209.01,412.78
ORD-2024-18995,P0070,WH_KOLKATA_E,19,10090.330000000002,973.0,81.76,0.0,11145.09,586.58
ORD-2024-18996,P0796,WH_BLR_S,12,6810.36,1136.1,51.64,0.0,7998.1,666.51
ORD-2024-18997,P0666,WH_NAGPUR_C,10,6257.799999999999,586.09,43.03,0.0,6886.92,688.69
ORD-2024-18998,P0105,WH_BLR_S,14,9530.08,428.01,60.24,0.0,10018.33,715.6
ORD-2024-18999,P0429,WH_BLR_S,27,19334.97,1126.29,116.18,0.0,20577.44,762.13
ORD-2024-19000,P0150,WH_MUMBAI_W,44,9879.32,394.12,189.33,0.0,10462.77,237.79
ORD-2024-19001,P0079,WH_BLR_S,21,984.27,434.28,90.36,0.0,1508.91,71.85
ORD-2024-19002,P0663,WH_MUMBAI_W,20,16380.4,376.15,86.06,0.0,16842.61,842.13
ORD-2024-19003,P0530,WH_BLR_S,4,249.24,1194.32,17.21,0.0,1460.77,365.19
ORD-2024-19004,P0152,WH_NAGPUR_C,19,4731.38,640.88,81.76,0.0,5454.02,287.05
ORD-2024-19005,P0759,WH_BLR_S,29,15975.52,1115.27,124.79,0.0,17215.58,593.64
ORD-2024-19006,P0893,WH_NAGPUR_C,7,3987.62,962.46,30.12,0.0,4980.2,711.46
ORD-2024-19007,P0568,WH_MUMBAI_W,33,24963.18,837.06,142.0,0.0,25942.24,786.13
ORD-2024-19008,P0801,WH_KOLKATA_E,8,4719.2,1519.56,34.42,0.0,6273.18,784.15
ORD-2024-19009,P0926,WH_MUMBAI_W,11,5973.11,925.67,47.33,0.0,6946.11,631.46
ORD-2024-19010,P0719,WH_NAGPUR_C,33,7731.57,607.11,142.0,0.0,8480.68,256.99
ORD-2024-19011,P0608,WH_MUMBAI_W,25,20882.25,1632.7206,107.57,0.0,22622.54,904.9
ORD-2024-19012,P0914,WH_NAGPUR_C,33,12785.85,495.7,142.0,0.0,13423.55,406.77
ORD-2024-19013,P0712,WH_NAGPUR_C,36,9208.800000000001,736.12,154.91,0.0,10099.83,280.55
ORD-2024-19014,P0801,WH_NAGPUR_C,26,15337.4,605.26,111.88,0.0,16054.54,617.48
ORD-2024-19015,P0267,WH_NAGPUR_C,36,7713.0,1262.45,154.91,0.0,9130.36,253.62
ORD-2024-19016,P0356,WH_NAGPUR_C,11,9016.26,825.3,47.33,0.0,9888.89,898.99
ORD-2024-19017,P0432,WH_DELHI_N,30,22914.3,700.74,129.09,0.0,23744.13,791.47
ORD-2024-19018,P0530,WH_KOLKATA_E,33,2056.23,1088.3,142.0,0.0,3286.53,99.59
ORD-2024-19019,P0620,WH_MUMBAI_W,10,1186.2,875.26,43.03,0.0,2104.49,210.45
ORD-2024-19020,P0027,WH_DELHI_N,29,15029.83,205.56,124.79,0.0,15360.18,529.66
ORD-2024-19021,P0926,WH_MUMBAI_W,25,13575.25,1128.44,107.57,0.0,14811.26,592.45
ORD-2024-19022,P0079,WH_NAGPUR_C,32,1499.84,358.05,137.69,0.0,1995.58,62.36
ORD-2024-19023,P0589,WH_MUMBAI_W,4,1149.4,1511.25,17.21,0.0,2677.86,669.46
ORD-2024-19024,P0583,WH_BLR_S,39,15955.68,1133.0,167.82,0.0,17256.5,442.47
ORD-2024-19025,P0567,WH_KOLKATA_E,34,12558.24,637.72,146.3,0.0,13342.26,392.42
ORD-2024-19026,P0125,WH_NAGPUR_C,22,4235.66,309.18,94.67,0.0,4639.51,210.89
ORD-2024-19027,P0852,WH_BLR_S,13,8596.9,539.22,55.94,0.0,9192.06,707.08
ORD-2024-19028,P0998,WH_KOLKATA_E,36,2428.92,1102.61,154.91,0.0,3686.44,102.4
ORD-2024-19029,P0673,WH_NAGPUR_C,6,2982.84,1372.38,25.82,0.0,4381.04,730.17
ORD-2024-19030,P0569,WH_KOLKATA_E,17,10557.34,1168.87,73.15,0.0,11799.36,694.08
ORD-2024-19031,P0596,WH_DELHI_N,26,6200.74,1288.5,111.88,0.0,7601.12,292.35
ORD-2024-19032,P0796,WH_NAGPUR_C,24,13620.72,358.47,103.27,0.0,14082.46,586.77
ORD-2024-19033,P0131,WH_BLR_S,9,696.6,471.58,38.73,0.0,1206.91,134.1
ORD-2024-19034,P0598,WH_BLR_S,2,434.82,1241.04,8.61,0.0,1684.47,842.24
ORD-2024-19035,P0205,WH_NAGPUR_C,20,11093.599999999999,619.82,86.06,0.0,11799.48,589.97
ORD-2024-19036,P0545,WH_DELHI_N,27,7874.28,1294.53,116.18,0.0,9284.99,343.89
ORD-2024-19037,P0568,WH_MUMBAI_W,6,4538.76,107.2,25.82,0.0,4671.78,778.63
ORD-2024-19038,P0857,WH_MUMBAI_W,27,13969.8,934.43,116.18,0.0,15020.41,556.31
ORD-2024-19039,P0176,WH_NAGPUR_C,24,2713.68,800.23,103.27,0.0,3617.18,150.72
ORD-2024-19040,P0076,WH_BLR_S,15,3468.8999999999996,1283.83,64.54,0.0,4817.27,321.15
ORD-2024-19041,P0364,WH_DELHI_N,48,40143.36,477.0,206.54,0.0,40826.9,850.56
ORD-2024-19042,P0135,WH_NAGPUR_C,33,20125.05,366.76,142.0,0.0,20633.81,625.27
ORD-2024-19043,P0641,WH_DELHI_N,42,22239.0,875.85,180.72,0.0,23295.57,554.66
ORD-2024-19044,P0994,WH_NAGPUR_C,10,3358.1,982.45,43.03,0.0,4383.58,438.36
ORD-2024-19045,P0583,WH_MUMBAI_W,21,8591.52,390.44,90.36,0.0,9072.32,432.02
ORD-2024-19046,P0994,WH_BLR_S,6,2014.8600000000001,1413.63,25.82,0.0,3454.31,575.72
ORD-2024-19047,P0347,WH_BLR_S,30,24866.4,1426.31,129.09,0.0,26421.8,880.73
ORD-2024-19048,P0857,WH_MUMBAI_W,23,11900.199999999999,252.97,98.97,0.0,12252.14,532.7
ORD-2024-19049,P0492,WH_NAGPUR_C,36,24901.2,1373.75,154.91,0.0,26429.86,734.16
ORD-2024-19050,P0693,WH_DELHI_N,46,18784.56,1449.82,197.94,0.0,20432.32,444.18
ORD-2024-19051,P0011,WH_DELHI_N,49,20901.44,489.66,210.85,0.0,21601.95,440.86
ORD-2024-19052,P0904,WH_MUMBAI_W,3,664.62,1525.0,12.91,0.0,2202.53,734.18
ORD-2024-19053,P0988,WH_KOLKATA_E,26,21267.48,903.1,111.88,0.0,22282.46,857.02
ORD-2024-19054,P0371,WH_KOLKATA_E,34,5827.259999999999,1300.86,146.3,0.0,7274.42,213.95
ORD-2024-19055,P0852,WH_DELHI_N,30,19839.0,933.6,129.09,0.0,20901.69,696.72
ORD-2024-19056,P0971,WH_BLR_S,18,10187.460000000001,555.47,77.45,0.0,10820.38,601.13
ORD-2024-19057,P0247,WH_MUMBAI_W,17,648.89,1262.73,73.15,0.0,1984.77,116.75
ORD-2024-19058,P0159,WH_NAGPUR_C,45,17849.7,1117.92,193.63,0.0,19161.25,425.81
ORD-2024-19059,P0641,WH_DELHI_N,42,22239.0,1174.5,180.72,0.0,23594.22,561.77
ORD-2024-19060,P0674,WH_KOLKATA_E,21,5271.42,1168.77,90.36,0.0,6530.55,310.98
ORD-2024-19061,P0297,WH_MUMBAI_W,24,10674.48,1195.82,103.27,0.0,11973.57,498.9
ORD-2024-19062,P0103,WH_NAGPUR_C,4,519.28,699.69,17.21,0.0,1236.18,309.04
ORD-2024-19063,P0404,WH_KOLKATA_E,49,30719.569999999996,619.61,210.85,0.0,31550.03,643.88
ORD-2024-19064,P0115,WH_KOLKATA_E,48,36782.88,1556.12,206.54,0.0,38545.54,803.03
ORD-2024-19065,P0627,WH_NAGPUR_C,25,21105.0,1258.72,107.57,0.0,22471.29,898.85
ORD-2024-19066,P0297,WH_NAGPUR_C,24,10674.48,1428.17,103.27,0.0,12205.92,508.58
ORD-2024-19067,P0150,WH_MUMBAI_W,46,10328.38,159.14,197.94,0.0,10685.46,232.29
ORD-2024-19068,P0866,WH_MUMBAI_W,27,15102.18,805.6,116.18,0.0,16023.96,593.48
ORD-2024-19069,P0103,WH_MUMBAI_W,31,4024.4199999999996,701.86,133.39,0.0,4859.67,156.76
ORD-2024-19070,P0918,WH_MUMBAI_W,47,20408.81,1385.89,202.24,0.0,21996.94,468.02
ORD-2024-19071,P0748,WH_KOLKATA_E,35,6307.0,614.71,150.6,0.0,7072.31,202.07
ORD-2024-19072,P0410,WH_DELHI_N,20,10266.199999999999,1518.8,86.06,0.0,11871.06,593.55
ORD-2024-19073,P0926,WH_NAGPUR_C,16,8688.16,1315.63,68.85,0.0,10072.64,629.54
ORD-2024-19074,P0432,WH_MUMBAI_W,31,23678.109999999997,1426.83,133.39,0.0,25238.33,814.14
ORD-2024-19075,P0840,WH_BLR_S,7,2290.75,270.01,30.12,0.0,2590.88,370.13
ORD-2024-19076,P0581,WH_KOLKATA_E,18,696.24,1497.18,77.45,0.0,2270.87,126.16
ORD-2024-19077,P0091,WH_DELHI_N,8,5332.16,719.56,34.42,0.0,6086.14,760.77
ORD-2024-19078,P0852,WH_MUMBAI_W,27,17855.1,221.69,116.18,0.0,18192.97,673.81
ORD-2024-19079,P0925,WH_KOLKATA_E,14,3363.36,1107.69,60.24,0.0,4531.29,323.66
ORD-2024-19080,P0465,WH_NAGPUR_C,18,10674.18,1451.26,77.45,0.0,12202.89,677.94
ORD-2024-19081,P0714,WH_BLR_S,1,72.49,1108.53,4.3,0.0,1185.32,1185.32
ORD-2024-19082,P0466,WH_MUMBAI_W,31,6877.04,1293.3,133.39,0.0,8303.73,267.86
ORD-2024-19083,P0491,WH_BLR_S,20,1142.8,1504.19,86.06,0.0,2733.05,136.65
ORD-2024-19084,P0892,WH_KOLKATA_E,6,377.70000000000005,1601.29,25.82,0.0,2004.81,334.14
ORD-2024-19085,P0319,WH_BLR_S,45,2727.45,1310.69,193.63,0.0,4231.77,94.04
ORD-2024-19086,P0708,WH_NAGPUR_C,1,208.63,1293.45,4.3,0.0,1506.38,1506.38
ORD-2024-19087,P0790,WH_BLR_S,19,8216.74,659.31,81.76,0.0,8957.81,471.46
ORD-2024-19088,P0230,WH_MUMBAI_W,39,13674.18,721.79,167.82,0.0,14563.79,373.43
ORD-2024-19089,P0975,WH_DELHI_N,27,1133.4599999999998,942.16,116.18,0.0,2191.8,81.18
ORD-2024-19090,P0011,WH_MUMBAI_W,16,6824.96,808.93,68.85,0.0,7702.74,481.42
ORD-2024-19091,P0091,WH_KOLKATA_E,14,9331.279999999999,1324.99,60.24,0.0,10716.51,765.46
ORD-2024-19092,P0748,WH_NAGPUR_C,34,6126.799999999999,1632.7206,146.3,0.0,7905.82,232.52
ORD-2024-19093,P0220,WH_KOLKATA_E,7,4190.97,334.76,30.12,0.0,4555.85,650.84
ORD-2024-19094,P0337,WH_DELHI_N,20,6642.6,1298.6,86.06,0.0,8027.26,401.36
ORD-2024-19095,P0247,WH_MUMBAI_W,31,1183.27,1086.45,133.39,0.0,2403.11,77.52
ORD-2024-19096,P0316,WH_KOLKATA_E,22,15444.66,1277.51,94.67,0.0,16816.84,764.4
ORD-2024-19097,P0465,WH_DELHI_N,20,11860.2,775.55,86.06,0.0,12721.81,636.09
ORD-2024-19098,P0581,WH_DELHI_N,15,580.2,1208.18,64.54,0.0,1852.92,123.53
ORD-2024-19099,P0103,WH_KOLKATA_E,25,3245.5,1089.3,107.57,0.0,4442.37,177.69
ORD-2024-19100,P0231,WH_MUMBAI_W,46,27370.92,1143.77,197.94,0.0,28712.63,624.19
ORD-2024-19101,P0286,WH_NAGPUR_C,1,102.54,1558.92,4.3,0.0,1665.76,1665.76
ORD-2024-19102,P0088,WH_KOLKATA_E,17,3465.79,95.6674,73.15,0.0,3634.61,213.8
ORD-2024-19103,P0103,WH_NAGPUR_C,16,2077.12,525.98,68.85,0.0,2671.95,167.0
ORD-2024-19104,P0994,WH_MUMBAI_W,37,12424.97,1034.8,159.21,0.0,13618.98,368.08
ORD-2024-19105,P0540,WH_KOLKATA_E,21,8317.050000000001,695.39,90.36,0.0,9102.8,433.47
ORD-2024-19106,P0666,WH_DELHI_N,27,16896.059999999998,695.17,116.18,0.0,17707.41,655.83
ORD-2024-19107,P0780,WH_NAGPUR_C,35,22359.4,868.7,150.6,0.0,23378.7,667.96
ORD-2024-19108,P0191,WH_MUMBAI_W,24,2200.8,1408.39,103.27,0.0,3712.46,154.69
ORD-2024-19109,P0965,WH_MUMBAI_W,2,493.3,191.4,8.61,0.0,693.31,346.66
ORD-2024-19110,P0837,WH_DELHI_N,46,29910.120000000003,795.26,197.94,0.0,30903.32,671.81
ORD-2024-19111,P0135,WH_NAGPUR_C,25,15246.25,1250.17,107.57,0.0,16603.99,664.16
ORD-2024-19112,P0161,WH_BLR_S,19,5442.74,731.26,81.76,0.0,6255.76,329.25
ORD-2024-19113,P0511,WH_KOLKATA_E,45,27567.9,285.97,193.63,0.0,28047.5,623.28
ORD-2024-19114,P0884,WH_KOLKATA_E,13,3696.4199999999996,1453.23,55.94,0.0,5205.59,400.43
ORD-2024-19115,P0005,WH_DELHI_N,29,10291.81,677.1,124.79,0.0,11093.7,382.54
ORD-2024-19116,P0589,WH_MUMBAI_W,32,9195.2,1517.13,137.69,0.0,10850.02,339.06
ORD-2024-19117,P0279,WH_BLR_S,6,4156.32,1477.59,25.82,0.0,5659.73,943.29
ORD-2024-19118,P0674,WH_KOLKATA_E,9,2259.1800000000003,306.47,38.73,0.0,2604.38,289.38
ORD-2024-19119,P0716,WH_KOLKATA_E,1,371.17,1053.34,4.3,0.0,1428.81,1428.81
ORD-2024-19120,P0150,WH_MUMBAI_W,24,5388.72,526.49,103.27,0.0,6018.48,250.77
ORD-2024-19121,P0598,WH_NAGPUR_C,10,2174.1,400.72,43.03,0.0,2617.85,261.78
ORD-2024-19122,P0866,WH_DELHI_N,35,19576.9,957.18,150.6,0.0,20684.68,590.99
ORD-2024-19123,P0918,WH_NAGPUR_C,6,2605.38,924.98,25.82,0.0,3556.18,592.7
ORD-2024-19124,P0404,WH_MUMBAI_W,48,30092.64,1496.27,206.54,0.0,31795.45,662.41
ORD-2024-19125,P0642,WH_NAGPUR_C,20,9760.599999999999,1181.11,86.06,0.0,11027.77,551.39
ORD-2024-19126,P0261,WH_BLR_S,38,16723.42,1160.45,163.51,0.0,18047.38,474.93
ORD-2024-19127,P0595,WH_KOLKATA_E,12,2853.6000000000004,1195.69,51.64,0.0,4100.93,341.74
ORD-2024-19128,P0062,WH_DELHI_N,3,361.77,286.64,12.91,0.0,661.32,220.44
ORD-2024-19129,P0465,WH_BLR_S,18,10674.18,619.89,77.45,0.0,11371.52,631.75
ORD-2024-19130,P0852,WH_NAGPUR_C,21,13887.3,1077.06,90.36,0.0,15054.72,716.89
ORD-2024-19131,P0316,WH_MUMBAI_W,35,24571.05,1348.49,150.6,0.0,26070.14,744.86
ORD-2024-19132,P0091,WH_NAGPUR_C,37,24661.239999999998,1231.85,159.21,0.0,26052.3,704.12
ORD-2024-19133,P0062,WH_NAGPUR_C,19,2291.21,1365.33,81.76,0.0,3738.3,196.75
ORD-2024-19134,P0918,WH_BLR_S,25,10855.75,1099.71,107.57,0.0,12063.03,482.52
ORD-2024-19135,P0143,WH_BLR_S,18,11394.9,324.46,77.45,0.0,11796.81,655.38
ORD-2024-19136,P0430,WH_DELHI_N,40,22228.4,502.41,172.12,0.0,22902.93,572.57
ORD-2024-19137,P0581,WH_KOLKATA_E,30,1160.4,1105.57,129.09,0.0,2395.06,79.84
ORD-2024-19138,P0300,WH_MUMBAI_W,42,16962.96,1013.56,180.72,0.0,18157.24,432.32
ORD-2024-19139,P0280,WH_NAGPUR_C,42,22795.08,211.88,180.72,0.0,23187.68,552.09
ORD-2024-19140,P0608,WH_NAGPUR_C,34,28399.86,947.87,146.3,0.0,29494.03,867.47
ORD-2024-19141,P0342,WH_BLR_S,10,1412.6,1607.31,43.03,0.0,3062.94,306.29
ORD-2024-19142,P0347,WH_KOLKATA_E,22,18235.36,143.24,94.67,0.0,18473.27,839.69
ORD-2024-19143,P0335,WH_KOLKATA_E,4,3368.68,686.27,17.21,0.0,4072.16,1018.04
ORD-2024-19144,P0589,WH_MUMBAI_W,3,862.0500000000001,940.75,12.91,0.0,1815.71,605.24
ORD-2024-19145,P0119,WH_NAGPUR_C,49,11279.8,1550.58,210.85,0.0,13041.23,266.15
ORD-2024-19146,P0783,WH_DELHI_N,49,26868.66,130.78,210.85,0.0,27210.29,555.31
ORD-2024-19147,P0918,WH_BLR_S,28,12158.44,1362.18,120.48,0.0,13641.1,487.18
ORD-2024-19148,P0430,WH_BLR_S,22,12225.62,584.53,94.67,0.0,12904.82,586.58
ORD-2024-19149,P0560,WH_BLR_S,12,435.36,472.11,51.64,0.0,959.11,79.93
ORD-2024-19150,P0492,WH_DELHI_N,49,33893.3,596.56,210.85,0.0,34700.71,708.18
ORD-2024-19151,P0220,WH_KOLKATA_E,13,7783.2300000000005,1411.22,55.94,0.0,9250.39,711.57
ORD-2024-19152,P0231,WH_MUMBAI_W,41,24395.82,439.18,176.42,0.0,25011.42,610.03
ORD-2024-19153,P0517,WH_KOLKATA_E,33,9833.67,215.34,142.0,0.0,10191.01,308.82
ORD-2024-19154,P0567,WH_KOLKATA_E,47,17359.920000000002,1285.71,202.24,0.0,18847.87,401.02
ORD-2024-19155,P0430,WH_MUMBAI_W,19,10558.490000000002,1426.64,81.76,0.0,12066.89,635.1
ORD-2024-19156,P0189,WH_MUMBAI_W,41,26081.329999999998,569.43,176.42,0.0,26827.18,654.32
ORD-2024-19157,P0822,WH_NAGPUR_C,17,7235.71,1632.7206,73.15,0.0,8941.58,525.98
ORD-2024-19158,P0763,WH_DELHI_N,47,38768.89,1593.11,202.24,0.0,40564.24,863.07
ORD-2024-19159,P0150,WH_NAGPUR_C,34,7634.02,335.94,146.3,0.0,8116.26,238.71
ORD-2024-19160,P0666,WH_DELHI_N,4,2503.12,296.99,17.21,0.0,2817.32,704.33
ORD-2024-19161,P0103,WH_DELHI_N,39,5062.98,806.75,167.82,0.0,6037.55,154.81
ORD-2024-19162,P0589,WH_KOLKATA_E,8,2298.8,1157.93,34.42,0.0,3491.15,436.39
ORD-2024-19163,P0115,WH_KOLKATA_E,33,25288.23,128.16,142.0,0.0,25558.39,774.5
ORD-2024-19164,P0422,WH_KOLKATA_E,1,428.8,1098.21,4.3,0.0,1531.31,1531.31
ORD-2024-19165,P0627,WH_NAGPUR_C,5,4221.0,1455.51,21.51,0.0,5698.02,1139.6
ORD-2024-19166,P0746,WH_KOLKATA_E,32,18856.64,839.37,137.69,0.0,19833.7,619.8
ORD-2024-19167,P0927,WH_NAGPUR_C,40,3755.6,279.97,172.12,0.0,4207.69,105.19
ORD-2024-19168,P0062,WH_MUMBAI_W,1,120.59,303.94,4.3,0.0,428.83,428.83
ORD-2024-19169,P0228,WH_DELHI_N,35,8927.449999999999,976.65,150.6,0.0,10054.7,287.28
ORD-2024-19170,P0809,WH_KOLKATA_E,22,6136.240000000001,1105.81,94.67,0.0,7336.72,333.49
ORD-2024-19171,P0716,WH_DELHI_N,29,10763.93,332.3,124.79,0.0,11221.02,386.93
ORD-2024-19172,P0783,WH_NAGPUR_C,17,9321.78,1082.25,73.15,0.0,10477.18,616.3
ORD-2024-19173,P0595,WH_BLR_S,30,7134.0,535.98,129.09,0.0,7799.07,259.97
ORD-2024-19174,P0335,WH_MUMBAI_W,35,29475.949999999997,291.94,150.6,0.0,29918.49,854.81
ORD-2024-19175,P0300,WH_DELHI_N,1,403.88,887.54,4.3,0.0,1295.72,1295.72
ORD-2024-19176,P0294,WH_BLR_S,4,151.6,1043.63,17.21,0.0,1212.44,303.11
ORD-2024-19177,P0191,WH_NAGPUR_C,9,825.3000000000001,492.68,38.73,0.0,1356.71,150.75
ORD-2024-19178,P0261,WH_NAGPUR_C,45,19804.05,1294.34,193.63,0.0,21292.02,473.16
ORD-2024-19179,P0565,WH_DELHI_N,32,3795.52,324.72,137.69,0.0,4257.93,133.06
ORD-2024-19180,P0041,WH_KOLKATA_E,5,1225.45,530.85,21.51,0.0,1777.81,355.56
ORD-2024-19181,P0809,WH_NAGPUR_C,14,3904.88,848.33,60.24,0.0,4813.45,343.82
ORD-2024-19182,P0080,WH_KOLKATA_E,26,7607.08,752.86,111.88,0.0,8471.82,325.84
ORD-2024-19183,P0131,WH_BLR_S,23,1780.2,985.43,98.97,0.0,2864.6,124.55
ORD-2024-19184,P0994,WH_MUMBAI_W,46,15447.26,488.57,197.94,0.0,16133.77,350.73
ORD-2024-19185,P0545,WH_MUMBAI_W,22,6416.08,387.76,94.67,0.0,6898.51,313.57
ORD-2024-19186,P0363,WH_NAGPUR_C,27,18576.809999999998,1632.7206,116.18,0.0,20325.71,752.8
ORD-2024-19187,P0064,WH_NAGPUR_C,25,6291.25,312.87,107.57,0.0,6711.69,268.47
ORD-2024-19188,P0981,WH_DELHI_N,36,2279.52,116.28,154.91,0.0,2550.71,70.85
ORD-2024-19189,P0583,WH_NAGPUR_C,4,1636.48,930.46,17.21,0.0,2584.15,646.04
ORD-2024-19190,P0279,WH_DELHI_N,32,22167.04,258.76,137.69,0.0,22563.49,705.11
ORD-2024-19191,P0432,WH_NAGPUR_C,9,6874.289999999999,1127.36,38.73,0.0,8040.38,893.38
ORD-2024-19192,P0569,WH_NAGPUR_C,2,1242.04,1183.53,8.61,0.0,2434.18,1217.09
ORD-2024-19193,P0926,WH_BLR_S,42,22806.42,896.4,180.72,0.0,23883.54,568.66
ORD-2024-19194,P0198,WH_KOLKATA_E,39,27967.68,564.81,167.82,0.0,28700.31,735.91
ORD-2024-19195,P0712,WH_MUMBAI_W,46,11766.800000000001,1270.38,197.94,0.0,13235.12,287.72
ORD-2024-19196,P0634,WH_NAGPUR_C,25,18377.5,1078.49,107.57,0.0,19563.56,782.54
ORD-2024-19197,P0589,WH_NAGPUR_C,47,13505.45,563.01,202.24,0.0,14270.7,303.63
ORD-2024-19198,P0530,WH_BLR_S,10,623.1,304.75,43.03,0.0,970.88,97.09
ORD-2024-19199,P0801,WH_DELHI_N,37,21826.3,345.33,159.21,0.0,22330.84,603.54
ORD-2024-19200,P0824,WH_NAGPUR_C,25,20629.5,869.56,107.57,0.0,21606.63,864.27
ORD-2024-19201,P0465,WH_NAGPUR_C,40,23720.4,807.17,172.12,0.0,24699.69,617.49
ORD-2024-19202,P0925,WH_BLR_S,29,6966.96,1066.03,124.79,0.0,8157.78,281.3
ORD-2024-19203,P0476,WH_KOLKATA_E,37,19723.960000000003,238.21,159.21,0.0,20121.38,543.82
ORD-2024-19204,P0062,WH_NAGPUR_C,5,602.95,1522.39,21.51,0.0,2146.85,429.37
ORD-2024-19205,P0005,WH_BLR_S,14,4968.46,939.46,60.24,0.0,5968.16,426.3
ORD-2024-19206,P0279,WH_MUMBAI_W,33,22859.760000000002,529.94,142.0,0.0,23531.7,713.08
ORD-2024-19207,P0191,WH_KOLKATA_E,27,2475.9,363.77,116.18,0.0,2955.85,109.48
ORD-2024-19208,P0056,WH_NAGPUR_C,5,3405.1499999999996,1319.22,21.51,0.0,4745.88,949.18
ORD-2024-19209,P0205,WH_KOLKATA_E,44,24405.92,351.11,189.33,0.0,24946.36,566.96
ORD-2024-19210,P0907,WH_DELHI_N,15,2310.9,377.85,64.54,0.0,2753.29,183.55
ORD-2024-19211,P0540,WH_NAGPUR_C,3,1188.15,1374.4,12.91,0.0,2575.46,858.49
ORD-2024-19212,P0342,WH_BLR_S,1,141.26,1509.99,4.3,0.0,1655.55,1655.55
ORD-2024-19213,P0533,WH_BLR_S,24,4260.0,700.57,103.27,0.0,5063.84,210.99
ORD-2024-19214,P0160,WH_DELHI_N,12,9591.72,152.65,51.64,0.0,9796.01,816.33
ORD-2024-19215,P0337,WH_KOLKATA_E,45,14945.85,1075.55,193.63,0.0,16215.03,360.33
ORD-2024-19216,P0079,WH_NAGPUR_C,14,656.18,558.89,60.24,0.0,1275.31,91.09
ORD-2024-19217,P0554,WH_BLR_S,42,30721.74,1491.53,180.72,0.0,32393.99,771.29
ORD-2024-19218,P0962,WH_BLR_S,20,2431.6,1371.07,86.06,0.0,3888.73,194.44
ORD-2024-19219,P0139,WH_KOLKATA_E,14,8374.800000000001,1403.1,60.24,0.0,9838.14,702.72
ORD-2024-19220,P0294,WH_KOLKATA_E,14,530.6,151.96,60.24,0.0,742.8,53.06
ORD-2024-19221,P0688,WH_NAGPUR_C,45,8502.3,1556.62,193.63,0.0,10252.55,227.83
ORD-2024-19222,P0479,WH_DELHI_N,35,24347.399999999998,1048.72,150.6,0.0,25546.72,729.91
ORD-2024-19223,P0105,WH_BLR_S,19,12933.68,253.97,81.76,0.0,13269.41,698.39
ORD-2024-19224,P0079,WH_MUMBAI_W,20,937.4,1200.47,86.06,0.0,2223.93,111.2
ORD-2024-19225,P0267,WH_KOLKATA_E,42,8998.5,1447.67,180.72,0.0,10626.89,253.02
ORD-2024-19226,P0319,WH_MUMBAI_W,44,2666.84,716.54,189.33,0.0,3572.71,81.2
ORD-2024-19227,P0708,WH_KOLKATA_E,23,4798.49,1097.11,98.97,0.0,5994.57,260.63
ORD-2024-19228,P0368,WH_DELHI_N,34,27838.86,533.23,146.3,0.0,28518.39,838.78
ORD-2024-19229,P0131,WH_NAGPUR_C,1,77.4,995.74,4.3,0.0,1077.44,1077.44
ORD-2024-19230,P0356,WH_MUMBAI_W,4,3278.64,907.07,17.21,0.0,4202.92,1050.73
ORD-2024-19231,P0642,WH_DELHI_N,40,19521.199999999997,265.56,172.12,0.0,19958.88,498.97
ORD-2024-19232,P0135,WH_DELHI_N,17,10367.45,125.5,73.15,0.0,10566.1,621.54
ORD-2024-19233,P0056,WH_BLR_S,26,17706.78,1284.69,111.88,0.0,19103.35,734.74
ORD-2024-19234,P0956,WH_NAGPUR_C,14,9973.46,444.81,60.24,0.0,10478.51,748.46
ORD-2024-19235,P0672,WH_BLR_S,46,11447.560000000001,736.27,197.94,0.0,12381.77,269.17
ORD-2024-19236,P0971,WH_NAGPUR_C,32,18111.04,1489.09,137.69,0.0,19737.82,616.81
ORD-2024-19237,P0294,WH_KOLKATA_E,36,1364.3999999999999,1365.92,154.91,0.0,2885.23,80.15
ORD-2024-19238,P0189,WH_BLR_S,20,12722.6,1002.52,86.06,0.0,13811.18,690.56
ORD-2024-19239,P0159,WH_DELHI_N,16,6346.56,556.12,68.85,0.0,6971.53,435.72
ORD-2024-19240,P0554,WH_BLR_S,19,13897.93,301.33,81.76,0.0,14281.02,751.63
ORD-2024-19241,P0674,WH_BLR_S,45,11295.9,503.84,193.63,0.0,11993.37,266.52
ORD-2024-19242,P0103,WH_KOLKATA_E,39,5062.98,1509.98,167.82,0.0,6740.78,172.84
ORD-2024-19243,P0592,WH_NAGPUR_C,24,15210.24,1079.13,103.27,0.0,16392.64,683.03
ORD-2024-19244,P0109,WH_NAGPUR_C,14,6359.5,807.09,60.24,0.0,7226.83,516.2
ORD-2024-19245,P0748,WH_BLR_S,29,5225.799999999999,1436.47,124.79,0.0,6787.06,234.04
ORD-2024-19246,P0294,WH_NAGPUR_C,42,1591.8,832.57,180.72,0.0,2605.09,62.03
ORD-2024-19247,P0674,WH_NAGPUR_C,14,3514.28,746.92,60.24,0.0,4321.44,308.67
ORD-2024-19248,P0530,WH_KOLKATA_E,11,685.4100000000001,278.49,47.33,0.0,1011.23,91.93
ORD-2024-19249,P0700,WH_KOLKATA_E,11,9038.15,190.45,47.33,0.0,9275.93,843.27
ORD-2024-19250,P0470,WH_KOLKATA_E,47,33628.5,1111.76,202.24,0.0,34942.5,743.46
ORD-2024-19251,P0410,WH_KOLKATA_E,40,20532.399999999998,210.65,172.12,0.0,20915.17,522.88
ORD-2024-19252,P0152,WH_DELHI_N,24,5976.4800000000005,344.02,103.27,0.0,6423.77,267.66
ORD-2024-19253,P0672,WH_NAGPUR_C,22,5474.92,1496.88,94.67,0.0,7066.47,321.2
ORD-2024-19254,P0135,WH_BLR_S,49,29882.65,1105.53,210.85,0.0,31199.03,636.71
ORD-2024-19255,P0154,WH_DELHI_N,21,7890.75,1386.46,90.36,0.0,9367.57,446.07
ORD-2024-19256,P0592,WH_NAGPUR_C,6,3802.56,271.85,25.82,0.0,4100.23,683.37
ORD-2024-19257,P0062,WH_DELHI_N,14,1688.26,1575.49,60.24,0.0,3323.99,237.43
ORD-2024-19258,P0294,WH_NAGPUR_C,9,341.09999999999997,1229.42,38.73,0.0,1609.25,178.81
ORD-2024-19259,P0904,WH_DELHI_N,35,7753.9,613.56,150.6,0.0,8518.06,243.37
ORD-2024-19260,P0125,WH_KOLKATA_E,44,8471.32,1533.11,189.33,0.0,10193.76,231.68
ORD-2024-19261,P0410,WH_KOLKATA_E,36,18479.159999999996,295.49,154.91,0.0,18929.56,525.82
ORD-2024-19262,P0143,WH_BLR_S,25,15826.249999999998,1393.2,107.57,0.0,17327.02,693.08
ORD-2024-19263,P0176,WH_KOLKATA_E,15,1696.05,1218.94,64.54,0.0,2979.53,198.64
ORD-2024-19264,P0038,WH_KOLKATA_E,45,17851.5,843.56,193.63,0.0,18888.69,419.75
ORD-2024-19265,P0834,WH_NAGPUR_C,28,17891.16,1381.65,120.48,0.0,19393.29,692.62
ORD-2024-19266,P0430,WH_KOLKATA_E,14,7779.9400000000005,95.6674,60.24,0.0,7935.85,566.85
ORD-2024-19267,P0084,WH_NAGPUR_C,13,10649.34,848.41,55.94,0.0,11553.69,888.75
ORD-2024-19268,P0491,WH_MUMBAI_W,41,2342.7400000000002,932.73,176.42,0.0,3451.89,84.19
ORD-2024-19269,P0634,WH_NAGPUR_C,31,22788.100000000002,275.37,133.39,0.0,23196.86,748.29
ORD-2024-19270,P0193,WH_MUMBAI_W,5,1790.8000000000002,598.3,21.51,0.0,2410.61,482.12
ORD-2024-19271,P0834,WH_DELHI_N,19,12140.43,452.41,81.76,0.0,12674.6,667.08
ORD-2024-19272,P0103,WH_MUMBAI_W,8,1038.56,450.59,34.42,0.0,1523.57,190.45
ORD-2024-19273,P0432,WH_MUMBAI_W,13,9929.529999999999,1079.38,55.94,0.0,11064.85,851.14
ORD-2024-19274,P0962,WH_BLR_S,41,4984.78,1491.8,176.42,0.0,6653.0,162.27
ORD-2024-19275,P0356,WH_MUMBAI_W,17,13934.22,1077.31,73.15,0.0,15084.68,887.33
ORD-2024-19276,P0554,WH_MUMBAI_W,32,23407.04,954.49,137.69,0.0,24499.22,765.6
ORD-2024-19277,P0115,WH_MUMBAI_W,5,3831.5499999999997,875.38,21.51,0.0,4728.44,945.69
ORD-2024-19278,P0596,WH_MUMBAI_W,9,2146.41,350.14,38.73,0.0,2535.28,281.7
ORD-2024-19279,P0479,WH_MUMBAI_W,43,29912.52,1186.62,185.03,0.0,31284.17,727.54
ORD-2024-19280,P0708,WH_MUMBAI_W,34,7093.42,1500.53,146.3,0.0,8740.25,257.07
ORD-2024-19281,P0994,WH_BLR_S,45,15111.45,620.57,193.63,0.0,15925.65,353.9
ORD-2024-19282,P0357,WH_MUMBAI_W,1,485.59,307.17,4.3,0.0,797.06,797.06
ORD-2024-19283,P0069,WH_DELHI_N,40,4026.3999999999996,1190.07,172.12,0.0,5388.59,134.71
ORD-2024-19284,P0116,WH_NAGPUR_C,15,2644.65,1219.66,64.54,0.0,3928.85,261.92
ORD-2024-19285,P0294,WH_MUMBAI_W,32,1212.8,314.77,137.69,0.0,1665.26,52.04
ORD-2024-19286,P0368,WH_BLR_S,34,27838.86,449.4,146.3,0.0,28434.56,836.31
ORD-2024-19287,P0371,WH_DELHI_N,35,5998.65,543.59,150.6,0.0,6692.84,191.22
ORD-2024-19288,P0641,WH_DELHI_N,49,25945.5,622.19,210.85,0.0,26778.54,546.5
ORD-2024-19289,P0076,WH_MUMBAI_W,28,6475.28,417.6,120.48,0.0,7013.36,250.48
ORD-2024-19290,P0530,WH_DELHI_N,17,1059.27,1023.73,73.15,0.0,2156.15,126.83
ORD-2024-19291,P0663,WH_DELHI_N,46,37674.92,1403.04,197.94,0.0,39275.9,853.82
ORD-2024-19292,P0521,WH_MUMBAI_W,11,6378.13,944.19,47.33,0.0,7369.65,669.97
ORD-2024-19293,P0176,WH_KOLKATA_E,23,2600.6099999999997,324.88,98.97,0.0,3024.46,131.5
ORD-2024-19294,P0633,WH_BLR_S,26,12682.02,321.27,111.88,0.0,13115.17,504.43
ORD-2024-19295,P0198,WH_BLR_S,46,32987.52,1462.56,197.94,0.0,34648.02,753.22
ORD-2024-19296,P0267,WH_KOLKATA_E,5,1071.25,95.6674,21.51,0.0,1188.43,237.69
ORD-2024-19297,P0391,WH_BLR_S,26,20562.36,1443.58,111.88,0.0,22117.82,850.69
ORD-2024-19298,P0335,WH_DELHI_N,6,5053.0199999999995,847.53,25.82,0.0,5926.37,987.73
ORD-2024-19299,P0083,WH_KOLKATA_E,43,23386.84,200.95,185.03,0.0,23772.82,552.86
ORD-2024-19300,P0070,WH_NAGPUR_C,34,18056.38,475.14,146.3,0.0,18677.82,549.35
ORD-2024-19301,P0840,WH_KOLKATA_E,42,13744.5,1094.74,180.72,0.0,15019.96,357.62
ORD-2024-19302,P0790,WH_KOLKATA_E,13,5621.98,509.98,55.94,0.0,6187.9,475.99
ORD-2024-19303,P0511,WH_BLR_S,25,15315.5,1429.09,107.57,0.0,16852.16,674.09
ORD-2024-19304,P0430,WH_DELHI_N,2,1111.42,139.32,8.61,0.0,1259.35,629.67
ORD-2024-19305,P0714,WH_MUMBAI_W,14,1014.8599999999999,515.32,60.24,0.0,1590.42,113.6
ORD-2024-19306,P0700,WH_KOLKATA_E,17,13968.05,580.84,73.15,0.0,14622.04,860.12
ORD-2024-19307,P0663,WH_DELHI_N,41,33579.82,1123.17,176.42,0.0,34879.41,850.72
ORD-2024-19308,P0994,WH_BLR_S,40,13432.4,1535.74,172.12,0.0,15140.26,378.51
ORD-2024-19309,P0372,WH_DELHI_N,40,26106.0,1568.87,172.12,0.0,27846.99,696.17
ORD-2024-19310,P0544,WH_NAGPUR_C,39,17793.75,783.5,167.82,0.0,18745.07,480.64
ORD-2024-19311,P0316,WH_NAGPUR_C,25,17550.75,1114.09,107.57,0.0,18772.41,750.9
ORD-2024-19312,P0892,WH_NAGPUR_C,27,1699.65,1426.71,116.18,0.0,3242.54,120.09
ORD-2024-19313,P0824,WH_NAGPUR_C,48,39608.64,1258.3,206.54,0.0,41073.48,855.7
ORD-2024-19314,P0357,WH_MUMBAI_W,24,11654.16,365.21,103.27,0.0,12122.64,505.11
ORD-2024-19315,P0176,WH_KOLKATA_E,49,5540.429999999999,1526.65,210.85,0.0,7277.93,148.53
ORD-2024-19316,P0913,WH_BLR_S,33,21436.47,901.83,142.0,0.0,22480.3,681.22
ORD-2024-19317,P0458,WH_DELHI_N,27,22026.6,782.63,116.18,0.0,22925.41,849.09
ORD-2024-19318,P0595,WH_NAGPUR_C,45,10701.0,134.09,193.63,0.0,11028.72,245.08
ORD-2024-19319,P0583,WH_DELHI_N,31,12682.72,1409.4,133.39,0.0,14225.51,458.89
ORD-2024-19320,P0205,WH_BLR_S,48,26624.64,1492.58,206.54,0.0,28323.76,590.08
ORD-2024-19321,P0893,WH_KOLKATA_E,38,21647.079999999998,1377.8,163.51,0.0,23188.39,610.22
ORD-2024-19322,P0674,WH_MUMBAI_W,15,3765.3,307.73,64.54,0.0,4137.57,275.84
ORD-2024-19323,P0595,WH_NAGPUR_C,44,10463.2,397.53,189.33,0.0,11050.06,251.14
ORD-2024-19324,P0637,WH_KOLKATA_E,40,14792.4,342.45,172.12,0.0,15306.97,382.67
ORD-2024-19325,P0408,WH_NAGPUR_C,1,169.65,446.53,4.3,0.0,620.48,620.48
ORD-2024-19326,P0821,WH_KOLKATA_E,11,5448.3,559.71,47.33,0.0,6055.34,550.49
ORD-2024-19327,P0965,WH_NAGPUR_C,15,3699.75,1009.48,64.54,0.0,4773.77,318.25
ORD-2024-19328,P0109,WH_DELHI_N,33,14990.25,1632.7206,142.0,0.0,16764.97,508.03
ORD-2024-19329,P0915,WH_KOLKATA_E,48,32917.44,691.47,206.54,0.0,33815.45,704.49
ORD-2024-19330,P0553,WH_BLR_S,32,8573.44,387.22,137.69,0.0,9098.35,284.32
ORD-2024-19331,P0161,WH_BLR_S,25,7161.499999999999,403.73,107.57,0.0,7672.8,306.91
ORD-2024-19332,P0449,WH_NAGPUR_C,39,12193.349999999999,1092.83,167.82,0.0,13454.0,344.97
ORD-2024-19333,P0852,WH_MUMBAI_W,33,21822.899999999998,1180.17,142.0,0.0,23145.07,701.37
ORD-2024-19334,P0159,WH_MUMBAI_W,29,11503.140000000001,790.04,124.79,0.0,12417.97,428.21
ORD-2024-19335,P0822,WH_DELHI_N,34,14471.42,1242.95,146.3,0.0,15860.67,466.49
ORD-2024-19336,P0492,WH_NAGPUR_C,8,5533.6,183.03,34.42,0.0,5751.05,718.88
ORD-2024-19337,P0430,WH_NAGPUR_C,11,6112.81,1088.88,47.33,0.0,7249.02,659.0
ORD-2024-19338,P0884,WH_MUMBAI_W,13,3696.4199999999996,1064.55,55.94,0.0,4816.91,370.53
ORD-2024-19339,P0088,WH_KOLKATA_E,5,1019.35,1577.04,21.51,0.0,2617.9,523.58
ORD-2024-19340,P0176,WH_DELHI_N,19,2148.33,474.61,81.76,0.0,2704.7,142.35
ORD-2024-19341,P0218,WH_KOLKATA_E,21,17248.14,642.15,90.36,0.0,17980.65,856.22
ORD-2024-19342,P0641,WH_DELHI_N,3,1588.5,880.43,12.91,0.0,2481.84,827.28
ORD-2024-19343,P0069,WH_MUMBAI_W,26,2617.16,828.79,111.88,0.0,3557.83,136.84
ORD-2024-19344,P0926,WH_MUMBAI_W,33,17919.329999999998,630.43,142.0,0.0,18691.76,566.42
ORD-2024-19345,P0637,WH_DELHI_N,30,11094.3,833.98,129.09,0.0,12057.37,401.91
ORD-2024-19346,P0666,WH_BLR_S,22,13767.16,410.21,94.67,0.0,14272.04,648.73
ORD-2024-19347,P0280,WH_MUMBAI_W,5,2713.7,649.5,21.51,0.0,3384.71,676.94
ORD-2024-19348,P0852,WH_BLR_S,19,12564.699999999999,1438.93,81.76,0.0,14085.39,741.34
ORD-2024-19349,P0119,WH_NAGPUR_C,9,2071.7999999999997,296.41,38.73,0.0,2406.94,267.44
ORD-2024-19350,P0466,WH_KOLKATA_E,24,5324.16,263.88,103.27,0.0,5691.31,237.14
ORD-2024-19351,P0524,WH_MUMBAI_W,39,5824.26,221.68,167.82,0.0,6213.76,159.33
ORD-2024-19352,P0651,WH_MUMBAI_W,12,2816.2799999999997,1235.3,51.64,0.0,4103.22,341.94
ORD-2024-19353,P0363,WH_MUMBAI_W,46,31649.379999999997,1168.46,197.94,0.0,33015.78,717.73
ORD-2024-19354,P0080,WH_MUMBAI_W,48,14043.84,413.86,206.54,0.0,14664.24,305.5
ORD-2024-19355,P0115,WH_KOLKATA_E,45,34483.95,662.55,193.63,0.0,35340.13,785.34
ORD-2024-19356,P0748,WH_DELHI_N,27,4865.4,393.13,116.18,0.0,5374.71,199.06
ORD-2024-19357,P0913,WH_BLR_S,42,27282.780000000002,1269.47,180.72,0.0,28732.97,684.12
ORD-2024-19358,P0909,WH_NAGPUR_C,21,6946.379999999999,240.91,90.36,0.0,7277.65,346.55
ORD-2024-19359,P0231,WH_BLR_S,38,22610.76,1273.83,163.51,0.0,24048.1,632.84
ORD-2024-19360,P0857,WH_NAGPUR_C,35,18109.0,643.03,150.6,0.0,18902.63,540.08
ORD-2024-19361,P0565,WH_KOLKATA_E,32,3795.52,762.0,137.69,0.0,4695.21,146.73
ORD-2024-19362,P0620,WH_MUMBAI_W,36,4270.32,1231.24,154.91,0.0,5656.47,157.12
ORD-2024-19363,P0834,WH_BLR_S,33,21086.010000000002,1042.11,142.0,0.0,22270.12,674.85
ORD-2024-19364,P0517,WH_DELHI_N,43,12813.57,728.18,185.03,0.0,13726.78,319.23
ORD-2024-19365,P0907,WH_BLR_S,17,2619.02,739.96,73.15,0.0,3432.13,201.89
ORD-2024-19366,P0294,WH_MUMBAI_W,5,189.5,940.09,21.51,0.0,1151.1,230.22
ORD-2024-19367,P0852,WH_MUMBAI_W,44,29097.199999999997,380.26,189.33,0.0,29666.79,674.25
ORD-2024-19368,P0022,WH_KOLKATA_E,20,11583.0,443.85,86.06,0.0,12112.91,605.65
ORD-2024-19369,P0266,WH_DELHI_N,23,4830.46,850.46,98.97,0.0,5779.89,251.3
ORD-2024-19370,P0342,WH_DELHI_N,39,5509.139999999999,423.7,167.82,0.0,6100.66,156.43
ORD-2024-19371,P0021,WH_DELHI_N,4,989.08,1061.76,17.21,0.0,2068.05,517.01
ORD-2024-19372,P0429,WH_MUMBAI_W,26,18618.86,460.98,111.88,0.0,19191.72,738.14
ORD-2024-19373,P0801,WH_NAGPUR_C,30,17697.0,1093.35,129.09,0.0,18919.44,630.65
ORD-2024-19374,P0595,WH_NAGPUR_C,48,11414.400000000001,298.12,206.54,0.0,11919.06,248.31
ORD-2024-19375,P0673,WH_MUMBAI_W,47,23365.579999999998,761.16,202.24,0.0,24328.98,517.64
ORD-2024-19376,P0432,WH_KOLKATA_E,46,35135.259999999995,1261.29,197.94,0.0,36594.49,795.53
ORD-2024-19377,P0918,WH_MUMBAI_W,29,12592.67,610.09,124.79,0.0,13327.55,459.57
ORD-2024-19378,P0097,WH_DELHI_N,34,7842.78,1270.62,146.3,0.0,9259.7,272.34
ORD-2024-19379,P0188,WH_BLR_S,10,8008.8,618.28,43.03,0.0,8670.11,867.01
ORD-2024-19380,P0952,WH_BLR_S,20,9961.8,1191.35,86.06,0.0,11239.21,561.96
ORD-2024-19381,P0429,WH_NAGPUR_C,24,17186.64,1338.25,103.27,0.0,18628.16,776.17
ORD-2024-19382,P0952,WH_KOLKATA_E,34,16935.059999999998,171.11,146.3,0.0,17252.47,507.43
ORD-2024-19383,P0688,WH_NAGPUR_C,37,6990.78,502.44,159.21,0.0,7652.43,206.82
ORD-2024-19384,P0103,WH_MUMBAI_W,13,1687.6599999999999,1496.37,55.94,0.0,3239.97,249.23
ORD-2024-19385,P0693,WH_MUMBAI_W,23,9392.28,165.37,98.97,0.0,9656.62,419.85
ORD-2024-19386,P0809,WH_DELHI_N,10,2789.2000000000003,233.56,43.03,0.0,3065.79,306.58
ORD-2024-19387,P0589,WH_DELHI_N,22,6321.700000000001,95.6674,94.67,0.0,6512.04,296.0
ORD-2024-19388,P0926,WH_BLR_S,45,24435.45,409.37,193.63,0.0,25038.45,556.41
ORD-2024-19389,P0222,WH_NAGPUR_C,14,2646.56,1034.19,60.24,0.0,3740.99,267.21
ORD-2024-19390,P0088,WH_NAGPUR_C,25,5096.75,439.74,107.57,0.0,5644.06,225.76
ORD-2024-19391,P0596,WH_MUMBAI_W,18,4292.82,1610.1,77.45,0.0,5980.37,332.24
ORD-2024-19392,P0746,WH_NAGPUR_C,20,11785.4,806.5,86.06,0.0,12677.96,633.9
ORD-2024-19393,P0693,WH_DELHI_N,28,11434.08,1094.69,120.48,0.0,12649.25,451.76
ORD-2024-19394,P0102,WH_NAGPUR_C,8,747.12,476.77,34.42,0.0,1258.31,157.29
ORD-2024-19395,P0316,WH_DELHI_N,5,3510.1499999999996,1140.23,21.51,0.0,4671.89,934.38
ORD-2024-19396,P0911,WH_DELHI_N,21,612.78,547.81,90.36,0.0,1250.95,59.57
ORD-2024-19397,P0064,WH_NAGPUR_C,20,5033.0,1600.24,86.06,0.0,6719.3,335.96
ORD-2024-19398,P0634,WH_NAGPUR_C,44,32344.4,1242.53,189.33,0.0,33776.26,767.64
ORD-2024-19399,P0755,WH_DELHI_N,16,9722.4,150.84,68.85,0.0,9942.09,621.38
ORD-2024-19400,P0150,WH_BLR_S,20,4490.6,678.38,86.06,0.0,5255.04,262.75
ORD-2024-19401,P0918,WH_NAGPUR_C,25,10855.75,761.07,107.57,0.0,11724.39,468.98
ORD-2024-19402,P0569,WH_KOLKATA_E,7,4347.139999999999,954.17,30.12,0.0,5331.43,761.63
ORD-2024-19403,P0981,WH_KOLKATA_E,25,1583.0,1266.25,107.57,0.0,2956.82,118.27
ORD-2024-19404,P0150,WH_KOLKATA_E,36,8083.08,1389.58,154.91,0.0,9627.57,267.43
ORD-2024-19405,P0641,WH_BLR_S,10,5295.0,1018.87,43.03,0.0,6356.9,635.69
ORD-2024-19406,P0553,WH_NAGPUR_C,40,10716.800000000001,1124.58,172.12,0.0,12013.5,300.34
ORD-2024-19407,P0064,WH_KOLKATA_E,16,4026.4,529.26,68.85,0.0,4624.51,289.03
ORD-2024-19408,P0598,WH_BLR_S,4,869.64,145.33,17.21,0.0,1032.18,258.04
ORD-2024-19409,P0410,WH_NAGPUR_C,10,5133.099999999999,151.83,43.03,0.0,5327.96,532.8
ORD-2024-19410,P0368,WH_NAGPUR_C,48,39301.92,138.86,206.54,0.0,39647.32,825.99
ORD-2024-19411,P0821,WH_DELHI_N,31,15354.300000000001,1269.58,133.39,0.0,16757.27,540.56
ORD-2024-19412,P0280,WH_NAGPUR_C,12,6512.88,335.7,51.64,0.0,6900.22,575.02
ORD-2024-19413,P0332,WH_NAGPUR_C,20,12726.0,1207.55,86.06,0.0,14019.61,700.98
ORD-2024-19414,P0907,WH_NAGPUR_C,32,4929.92,261.65,137.69,0.0,5329.26,166.54
ORD-2024-19415,P0131,WH_DELHI_N,2,154.8,1383.18,8.61,0.0,1546.59,773.3
ORD-2024-19416,P0517,WH_BLR_S,11,3277.8900000000003,1069.75,47.33,0.0,4394.97,399.54
ORD-2024-19417,P0981,WH_NAGPUR_C,20,1266.4,591.17,86.06,0.0,1943.63,97.18
ORD-2024-19418,P0188,WH_BLR_S,23,18420.24,1330.64,98.97,0.0,19849.85,863.04
ORD-2024-19419,P0408,WH_KOLKATA_E,13,2205.4500000000003,1113.24,55.94,0.0,3374.63,259.59
ORD-2024-19420,P0430,WH_BLR_S,35,19449.850000000002,1423.45,150.6,0.0,21023.9,600.68
ORD-2024-19421,P0254,WH_KOLKATA_E,17,948.77,1127.4,73.15,0.0,2149.32,126.43
ORD-2024-19422,P0688,WH_KOLKATA_E,10,1889.4,185.12,43.03,0.0,2117.55,211.76
ORD-2024-19423,P0857,WH_KOLKATA_E,40,20696.0,900.84,172.12,0.0,21768.96,544.22
ORD-2024-19424,P0583,WH_BLR_S,38,15546.56,996.62,163.51,0.0,16706.69,439.65
ORD-2024-19425,P0568,WH_DELHI_N,14,10590.44,1334.65,60.24,0.0,11985.33,856.1
ORD-2024-19426,P0027,WH_MUMBAI_W,19,9847.13,494.03,81.76,0.0,10422.92,548.57
ORD-2024-19427,P0666,WH_DELHI_N,32,20024.96,455.93,137.69,0.0,20618.58,644.33
ORD-2024-19428,P0674,WH_NAGPUR_C,33,8283.66,279.79,142.0,0.0,8705.45,263.8
ORD-2024-19429,P0712,WH_DELHI_N,43,10999.4,878.91,185.03,0.0,12063.34,280.54
ORD-2024-19430,P0088,WH_NAGPUR_C,25,5096.75,195.49,107.57,0.0,5399.81,215.99
ORD-2024-19431,P0569,WH_KOLKATA_E,25,15525.5,1001.56,107.57,0.0,16634.63,665.39
ORD-2024-19432,P0230,WH_KOLKATA_E,14,4908.68,384.48,60.24,0.0,5353.4,382.39
ORD-2024-19433,P0540,WH_NAGPUR_C,45,17822.25,310.07,193.63,0.0,18325.95,407.24
ORD-2024-19434,P0662,WH_KOLKATA_E,44,32258.6,257.69,189.33,0.0,32705.62,743.31
ORD-2024-19435,P0097,WH_DELHI_N,38,8765.46,811.57,163.51,0.0,9740.54,256.33
ORD-2024-19436,P0202,WH_KOLKATA_E,36,10383.48,358.1,154.91,0.0,10896.49,302.68
ORD-2024-19437,P0342,WH_KOLKATA_E,24,3390.24,119.47,103.27,0.0,3612.98,150.54
ORD-2024-19438,P0430,WH_NAGPUR_C,41,22784.11,496.31,176.42,0.0,23456.84,572.12
ORD-2024-19439,P0408,WH_KOLKATA_E,39,6616.35,1217.59,167.82,0.0,8001.76,205.17
ORD-2024-19440,P0909,WH_DELHI_N,39,12900.419999999998,95.6674,167.82,0.0,13163.91,337.54
ORD-2024-19441,P0294,WH_BLR_S,13,492.7,454.19,55.94,0.0,1002.83,77.14
ORD-2024-19442,P0809,WH_BLR_S,2,557.84,587.99,8.61,0.0,1154.44,577.22
ORD-2024-19443,P0356,WH_BLR_S,34,27868.44,487.0,146.3,0.0,28501.74,838.29
ORD-2024-19444,P0595,WH_DELHI_N,15,3567.0,417.56,64.54,0.0,4049.1,269.94
ORD-2024-19445,P0353,WH_DELHI_N,48,38848.32,732.25,206.54,0.0,39787.11,828.9
ORD-2024-19446,P0663,WH_MUMBAI_W,2,1638.04,1339.13,8.61,0.0,2985.78,1492.89
ORD-2024-19447,P0160,WH_BLR_S,25,19982.75,1038.61,107.57,0.0,21128.93,845.16
ORD-2024-19448,P0700,WH_BLR_S,5,4108.25,557.07,21.51,0.0,4686.83,937.37
ORD-2024-19449,P0458,WH_KOLKATA_E,34,27737.199999999997,1165.69,146.3,0.0,29049.19,854.39
ORD-2024-19450,P0371,WH_NAGPUR_C,39,6684.209999999999,615.51,167.82,0.0,7467.54,191.48
ORD-2024-19451,P0021,WH_MUMBAI_W,5,1236.3500000000001,889.65,21.51,0.0,2147.51,429.5
ORD-2024-19452,P0714,WH_NAGPUR_C,43,3117.0699999999997,1042.89,185.03,0.0,4344.99,101.05
ORD-2024-19453,P0191,WH_KOLKATA_E,8,733.6,878.17,34.42,0.0,1646.19,205.77
ORD-2024-19454,P0907,WH_NAGPUR_C,49,7548.9400000000005,692.68,210.85,0.0,8452.47,172.5
ORD-2024-19455,P0544,WH_NAGPUR_C,14,6387.5,479.42,60.24,0.0,6927.16,494.8
ORD-2024-19456,P0911,WH_KOLKATA_E,29,846.22,1128.23,124.79,0.0,2099.24,72.39
ORD-2024-19457,P0821,WH_KOLKATA_E,30,14859.0,719.42,129.09,0.0,15707.51,523.58
ORD-2024-19458,P0160,WH_NAGPUR_C,37,29574.469999999998,1000.08,159.21,0.0,30733.76,830.64
ORD-2024-19459,P0530,WH_MUMBAI_W,4,249.24,815.31,17.21,0.0,1081.76,270.44
ORD-2024-19460,P0583,WH_BLR_S,35,14319.2,1235.6,150.6,0.0,15705.4,448.73
ORD-2024-19461,P0091,WH_BLR_S,7,4665.639999999999,1430.86,30.12,0.0,6126.62,875.23
ORD-2024-19462,P0867,WH_BLR_S,26,20282.08,1485.22,111.88,0.0,21879.18,841.51
ORD-2024-19463,P0345,WH_BLR_S,32,22514.88,226.44,137.69,0.0,22879.01,714.97
ORD-2024-19464,P0316,WH_KOLKATA_E,43,30187.289999999997,788.15,185.03,0.0,31160.47,724.66
ORD-2024-19465,P0476,WH_MUMBAI_W,33,17591.640000000003,688.65,142.0,0.0,18422.29,558.25
ORD-2024-19466,P0041,WH_MUMBAI_W,24,5882.16,343.89,103.27,0.0,6329.32,263.72
ORD-2024-19467,P0598,WH_DELHI_N,1,217.41,1288.74,4.3,0.0,1510.45,1510.45
ORD-2024-19468,P0150,WH_DELHI_N,29,6511.37,1225.06,124.79,0.0,7861.22,271.08
ORD-2024-19469,P0198,WH_MUMBAI_W,48,34421.76,871.54,206.54,0.0,35499.84,739.58
ORD-2024-19470,P0410,WH_KOLKATA_E,45,23098.949999999997,1530.47,193.63,0.0,24823.05,551.62
ORD-2024-19471,P0992,WH_DELHI_N,38,19444.98,1094.28,163.51,0.0,20702.77,544.81
ORD-2024-19472,P0267,WH_NAGPUR_C,38,8141.5,1522.06,163.51,0.0,9827.07,258.61
ORD-2024-19473,P0956,WH_NAGPUR_C,21,14960.19,1066.16,90.36,0.0,16116.71,767.46
ORD-2024-19474,P0893,WH_DELHI_N,23,13102.179999999998,282.75,98.97,0.0,13483.9,586.26
ORD-2024-19475,P0911,WH_DELHI_N,46,1342.28,161.88,197.94,0.0,1702.1,37.0
ORD-2024-19476,P0759,WH_DELHI_N,5,2754.4,1318.58,21.51,0.0,4094.49,818.9
ORD-2024-19477,P0125,WH_MUMBAI_W,30,5775.9,843.66,129.09,0.0,6748.65,224.96
ORD-2024-19478,P0391,WH_NAGPUR_C,40,31634.4,613.43,172.12,0.0,32419.95,810.5
ORD-2024-19479,P0280,WH_KOLKATA_E,18,9769.32,1098.33,77.45,0.0,10945.1,608.06
ORD-2024-19480,P0780,WH_NAGPUR_C,6,3833.04,751.63,25.82,0.0,4610.49,768.42
ORD-2024-19481,P0567,WH_BLR_S,5,1846.8000000000002,518.59,21.51,0.0,2386.9,477.38
ORD-2024-19482,P0220,WH_DELHI_N,42,25145.82,587.74,180.72,0.0,25914.28,617.01
ORD-2024-19483,P0918,WH_KOLKATA_E,18,7816.14,1067.88,77.45,0.0,8961.47,497.86
ORD-2024-19484,P0079,WH_KOLKATA_E,13,609.31,963.46,55.94,0.0,1628.71,125.29
ORD-2024-19485,P0267,WH_NAGPUR_C,20,4285.0,1513.66,86.06,0.0,5884.72,294.24
ORD-2024-19486,P0822,WH_BLR_S,38,16173.94,1360.97,163.51,0.0,17698.42,465.75
ORD-2024-19487,P0131,WH_KOLKATA_E,21,1625.4,1135.49,90.36,0.0,2851.25,135.77
ORD-2024-19488,P0030,WH_DELHI_N,4,1552.52,1269.46,17.21,0.0,2839.19,709.8
ORD-2024-19489,P0914,WH_KOLKATA_E,13,5036.849999999999,235.26,55.94,0.0,5328.05,409.85
ORD-2024-19490,P0449,WH_DELHI_N,18,5627.7,1621.83,77.45,0.0,7326.98,407.05
ORD-2024-19491,P0150,WH_BLR_S,13,2918.89,1556.92,55.94,0.0,4531.75,348.6
ORD-2024-19492,P0356,WH_BLR_S,13,10655.58,402.83,55.94,0.0,11114.35,854.95
ORD-2024-19493,P0115,WH_BLR_S,39,29886.089999999997,1401.9,167.82,0.0,31455.81,806.56
ORD-2024-19494,P0218,WH_MUMBAI_W,37,30389.58,720.26,159.21,0.0,31269.05,845.11
ORD-2024-19495,P0545,WH_MUMBAI_W,35,10207.4,1218.87,150.6,0.0,11576.87,330.77
ORD-2024-19496,P0432,WH_BLR_S,38,29024.78,534.36,163.51,0.0,29722.65,782.18
ORD-2024-19497,P0836,WH_NAGPUR_C,40,15254.0,1595.48,172.12,0.0,17021.6,425.54
ORD-2024-19498,P0975,WH_BLR_S,27,1133.4599999999998,1542.11,116.18,0.0,2791.75,103.4
ORD-2024-19499,P0673,WH_DELHI_N,26,12925.64,1473.44,111.88,0.0,14510.96,558.11
ORD-2024-19500,P0109,WH_BLR_S,12,5451.0,225.41,51.64,0.0,5728.05,477.34
ORD-2024-19501,P0524,WH_BLR_S,2,298.68,239.79,8.61,0.0,547.08,273.54
ORD-2024-19502,P0783,WH_DELHI_N,43,23578.620000000003,883.59,185.03,0.0,24647.24,573.19
ORD-2024-19503,P0956,WH_MUMBAI_W,20,14247.8,1446.42,86.06,0.0,15780.28,789.01
ORD-2024-19504,P0852,WH_KOLKATA_E,35,23145.5,561.9,150.6,0.0,23858.0,681.66
ORD-2024-19505,P0521,WH_BLR_S,10,5798.3,263.51,43.03,0.0,6104.84,610.48
ORD-2024-19506,P0247,WH_MUMBAI_W,8,305.36,752.79,34.42,0.0,1092.57,136.57
ORD-2024-19507,P0790,WH_BLR_S,40,17298.399999999998,1541.81,172.12,0.0,19012.33,475.31
ORD-2024-19508,P0748,WH_NAGPUR_C,46,8289.199999999999,1423.8,197.94,0.0,9910.94,215.46
ORD-2024-19509,P0642,WH_BLR_S,36,17569.079999999998,1418.81,154.91,0.0,19142.8,531.74
ORD-2024-19510,P0714,WH_BLR_S,31,2247.19,840.33,133.39,0.0,3220.91,103.9
ORD-2024-19511,P0027,WH_MUMBAI_W,15,7774.049999999999,1476.52,64.54,0.0,9315.11,621.01
ORD-2024-19512,P0876,WH_DELHI_N,42,18556.86,1574.41,180.72,0.0,20311.99,483.62
ORD-2024-19513,P0672,WH_NAGPUR_C,18,4479.4800000000005,1464.83,77.45,0.0,6021.76,334.54
ORD-2024-19514,P0191,WH_MUMBAI_W,15,1375.5,893.14,64.54,0.0,2333.18,155.55
ORD-2024-19515,P0994,WH_BLR_S,19,6380.39,593.17,81.76,0.0,7055.32,371.33
ORD-2024-19516,P0076,WH_BLR_S,24,5550.24,1228.17,103.27,0.0,6881.68,286.74
ORD-2024-19517,P0230,WH_NAGPUR_C,35,12271.7,412.77,150.6,0.0,12835.07,366.72
ORD-2024-19518,P0540,WH_KOLKATA_E,2,792.1,596.75,8.61,0.0,1397.46,698.73
ORD-2024-19519,P0755,WH_KOLKATA_E,13,7899.45,819.07,55.94,0.0,8774.46,674.96
ORD-2024-19520,P0533,WH_MUMBAI_W,45,7987.5,1424.48,193.63,0.0,9605.61,213.46
ORD-2024-19521,P0801,WH_BLR_S,9,5309.099999999999,878.84,38.73,0.0,6226.67,691.85
ORD-2024-19522,P0583,WH_KOLKATA_E,35,14319.2,251.8,150.6,0.0,14721.6,420.62
ORD-2024-19523,P0584,WH_KOLKATA_E,2,960.12,978.96,8.61,0.0,1947.69,973.84
ORD-2024-19524,P0822,WH_BLR_S,46,19578.98,127.93,197.94,0.0,19904.85,432.71
ORD-2024-19525,P0521,WH_BLR_S,16,9277.28,523.96,68.85,0.0,9870.09,616.88
ORD-2024-19526,P0479,WH_KOLKATA_E,46,31999.44,377.41,197.94,0.0,32574.79,708.15
ORD-2024-19527,P0642,WH_MUMBAI_W,36,17569.079999999998,1055.38,154.91,0.0,18779.37,521.65
ORD-2024-19528,P0154,WH_KOLKATA_E,2,751.5,381.55,8.61,0.0,1141.66,570.83
ORD-2024-19529,P0205,WH_DELHI_N,16,8874.88,989.68,68.85,0.0,9933.41,620.84
ORD-2024-19530,P0410,WH_DELHI_N,8,4106.48,1116.17,34.42,0.0,5257.07,657.13
ORD-2024-19531,P0909,WH_DELHI_N,1,330.78,889.36,4.3,0.0,1224.44,1224.44
ORD-2024-19532,P0560,WH_DELHI_N,18,653.04,203.94,77.45,0.0,934.43,51.91
ORD-2024-19533,P0345,WH_MUMBAI_W,41,28847.190000000002,230.92,176.42,0.0,29254.53,713.53
ORD-2024-19534,P0596,WH_MUMBAI_W,26,6200.74,829.06,111.88,0.0,7141.68,274.68
ORD-2024-19535,P0533,WH_BLR_S,44,7810.0,506.69,189.33,0.0,8506.02,193.32
ORD-2024-19536,P0357,WH_DELHI_N,5,2427.95,804.6,21.51,0.0,3254.06,650.81
ORD-2024-19537,P0892,WH_BLR_S,21,1321.95,1116.25,90.36,0.0,2528.56,120.41
ORD-2024-19538,P0568,WH_BLR_S,35,26476.100000000002,715.56,150.6,0.0,27342.26,781.21
ORD-2024-19539,P0372,WH_KOLKATA_E,40,26106.0,1038.6,172.12,0.0,27316.72,682.92
ORD-2024-19540,P0195,WH_KOLKATA_E,28,16152.08,1518.89,120.48,0.0,17791.45,635.41
ORD-2024-19541,P0714,WH_DELHI_N,26,1884.7399999999998,1081.33,111.88,0.0,3077.95,118.38
ORD-2024-19542,P0965,WH_KOLKATA_E,32,7892.8,405.2,137.69,0.0,8435.69,263.62
ORD-2024-19543,P0115,WH_DELHI_N,48,36782.88,318.6,206.54,0.0,37308.02,777.25
ORD-2024-19544,P0711,WH_DELHI_N,44,33170.72,1592.88,189.33,0.0,34952.93,794.38
ORD-2024-19545,P0569,WH_NAGPUR_C,44,27324.879999999997,1592.11,189.33,0.0,29106.32,661.51
ORD-2024-19546,P0981,WH_NAGPUR_C,21,1329.72,821.72,90.36,0.0,2241.8,106.75
ORD-2024-19547,P0553,WH_NAGPUR_C,4,1071.68,1440.18,17.21,0.0,2529.07,632.27
ORD-2024-19548,P0904,WH_DELHI_N,42,9304.68,1093.43,180.72,0.0,10578.83,251.88
ORD-2024-19549,P0560,WH_MUMBAI_W,41,1487.48,254.88,176.42,0.0,1918.78,46.8
ORD-2024-19550,P0746,WH_NAGPUR_C,36,21213.72,1386.47,154.91,0.0,22755.1,632.09
ORD-2024-19551,P0084,WH_KOLKATA_E,24,19660.32,751.26,103.27,0.0,20514.85,854.79
ORD-2024-19552,P0796,WH_NAGPUR_C,33,18728.489999999998,934.09,142.0,0.0,19804.58,600.14
ORD-2024-19553,P0836,WH_NAGPUR_C,5,1906.75,1424.82,21.51,0.0,3353.08,670.62
ORD-2024-19554,P0956,WH_DELHI_N,3,2137.17,1026.36,12.91,0.0,3176.44,1058.81
ORD-2024-19555,P0956,WH_NAGPUR_C,11,7836.29,947.13,47.33,0.0,8830.75,802.8
ORD-2024-19556,P0102,WH_DELHI_N,45,4202.55,1287.53,193.63,0.0,5683.71,126.3
ORD-2024-19557,P0159,WH_DELHI_N,32,12693.12,1333.27,137.69,0.0,14164.08,442.63
ORD-2024-19558,P0544,WH_DELHI_N,22,10037.5,1047.9,94.67,0.0,11180.07,508.18
ORD-2024-19559,P0027,WH_NAGPUR_C,11,5700.969999999999,212.26,47.33,0.0,5960.56,541.87
ORD-2024-19560,P0267,WH_NAGPUR_C,38,8141.5,1359.67,163.51,0.0,9664.68,254.33
ORD-2024-19561,P0627,WH_BLR_S,22,18572.4,1024.42,94.67,0.0,19691.49,895.07
ORD-2024-19562,P0596,WH_NAGPUR_C,4,953.96,1018.35,17.21,0.0,1989.52,497.38
ORD-2024-19563,P0404,WH_DELHI_N,39,24450.269999999997,1389.49,167.82,0.0,26007.58,666.86
ORD-2024-19564,P0492,WH_KOLKATA_E,3,2075.1000000000004,766.28,12.91,0.0,2854.29,951.43
ORD-2024-19565,P0491,WH_NAGPUR_C,10,571.4,224.74,43.03,0.0,839.17,83.92
ORD-2024-19566,P0688,WH_NAGPUR_C,37,6990.78,472.4,159.21,0.0,7622.39,206.01
ORD-2024-19567,P0202,WH_BLR_S,19,5480.17,1527.33,81.76,0.0,7089.26,373.12
ORD-2024-19568,P0714,WH_MUMBAI_W,18,1304.82,1327.47,77.45,0.0,2709.74,150.54
ORD-2024-19569,P0620,WH_MUMBAI_W,28,3321.36,907.51,120.48,0.0,4349.35,155.33
ORD-2024-19570,P0918,WH_KOLKATA_E,31,13461.130000000001,1446.41,133.39,0.0,15040.93,485.19
ORD-2024-19571,P0161,WH_NAGPUR_C,17,4869.82,1557.97,73.15,0.0,6500.94,382.41
ORD-2024-19572,P0801,WH_NAGPUR_C,24,14157.599999999999,1345.42,103.27,0.0,15606.29,650.26
ORD-2024-19573,P0662,WH_DELHI_N,1,733.15,1609.54,4.3,0.0,2346.99,2346.99
ORD-2024-19574,P0834,WH_KOLKATA_E,5,3194.8500000000004,1490.44,21.51,0.0,4706.8,941.36
ORD-2024-19575,P0300,WH_BLR_S,32,12924.16,905.03,137.69,0.0,13966.88,436.46
ORD-2024-19576,P0809,WH_KOLKATA_E,17,4741.64,1089.32,73.15,0.0,5904.11,347.3
ORD-2024-19577,P0583,WH_BLR_S,21,8591.52,1632.7206,90.36,0.0,10314.6,491.17
ORD-2024-19578,P0783,WH_MUMBAI_W,41,22481.940000000002,1488.84,176.42,0.0,24147.2,588.96
ORD-2024-19579,P0353,WH_MUMBAI_W,43,34801.62,901.16,185.03,0.0,35887.81,834.6
ORD-2024-19580,P0568,WH_MUMBAI_W,22,16642.120000000003,406.56,94.67,0.0,17143.35,779.24
ORD-2024-19581,P0809,WH_MUMBAI_W,39,10877.880000000001,360.68,167.82,0.0,11406.38,292.47
ORD-2024-19582,P0866,WH_BLR_S,39,21814.260000000002,316.73,167.82,0.0,22298.81,571.76
ORD-2024-19583,P0867,WH_MUMBAI_W,34,26522.72,191.66,146.3,0.0,26860.68,790.02
ORD-2024-19584,P0294,WH_KOLKATA_E,14,530.6,1166.47,60.24,0.0,1757.31,125.52
ORD-2024-19585,P0408,WH_KOLKATA_E,16,2714.4,1025.49,68.85,0.0,3808.74,238.05
ORD-2024-19586,P0076,WH_BLR_S,5,1156.3,726.12,21.51,0.0,1903.93,380.79
ORD-2024-19587,P0345,WH_BLR_S,18,12664.62,95.6674,77.45,0.0,12837.74,713.21
ORD-2024-19588,P0633,WH_DELHI_N,4,1951.08,961.39,17.21,0.0,2929.68,732.42
ORD-2024-19589,P0634,WH_DELHI_N,44,32344.4,203.84,189.33,0.0,32737.57,744.04
ORD-2024-19590,P0213,WH_BLR_S,28,12056.24,1105.11,120.48,0.0,13281.83,474.35
ORD-2024-19591,P0517,WH_DELHI_N,45,13409.550000000001,1599.04,193.63,0.0,15202.22,337.83
ORD-2024-19592,P0364,WH_KOLKATA_E,27,22580.640000000003,1455.29,116.18,0.0,24152.11,894.52
ORD-2024-19593,P0852,WH_MUMBAI_W,6,3967.7999999999997,421.81,25.82,0.0,4415.43,735.91
ORD-2024-19594,P0103,WH_DELHI_N,11,1428.02,1045.83,47.33,0.0,2521.18,229.2
ORD-2024-19595,P0596,WH_BLR_S,47,11209.03,572.5,202.24,0.0,11983.77,254.97
ORD-2024-19596,P0076,WH_DELHI_N,21,4856.46,897.67,90.36,0.0,5844.49,278.31
ORD-2024-19597,P0719,WH_NAGPUR_C,17,3982.93,736.83,73.15,0.0,4792.91,281.94
ORD-2024-19598,P0994,WH_DELHI_N,31,10410.11,466.35,133.39,0.0,11009.85,355.16
ORD-2024-19599,P0218,WH_NAGPUR_C,34,27925.56,845.37,146.3,0.0,28917.23,850.51
ORD-2024-19600,P0759,WH_NAGPUR_C,13,7161.44,1246.6,55.94,0.0,8463.98,651.08
ORD-2024-19601,P0709,WH_BLR_S,23,11114.29,1055.46,98.97,0.0,12268.72,533.42
ORD-2024-19602,P0553,WH_MUMBAI_W,1,267.92,371.76,4.3,0.0,643.98,643.98
ORD-2024-19603,P0342,WH_DELHI_N,4,565.04,178.71,17.21,0.0,760.96,190.24
ORD-2024-19604,P0824,WH_DELHI_N,30,24755.399999999998,1238.68,129.09,0.0,26123.17,870.77
ORD-2024-19605,P0404,WH_MUMBAI_W,31,19434.829999999998,1136.37,133.39,0.0,20704.59,667.89
ORD-2024-19606,P0893,WH_MUMBAI_W,47,26774.019999999997,785.01,202.24,0.0,27761.27,590.67
ORD-2024-19607,P0011,WH_BLR_S,16,6824.96,1141.6,68.85,0.0,8035.41,502.21
ORD-2024-19608,P0763,WH_KOLKATA_E,43,35469.41,1541.62,185.03,0.0,37196.06,865.02
ORD-2024-19609,P0432,WH_KOLKATA_E,3,2291.43,666.98,12.91,0.0,2971.32,990.44
ORD-2024-19610,P0884,WH_KOLKATA_E,12,3412.08,723.58,51.64,0.0,4187.3,348.94
ORD-2024-19611,P0294,WH_BLR_S,12,454.79999999999995,914.18,51.64,0.0,1420.62,118.38
ORD-2024-19612,P0918,WH_NAGPUR_C,11,4776.530000000001,1204.89,47.33,0.0,6028.75,548.07
ORD-2024-19613,P0231,WH_MUMBAI_W,16,9520.32,753.72,68.85,0.0,10342.89,646.43
ORD-2024-19614,P0554,WH_KOLKATA_E,29,21212.63,1201.8,124.79,0.0,22539.22,777.21
ORD-2024-19615,P0202,WH_KOLKATA_E,21,6057.03,541.43,90.36,0.0,6688.82,318.52
ORD-2024-19616,P0345,WH_BLR_S,45,31661.550000000003,298.65,193.63,0.0,32153.83,714.53
ORD-2024-19617,P0103,WH_BLR_S,44,5712.08,266.71,189.33,0.0,6168.12,140.18
ORD-2024-19618,P0276,WH_MUMBAI_W,42,27680.519999999997,214.91,180.72,0.0,28076.15,668.48
ORD-2024-19619,P0755,WH_DELHI_N,43,26128.95,95.6674,185.03,0.0,26409.65,614.18
ORD-2024-19620,P0041,WH_DELHI_N,5,1225.45,1596.06,21.51,0.0,2843.02,568.6
ORD-2024-19621,P0161,WH_DELHI_N,13,3723.9799999999996,1384.51,55.94,0.0,5164.43,397.26
ORD-2024-19622,P0641,WH_NAGPUR_C,17,9001.5,896.0,73.15,0.0,9970.65,586.51
ORD-2024-19623,P0709,WH_NAGPUR_C,12,5798.76,533.65,51.64,0.0,6384.05,532.0
ORD-2024-19624,P0981,WH_NAGPUR_C,17,1076.44,1221.28,73.15,0.0,2370.87,139.46
ORD-2024-19625,P0517,WH_BLR_S,1,297.99,1576.79,4.3,0.0,1879.08,1879.08
ORD-2024-19626,P0748,WH_BLR_S,8,1441.6,652.04,34.42,0.0,2128.06,266.01
ORD-2024-19627,P0926,WH_BLR_S,16,8688.16,681.56,68.85,0.0,9438.57,589.91
ORD-2024-19628,P0188,WH_MUMBAI_W,15,12013.2,1352.06,64.54,0.0,13429.8,895.32
ORD-2024-19629,P0458,WH_MUMBAI_W,19,15500.199999999999,815.02,81.76,0.0,16396.98,863.0
ORD-2024-19630,P0371,WH_NAGPUR_C,25,4284.75,1349.26,107.57,0.0,5741.58,229.66
ORD-2024-19631,P0030,WH_BLR_S,31,12032.03,391.29,133.39,0.0,12556.71,405.06
ORD-2024-19632,P0598,WH_NAGPUR_C,42,9131.22,1489.71,180.72,0.0,10801.65,257.18
ORD-2024-19633,P0627,WH_NAGPUR_C,2,1688.4,350.61,8.61,0.0,2047.62,1023.81
ORD-2024-19634,P0568,WH_DELHI_N,25,18911.5,1228.4,107.57,0.0,20247.47,809.9
ORD-2024-19635,P0332,WH_BLR_S,31,19725.3,540.63,133.39,0.0,20399.32,658.04
ORD-2024-19636,P0852,WH_DELHI_N,4,2645.2,1384.44,17.21,0.0,4046.85,1011.71
ORD-2024-19637,P0465,WH_NAGPUR_C,4,2372.04,404.28,17.21,0.0,2793.53,698.38
ORD-2024-19638,P0152,WH_KOLKATA_E,12,2988.2400000000002,1092.19,51.64,0.0,4132.07,344.34
ORD-2024-19639,P0143,WH_DELHI_N,17,10761.849999999999,928.63,73.15,0.0,11763.63,691.98
ORD-2024-19640,P0754,WH_KOLKATA_E,21,15113.07,504.12,90.36,0.0,15707.55,747.98
ORD-2024-19641,P0430,WH_DELHI_N,29,16115.59,871.83,124.79,0.0,17112.21,590.08
ORD-2024-19642,P0195,WH_BLR_S,22,12690.92,1519.26,94.67,0.0,14304.85,650.22
ORD-2024-19643,P0030,WH_KOLKATA_E,36,13972.68,1228.1,154.91,0.0,15355.69,426.55
ORD-2024-19644,P0988,WH_DELHI_N,40,32719.2,147.34,172.12,0.0,33038.66,825.97
ORD-2024-19645,P0193,WH_NAGPUR_C,16,5730.56,1523.11,68.85,0.0,7322.52,457.66
ORD-2024-19646,P0834,WH_KOLKATA_E,15,9584.550000000001,1222.7,64.54,0.0,10871.79,724.79
ORD-2024-19647,P0672,WH_MUMBAI_W,30,7465.8,558.34,129.09,0.0,8153.23,271.77
ORD-2024-19648,P0364,WH_BLR_S,46,38470.72,1618.71,197.94,0.0,40287.37,875.81
ORD-2024-19649,P0673,WH_MUMBAI_W,11,5468.54,804.77,47.33,0.0,6320.64,574.6
ORD-2024-19650,P0907,WH_KOLKATA_E,13,2002.78,963.15,55.94,0.0,3021.87,232.45
ORD-2024-19651,P0337,WH_KOLKATA_E,23,7638.99,555.85,98.97,0.0,8293.81,360.6
ORD-2024-19652,P0470,WH_BLR_S,40,28620.0,1523.12,172.12,0.0,30315.24,757.88
ORD-2024-19653,P0064,WH_DELHI_N,41,10317.65,621.71,176.42,0.0,11115.78,271.12
ORD-2024-19654,P0693,WH_KOLKATA_E,34,13884.24,1108.16,146.3,0.0,15138.7,445.26
ORD-2024-19655,P0487,WH_BLR_S,20,884.0,992.16,86.06,0.0,1962.22,98.11
ORD-2024-19656,P0708,WH_KOLKATA_E,2,417.26,1191.0,8.61,0.0,1616.87,808.44
ORD-2024-19657,P0637,WH_KOLKATA_E,8,2958.48,192.78,34.42,0.0,3185.68,398.21
ORD-2024-19658,P0154,WH_BLR_S,18,6763.5,924.09,77.45,0.0,7765.04,431.39
ORD-2024-19659,P0070,WH_DELHI_N,7,3717.4900000000002,492.11,30.12,0.0,4239.72,605.67
ORD-2024-19660,P0193,WH_BLR_S,43,15400.880000000001,321.75,185.03,0.0,15907.66,369.95
ORD-2024-19661,P0076,WH_BLR_S,31,7169.0599999999995,1013.38,133.39,0.0,8315.83,268.25
ORD-2024-19662,P0716,WH_BLR_S,22,8165.740000000001,882.41,94.67,0.0,9142.82,415.58
ORD-2024-19663,P0918,WH_MUMBAI_W,28,12158.44,762.09,120.48,0.0,13041.01,465.75
ORD-2024-19664,P0637,WH_BLR_S,25,9245.25,730.03,107.57,0.0,10082.85,403.31
ORD-2024-19665,P0709,WH_MUMBAI_W,1,483.23,597.01,4.3,0.0,1084.54,1084.54
ORD-2024-19666,P0754,WH_DELHI_N,32,23029.44,130.53,137.69,0.0,23297.66,728.05
ORD-2024-19667,P0595,WH_MUMBAI_W,25,5945.0,1067.84,107.57,0.0,7120.41,284.82
ORD-2024-19668,P0801,WH_MUMBAI_W,48,28315.199999999997,1390.54,206.54,0.0,29912.28,623.17
ORD-2024-19669,P0368,WH_MUMBAI_W,16,13100.64,805.73,68.85,0.0,13975.22,873.45
ORD-2024-19670,P0266,WH_MUMBAI_W,29,6090.58,567.57,124.79,0.0,6782.94,233.89
ORD-2024-19671,P0584,WH_BLR_S,42,20162.52,528.23,180.72,0.0,20871.47,496.94
ORD-2024-19672,P0470,WH_BLR_S,24,17172.0,422.0,103.27,0.0,17697.27,737.39
ORD-2024-19673,P0337,WH_NAGPUR_C,17,5646.21,670.25,73.15,0.0,6389.61,375.86
ORD-2024-19674,P0125,WH_NAGPUR_C,42,8086.26,199.26,180.72,0.0,8466.24,201.58
ORD-2024-19675,P0342,WH_KOLKATA_E,6,847.56,449.7,25.82,0.0,1323.08,220.51
ORD-2024-19676,P0027,WH_MUMBAI_W,14,7255.78,1460.76,60.24,0.0,8776.78,626.91
ORD-2024-19677,P0083,WH_NAGPUR_C,26,14140.88,744.24,111.88,0.0,14997.0,576.81
ORD-2024-19678,P0627,WH_NAGPUR_C,28,23637.600000000002,124.51,120.48,0.0,23882.59,852.95
ORD-2024-19679,P0030,WH_DELHI_N,47,18242.11,95.6674,202.24,0.0,18540.02,394.47
ORD-2024-19680,P0021,WH_KOLKATA_E,36,8901.720000000001,1474.76,154.91,0.0,10531.39,292.54
ORD-2024-19681,P0276,WH_MUMBAI_W,31,20430.859999999997,1239.94,133.39,0.0,21804.19,703.36
ORD-2024-19682,P0952,WH_KOLKATA_E,27,13448.429999999998,579.56,116.18,0.0,14144.17,523.86
ORD-2024-19683,P0131,WH_KOLKATA_E,2,154.8,695.79,8.61,0.0,859.2,429.6
ORD-2024-19684,P0893,WH_MUMBAI_W,19,10823.539999999999,1150.97,81.76,0.0,12056.27,634.54
ORD-2024-19685,P0193,WH_BLR_S,28,10028.480000000001,1040.11,120.48,0.0,11189.07,399.61
ORD-2024-19686,P0521,WH_KOLKATA_E,45,26092.350000000002,1055.46,193.63,0.0,27341.44,607.59
ORD-2024-19687,P0335,WH_MUMBAI_W,44,37055.479999999996,584.32,189.33,0.0,37829.13,859.75
ORD-2024-19688,P0150,WH_MUMBAI_W,21,4715.13,1351.04,90.36,0.0,6156.53,293.17
ORD-2024-19689,P0975,WH_KOLKATA_E,45,1889.1,1218.05,193.63,0.0,3300.78,73.35
ORD-2024-19690,P0266,WH_KOLKATA_E,15,3150.3,1196.56,64.54,0.0,4411.4,294.09
ORD-2024-19691,P0992,WH_BLR_S,34,17398.14,439.39,146.3,0.0,17983.83,528.94
ORD-2024-19692,P0840,WH_DELHI_N,40,13090.0,583.12,172.12,0.0,13845.24,346.13
ORD-2024-19693,P0408,WH_MUMBAI_W,3,508.95000000000005,714.22,12.91,0.0,1236.08,412.03
ORD-2024-19694,P0907,WH_NAGPUR_C,1,154.06,603.59,4.3,0.0,761.95,761.95
ORD-2024-19695,P0119,WH_NAGPUR_C,24,5524.799999999999,468.94,103.27,0.0,6097.01,254.04
ORD-2024-19696,P0568,WH_BLR_S,43,32527.780000000002,1054.17,185.03,0.0,33766.98,785.28
ORD-2024-19697,P0952,WH_BLR_S,27,13448.429999999998,1005.24,116.18,0.0,14569.85,539.62
ORD-2024-19698,P0994,WH_MUMBAI_W,9,3022.29,922.49,38.73,0.0,3983.51,442.61
ORD-2024-19699,P0432,WH_MUMBAI_W,24,18331.44,1013.68,103.27,0.0,19448.39,810.35
ORD-2024-19700,P0135,WH_BLR_S,17,10367.45,1589.19,73.15,0.0,12029.79,707.63
ORD-2024-19701,P0992,WH_BLR_S,28,14327.88,257.41,120.48,0.0,14705.77,525.21
ORD-2024-19702,P0297,WH_KOLKATA_E,39,17346.03,1190.06,167.82,0.0,18703.91,479.59
ORD-2024-19703,P0080,WH_KOLKATA_E,4,1170.32,1325.42,17.21,0.0,2512.95,628.24
ORD-2024-19704,P0651,WH_MUMBAI_W,29,6806.01,793.6,124.79,0.0,7724.4,266.36
ORD-2024-19705,P0116,WH_MUMBAI_W,45,7933.95,599.88,193.63,0.0,8727.46,193.94
ORD-2024-19706,P0595,WH_KOLKATA_E,28,6658.400000000001,938.43,120.48,0.0,7717.31,275.62
ORD-2024-19707,P0371,WH_MUMBAI_W,37,6341.429999999999,1278.44,159.21,0.0,7779.08,210.25
ORD-2024-19708,P0926,WH_DELHI_N,29,15747.289999999999,1537.42,124.79,0.0,17409.5,600.33
ORD-2024-19709,P0159,WH_BLR_S,44,17453.04,1085.74,189.33,0.0,18728.11,425.64
ORD-2024-19710,P0620,WH_BLR_S,29,3439.98,1041.76,124.79,0.0,4606.53,158.85
ORD-2024-19711,P0857,WH_MUMBAI_W,5,2587.0,1482.31,21.51,0.0,4090.82,818.16
ORD-2024-19712,P0466,WH_DELHI_N,11,2440.2400000000002,862.25,47.33,0.0,3349.82,304.53
ORD-2024-19713,P0521,WH_NAGPUR_C,2,1159.66,658.74,8.61,0.0,1827.01,913.5
ORD-2024-19714,P0708,WH_KOLKATA_E,4,834.52,401.69,17.21,0.0,1253.42,313.36
ORD-2024-19715,P0297,WH_DELHI_N,10,4447.7,319.6,43.03,0.0,4810.33,481.03
ORD-2024-19716,P0971,WH_BLR_S,39,22072.83,581.31,167.82,0.0,22821.96,585.18
ORD-2024-19717,P0470,WH_DELHI_N,44,31482.0,95.6674,189.33,0.0,31767.0,721.98
ORD-2024-19718,P0076,WH_BLR_S,8,1850.08,1059.6,34.42,0.0,2944.1,368.01
ORD-2024-19719,P0220,WH_MUMBAI_W,23,13770.330000000002,1346.26,98.97,0.0,15215.56,661.55
ORD-2024-19720,P0755,WH_DELHI_N,27,16406.55,1042.86,116.18,0.0,17565.59,650.58
ORD-2024-19721,P0909,WH_KOLKATA_E,23,7607.94,1563.14,98.97,0.0,9270.05,403.05
ORD-2024-19722,P0357,WH_MUMBAI_W,48,23308.32,1499.79,206.54,0.0,25014.65,521.14
ORD-2024-19723,P0907,WH_BLR_S,34,5238.04,975.45,146.3,0.0,6359.79,187.05
ORD-2024-19724,P0711,WH_DELHI_N,35,26385.8,389.92,150.6,0.0,26926.32,769.32
ORD-2024-19725,P0116,WH_MUMBAI_W,17,2997.27,379.33,73.15,0.0,3449.75,202.93
ORD-2024-19726,P0688,WH_BLR_S,47,8880.18,672.76,202.24,0.0,9755.18,207.56
ORD-2024-19727,P0011,WH_KOLKATA_E,10,4265.6,340.16,43.03,0.0,4648.79,464.88
ORD-2024-19728,P0711,WH_KOLKATA_E,2,1507.76,789.14,8.61,0.0,2305.51,1152.76
ORD-2024-19729,P0892,WH_KOLKATA_E,17,1070.15,1513.12,73.15,0.0,2656.42,156.26
ORD-2024-19730,P0218,WH_KOLKATA_E,31,25461.54,1632.7206,133.39,0.0,27227.65,878.31
ORD-2024-19731,P0286,WH_BLR_S,16,1640.64,1145.28,68.85,0.0,2854.77,178.42
ORD-2024-19732,P0372,WH_DELHI_N,24,15663.599999999999,989.69,103.27,0.0,16756.56,698.19
ORD-2024-19733,P0102,WH_NAGPUR_C,7,653.73,1383.16,30.12,0.0,2067.01,295.29
ORD-2024-19734,P0567,WH_MUMBAI_W,19,7017.84,1515.86,81.76,0.0,8615.46,453.45
ORD-2024-19735,P0218,WH_MUMBAI_W,16,13141.44,1279.18,68.85,0.0,14489.47,905.59
ORD-2024-19736,P0429,WH_BLR_S,33,23631.63,1059.8,142.0,0.0,24833.43,752.53
ORD-2024-19737,P0154,WH_DELHI_N,36,13527.0,911.21,154.91,0.0,14593.12,405.36
ORD-2024-19738,P0589,WH_MUMBAI_W,45,12930.750000000002,640.95,193.63,0.0,13765.33,305.9
ORD-2024-19739,P0911,WH_NAGPUR_C,10,291.8,671.49,43.03,0.0,1006.32,100.63
ORD-2024-19740,P0191,WH_BLR_S,43,3943.1,356.27,185.03,0.0,4484.4,104.29
ORD-2024-19741,P0152,WH_DELHI_N,15,3735.3,450.53,64.54,0.0,4250.37,283.36
ORD-2024-19742,P0470,WH_KOLKATA_E,43,30766.5,1176.79,185.03,0.0,32128.32,747.17
ORD-2024-19743,P0476,WH_NAGPUR_C,3,1599.2400000000002,1101.02,12.91,0.0,2713.17,904.39
ORD-2024-19744,P0633,WH_KOLKATA_E,2,975.54,615.94,8.61,0.0,1600.09,800.04
ORD-2024-19745,P0521,WH_BLR_S,43,24932.690000000002,787.55,185.03,0.0,25905.27,602.45
ORD-2024-19746,P0927,WH_NAGPUR_C,42,3943.38,740.24,180.72,0.0,4864.34,115.82
ORD-2024-19747,P0637,WH_BLR_S,35,12943.35,452.79,150.6,0.0,13546.74,387.05
ORD-2024-19748,P0119,WH_BLR_S,27,6215.4,264.34,116.18,0.0,6595.92,244.29
ORD-2024-19749,P0893,WH_BLR_S,5,2848.2999999999997,808.96,21.51,0.0,3678.77,735.75
ORD-2024-19750,P0230,WH_DELHI_N,15,5259.3,1118.4,64.54,0.0,6442.24,429.48
ORD-2024-19751,P0363,WH_NAGPUR_C,36,24769.079999999998,208.66,154.91,0.0,25132.65,698.13
ORD-2024-19752,P0222,WH_BLR_S,49,9262.96,209.97,210.85,0.0,9683.78,197.63
ORD-2024-19753,P0693,WH_MUMBAI_W,33,13475.880000000001,352.85,142.0,0.0,13970.73,423.36
ORD-2024-19754,P0218,WH_KOLKATA_E,1,821.34,1263.58,4.3,0.0,2089.22,2089.22
ORD-2024-19755,P0487,WH_MUMBAI_W,12,530.4000000000001,1182.88,51.64,0.0,1764.92,147.08
ORD-2024-19756,P0103,WH_DELHI_N,42,5452.44,775.1,180.72,0.0,6408.26,152.58
ORD-2024-19757,P0716,WH_KOLKATA_E,41,15217.970000000001,1632.7206,176.42,0.0,17027.11,415.3
ORD-2024-19758,P0041,WH_NAGPUR_C,9,2205.81,794.9,38.73,0.0,3039.44,337.72
ORD-2024-19759,P0992,WH_NAGPUR_C,20,10234.199999999999,1072.64,86.06,0.0,11392.9,569.64
ORD-2024-19760,P0988,WH_DELHI_N,30,24539.4,888.0,129.09,0.0,25556.49,851.88
ORD-2024-19761,P0926,WH_MUMBAI_W,14,7602.139999999999,1503.12,60.24,0.0,9165.5,654.68
ORD-2024-19762,P0160,WH_NAGPUR_C,23,18384.129999999997,326.75,98.97,0.0,18809.85,817.82
ORD-2024-19763,P0545,WH_MUMBAI_W,29,8457.56,244.21,124.79,0.0,8826.56,304.36
ORD-2024-19764,P0279,WH_KOLKATA_E,42,29094.24,836.41,180.72,0.0,30111.37,716.94
ORD-2024-19765,P0062,WH_DELHI_N,35,4220.650000000001,1094.44,150.6,0.0,5465.69,156.16
ORD-2024-19766,P0554,WH_KOLKATA_E,27,19749.690000000002,1455.78,116.18,0.0,21321.65,789.69
ORD-2024-19767,P0583,WH_DELHI_N,49,20046.88,845.92,210.85,0.0,21103.65,430.69
ORD-2024-19768,P0449,WH_MUMBAI_W,27,8441.55,319.4,116.18,0.0,8877.13,328.78
ORD-2024-19769,P0867,WH_KOLKATA_E,30,23402.4,572.4,129.09,0.0,24103.89,803.46
ORD-2024-19770,P0294,WH_DELHI_N,3,113.69999999999999,1246.08,12.91,0.0,1372.69,457.56
ORD-2024-19771,P0091,WH_MUMBAI_W,12,7998.24,545.81,51.64,0.0,8595.69,716.31
ORD-2024-19772,P0884,WH_KOLKATA_E,47,13363.98,1420.19,202.24,0.0,14986.41,318.86
ORD-2024-19773,P0836,WH_KOLKATA_E,31,11821.85,283.05,133.39,0.0,12238.29,394.78
ORD-2024-19774,P0746,WH_BLR_S,37,21802.989999999998,836.86,159.21,0.0,22799.06,616.19
ORD-2024-19775,P0102,WH_KOLKATA_E,27,2521.53,1211.21,116.18,0.0,3848.92,142.55
ORD-2024-19776,P0161,WH_DELHI_N,47,13463.619999999999,581.29,202.24,0.0,14247.15,303.13
ORD-2024-19777,P0368,WH_DELHI_N,24,19650.96,1095.95,103.27,0.0,20850.18,868.76
ORD-2024-19778,P0479,WH_MUMBAI_W,48,33390.72,1632.7206,206.54,0.0,35229.98,733.96
ORD-2024-19779,P0583,WH_NAGPUR_C,41,16773.920000000002,199.68,176.42,0.0,17150.02,418.29
ORD-2024-19780,P0041,WH_DELHI_N,40,9803.6,131.04,172.12,0.0,10106.76,252.67
ORD-2024-19781,P0988,WH_DELHI_N,11,8997.78,1059.36,47.33,0.0,10104.47,918.59
ORD-2024-19782,P0754,WH_KOLKATA_E,27,19431.09,1499.55,116.18,0.0,21046.82,779.51
ORD-2024-19783,P0780,WH_KOLKATA_E,9,5749.56,895.7,38.73,0.0,6683.99,742.67
ORD-2024-19784,P0714,WH_BLR_S,16,1159.84,798.54,68.85,0.0,2027.23,126.7
ORD-2024-19785,P0836,WH_NAGPUR_C,14,5338.900000000001,443.71,60.24,0.0,5842.85,417.35
ORD-2024-19786,P0470,WH_NAGPUR_C,47,33628.5,573.71,202.24,0.0,34404.45,732.01
ORD-2024-19787,P0109,WH_MUMBAI_W,30,13627.5,95.6674,129.09,0.0,13852.26,461.74
ORD-2024-19788,P0595,WH_NAGPUR_C,46,10938.800000000001,965.99,197.94,0.0,12102.73,263.1
ORD-2024-19789,P0754,WH_KOLKATA_E,24,17272.079999999998,1382.86,103.27,0.0,18758.21,781.59
ORD-2024-19790,P0056,WH_DELHI_N,42,28603.26,1244.08,180.72,0.0,30028.06,714.95
ORD-2024-19791,P0202,WH_DELHI_N,13,3749.59,832.99,55.94,0.0,4638.52,356.81
ORD-2024-19792,P0105,WH_NAGPUR_C,33,22463.760000000002,772.1,142.0,0.0,23377.86,708.42
ORD-2024-19793,P0476,WH_DELHI_N,9,4797.72,1112.23,38.73,0.0,5948.68,660.96
ORD-2024-19794,P0637,WH_DELHI_N,49,18120.69,1559.97,210.85,0.0,19891.51,405.95
ORD-2024-19795,P0198,WH_MUMBAI_W,26,18645.12,1297.79,111.88,0.0,20054.79,771.34
ORD-2024-19796,P0595,WH_KOLKATA_E,49,11652.2,894.24,210.85,0.0,12757.29,260.35
ORD-2024-19797,P0836,WH_BLR_S,42,16016.7,1472.2,180.72,0.0,17669.62,420.71
ORD-2024-19798,P0521,WH_NAGPUR_C,45,26092.350000000002,1614.59,193.63,0.0,27900.57,620.01
ORD-2024-19799,P0560,WH_MUMBAI_W,13,471.64,1152.76,55.94,0.0,1680.34,129.26
ORD-2024-19800,P0633,WH_BLR_S,21,10243.17,1532.08,90.36,0.0,11865.61,565.03
ORD-2024-19801,P0763,WH_BLR_S,29,23921.23,1632.7206,124.79,0.0,25678.74,885.47
ORD-2024-19802,P0372,WH_MUMBAI_W,28,18274.2,947.85,120.48,0.0,19342.53,690.8
ORD-2024-19803,P0103,WH_BLR_S,24,3115.68,491.42,103.27,0.0,3710.37,154.6
ORD-2024-19804,P0458,WH_BLR_S,13,10605.4,1190.2,55.94,0.0,11851.54,911.66
ORD-2024-19805,P0666,WH_NAGPUR_C,42,26282.76,261.85,180.72,0.0,26725.33,636.32
ORD-2024-19806,P0840,WH_NAGPUR_C,20,6545.0,568.45,86.06,0.0,7199.51,359.98
ORD-2024-19807,P0021,WH_NAGPUR_C,39,9643.53,846.63,167.82,0.0,10657.98,273.28
ORD-2024-19808,P0907,WH_KOLKATA_E,7,1078.42,1351.82,30.12,0.0,2460.36,351.48
ORD-2024-19809,P0492,WH_MUMBAI_W,41,28359.7,844.55,176.42,0.0,29380.67,716.6
ORD-2024-19810,P0021,WH_DELHI_N,48,11868.960000000001,1021.68,206.54,0.0,13097.18,272.86
ORD-2024-19811,P0088,WH_NAGPUR_C,15,3058.05,1392.81,64.54,0.0,4515.4,301.03
ORD-2024-19812,P0342,WH_DELHI_N,25,3531.5,277.35,107.57,0.0,3916.42,156.66
ORD-2024-19813,P0893,WH_NAGPUR_C,35,19938.1,1239.04,150.6,0.0,21327.74,609.36
ORD-2024-19814,P0266,WH_MUMBAI_W,13,2730.26,1029.1,55.94,0.0,3815.3,293.48
ORD-2024-19815,P0754,WH_NAGPUR_C,43,30945.809999999998,1044.83,185.03,0.0,32175.67,748.27
ORD-2024-19816,P0342,WH_MUMBAI_W,8,1130.08,1497.79,34.42,0.0,2662.29,332.79
ORD-2024-19817,P0458,WH_DELHI_N,21,17131.8,882.87,90.36,0.0,18105.03,862.14
ORD-2024-19818,P0125,WH_MUMBAI_W,6,1155.18,261.7,25.82,0.0,1442.7,240.45
ORD-2024-19819,P0837,WH_MUMBAI_W,10,6502.200000000001,1073.68,43.03,0.0,7618.91,761.89
ORD-2024-19820,P0790,WH_KOLKATA_E,49,21190.539999999997,718.38,210.85,0.0,22119.77,451.42
ORD-2024-19821,P0796,WH_KOLKATA_E,41,23268.73,1504.37,176.42,0.0,24949.52,608.52
ORD-2024-19822,P0688,WH_KOLKATA_E,21,3967.74,1253.52,90.36,0.0,5311.62,252.93
ORD-2024-19823,P0198,WH_BLR_S,14,10039.68,236.79,60.24,0.0,10336.71,738.34
ORD-2024-19824,P0115,WH_MUMBAI_W,45,34483.95,668.39,193.63,0.0,35345.97,785.47
ORD-2024-19825,P0709,WH_KOLKATA_E,33,15946.59,359.1,142.0,0.0,16447.69,498.41
ORD-2024-19826,P0608,WH_DELHI_N,25,20882.25,1439.72,107.57,0.0,22429.54,897.18
ORD-2024-19827,P0458,WH_MUMBAI_W,19,15500.199999999999,157.54,81.76,0.0,15739.5,828.39
ORD-2024-19828,P0222,WH_BLR_S,9,1701.36,697.49,38.73,0.0,2437.58,270.84
ORD-2024-19829,P0693,WH_DELHI_N,49,20009.64,347.02,210.85,0.0,20567.51,419.75
ORD-2024-19830,P0410,WH_BLR_S,47,24125.569999999996,811.46,202.24,0.0,25139.27,534.88
ORD-2024-19831,P0083,WH_NAGPUR_C,37,20123.56,1315.85,159.21,0.0,21598.62,583.75
ORD-2024-19832,P0105,WH_MUMBAI_W,36,24505.920000000002,142.91,154.91,0.0,24803.74,688.99
ORD-2024-19833,P0062,WH_KOLKATA_E,36,4341.24,483.04,154.91,0.0,4979.19,138.31
ORD-2024-19834,P0530,WH_KOLKATA_E,15,934.6500000000001,1372.52,64.54,0.0,2371.71,158.11
ORD-2024-19835,P0300,WH_KOLKATA_E,5,2019.4,467.46,21.51,0.0,2508.37,501.67
ORD-2024-19836,P0568,WH_DELHI_N,17,12859.82,482.91,73.15,0.0,13415.88,789.17
ORD-2024-19837,P0254,WH_BLR_S,30,1674.3000000000002,537.8,129.09,0.0,2341.19,78.04
ORD-2024-19838,P0176,WH_NAGPUR_C,7,791.49,1041.34,30.12,0.0,1862.95,266.14
ORD-2024-19839,P0857,WH_MUMBAI_W,6,3104.3999999999996,1478.01,25.82,0.0,4608.23,768.04
ORD-2024-19840,P0998,WH_BLR_S,15,1012.05,722.07,64.54,0.0,1798.66,119.91
ORD-2024-19841,P0116,WH_NAGPUR_C,46,8110.26,1558.85,197.94,0.0,9867.05,214.5
ORD-2024-19842,P0152,WH_DELHI_N,10,2490.2000000000003,419.17,43.03,0.0,2952.4,295.24
ORD-2024-19843,P0102,WH_NAGPUR_C,6,560.34,1462.24,25.82,0.0,2048.4,341.4
ORD-2024-19844,P0693,WH_KOLKATA_E,42,17151.12,563.42,180.72,0.0,17895.26,426.08
ORD-2024-19845,P0857,WH_KOLKATA_E,41,21213.399999999998,265.71,176.42,0.0,21655.53,528.18
ORD-2024-19846,P0056,WH_NAGPUR_C,13,8853.39,1162.19,55.94,0.0,10071.52,774.73
ORD-2024-19847,P0857,WH_NAGPUR_C,14,7243.599999999999,430.82,60.24,0.0,7734.66,552.48
ORD-2024-19848,P0230,WH_NAGPUR_C,1,350.62,320.98,4.3,0.0,675.9,675.9
ORD-2024-19849,P0070,WH_KOLKATA_E,33,17525.31,841.45,142.0,0.0,18508.76,560.87
ORD-2024-19850,P0992,WH_KOLKATA_E,19,9722.49,512.1,81.76,0.0,10316.35,542.97
ORD-2024-19851,P0568,WH_NAGPUR_C,9,6808.14,864.2,38.73,0.0,7711.07,856.79
ORD-2024-19852,P0131,WH_MUMBAI_W,37,2863.8,1595.51,159.21,0.0,4618.52,124.82
ORD-2024-19853,P0135,WH_BLR_S,49,29882.65,185.79,210.85,0.0,30279.29,617.94
ORD-2024-19854,P0056,WH_KOLKATA_E,48,32689.44,668.49,206.54,0.0,33564.47,699.26
ORD-2024-19855,P0116,WH_NAGPUR_C,12,2115.7200000000003,929.22,51.64,0.0,3096.58,258.05
ORD-2024-19856,P0746,WH_NAGPUR_C,5,2946.35,842.6,21.51,0.0,3810.46,762.09
ORD-2024-19857,P0198,WH_BLR_S,6,4302.72,938.42,25.82,0.0,5266.96,877.83
ORD-2024-19858,P0458,WH_NAGPUR_C,11,8973.8,114.99,47.33,0.0,9136.12,830.56
ORD-2024-19859,P0962,WH_KOLKATA_E,38,4620.04,877.28,163.51,0.0,5660.83,148.97
ORD-2024-19860,P0353,WH_BLR_S,10,8093.400000000001,1147.89,43.03,0.0,9284.32,928.43
ORD-2024-19861,P0642,WH_KOLKATA_E,15,7320.45,1054.55,64.54,0.0,8439.54,562.64
ORD-2024-19862,P0139,WH_KOLKATA_E,39,23329.800000000003,101.38,167.82,0.0,23599.0,605.1
ORD-2024-19863,P0404,WH_DELHI_N,28,17554.039999999997,254.64,120.48,0.0,17929.16,640.33
ORD-2024-19864,P0109,WH_BLR_S,3,1362.75,1213.62,12.91,0.0,2589.28,863.09
ORD-2024-19865,P0596,WH_DELHI_N,16,3815.84,400.59,68.85,0.0,4285.28,267.83
ORD-2024-19866,P0261,WH_MUMBAI_W,45,19804.05,564.21,193.63,0.0,20561.89,456.93
ORD-2024-19867,P0005,WH_KOLKATA_E,17,6033.13,795.78,73.15,0.0,6902.06,406.0
ORD-2024-19868,P0191,WH_DELHI_N,36,3301.2000000000003,867.0,154.91,0.0,4323.11,120.09
ORD-2024-19869,P0363,WH_KOLKATA_E,19,13072.57,132.8,81.76,0.0,13287.13,699.32
ORD-2024-19870,P0279,WH_KOLKATA_E,4,2770.88,794.34,17.21,0.0,3582.43,895.61
ORD-2024-19871,P0918,WH_MUMBAI_W,25,10855.75,732.7,107.57,0.0,11696.02,467.84
ORD-2024-19872,P0892,WH_NAGPUR_C,27,1699.65,482.61,116.18,0.0,2298.44,85.13
ORD-2024-19873,P0188,WH_NAGPUR_C,12,9610.56,919.55,51.64,0.0,10581.75,881.81
ORD-2024-19874,P0119,WH_KOLKATA_E,27,6215.4,1158.01,116.18,0.0,7489.59,277.39
ORD-2024-19875,P0633,WH_DELHI_N,4,1951.08,1513.16,17.21,0.0,3481.45,870.36
ORD-2024-19876,P0801,WH_DELHI_N,24,14157.599999999999,1571.79,103.27,0.0,15832.66,659.69
ORD-2024-19877,P0998,WH_DELHI_N,17,1146.99,1168.92,73.15,0.0,2389.06,140.53
ORD-2024-19878,P0195,WH_DELHI_N,26,14998.36,500.64,111.88,0.0,15610.88,600.42
ORD-2024-19879,P0342,WH_MUMBAI_W,18,2542.68,1393.71,77.45,0.0,4013.84,222.99
ORD-2024-19880,P0595,WH_NAGPUR_C,22,5231.6,561.88,94.67,0.0,5888.15,267.64
ORD-2024-19881,P0479,WH_MUMBAI_W,6,4173.84,391.98,25.82,0.0,4591.64,765.27
ORD-2024-19882,P0070,WH_MUMBAI_W,19,10090.330000000002,680.91,81.76,0.0,10853.0,571.21
ORD-2024-19883,P0280,WH_BLR_S,37,20081.38,107.24,159.21,0.0,20347.83,549.94
ORD-2024-19884,P0565,WH_MUMBAI_W,34,4032.74,628.19,146.3,0.0,4807.23,141.39
ORD-2024-19885,P0634,WH_KOLKATA_E,11,8086.1,1231.6,47.33,0.0,9365.03,851.37
ORD-2024-19886,P0530,WH_BLR_S,24,1495.44,236.17,103.27,0.0,1834.88,76.45
ORD-2024-19887,P0637,WH_DELHI_N,45,16641.45,148.52,193.63,0.0,16983.6,377.41
ORD-2024-19888,P0176,WH_KOLKATA_E,37,4183.59,286.47,159.21,0.0,4629.27,125.12
ORD-2024-19889,P0005,WH_KOLKATA_E,23,8162.469999999999,416.88,98.97,0.0,8678.32,377.32
ORD-2024-19890,P0125,WH_KOLKATA_E,40,7701.2,1009.58,172.12,0.0,8882.9,222.07
ORD-2024-19891,P0119,WH_KOLKATA_E,43,9898.6,377.1,185.03,0.0,10460.73,243.27
ORD-2024-19892,P0545,WH_MUMBAI_W,4,1166.56,688.1,17.21,0.0,1871.87,467.97
ORD-2024-19893,P0634,WH_NAGPUR_C,18,13231.800000000001,1086.17,77.45,0.0,14395.42,799.75
ORD-2024-19894,P0097,WH_KOLKATA_E,30,6920.099999999999,534.16,129.09,0.0,7583.35,252.78
ORD-2024-19895,P0487,WH_BLR_S,15,663.0,300.77,64.54,0.0,1028.31,68.55
ORD-2024-19896,P0998,WH_BLR_S,37,2496.39,1421.41,159.21,0.0,4077.01,110.19
ORD-2024-19897,P0332,WH_NAGPUR_C,23,14634.9,480.15,98.97,0.0,15214.02,661.48
ORD-2024-19898,P0161,WH_KOLKATA_E,12,3437.5199999999995,1401.98,51.64,0.0,4891.14,407.6
ORD-2024-19899,P0139,WH_NAGPUR_C,4,2392.8,1477.69,17.21,0.0,3887.7,971.92
ORD-2024-19900,P0372,WH_MUMBAI_W,4,2610.6,1481.67,17.21,0.0,4109.48,1027.37
ORD-2024-19901,P0189,WH_KOLKATA_E,41,26081.329999999998,880.99,176.42,0.0,27138.74,661.92
ORD-2024-19902,P0790,WH_DELHI_N,41,17730.86,1216.89,176.42,0.0,19124.17,466.44
ORD-2024-19903,P0746,WH_MUMBAI_W,14,8249.779999999999,382.22,60.24,0.0,8692.24,620.87
ORD-2024-19904,P0596,WH_KOLKATA_E,8,1907.92,117.14,34.42,0.0,2059.48,257.44
ORD-2024-19905,P0410,WH_DELHI_N,23,11806.13,808.97,98.97,0.0,12714.07,552.79
ORD-2024-19906,P0867,WH_BLR_S,1,780.08,213.71,4.3,0.0,998.09,998.09
ORD-2024-19907,P0763,WH_KOLKATA_E,11,9073.57,1194.79,47.33,0.0,10315.69,937.79
ORD-2024-19908,P0511,WH_NAGPUR_C,27,16540.74,808.67,116.18,0.0,17465.59,646.87
ORD-2024-19909,P0716,WH_MUMBAI_W,4,1484.68,175.2,17.21,0.0,1677.09,419.27
ORD-2024-19910,P0840,WH_BLR_S,29,9490.25,1109.17,124.79,0.0,10724.21,369.8
ORD-2024-19911,P0642,WH_NAGPUR_C,17,8296.51,784.21,73.15,0.0,9153.87,538.46
ORD-2024-19912,P0131,WH_MUMBAI_W,49,3792.6000000000004,744.1,210.85,0.0,4747.55,96.89
ORD-2024-19913,P0084,WH_NAGPUR_C,19,15564.419999999998,1059.3,81.76,0.0,16705.48,879.24
ORD-2024-19914,P0952,WH_KOLKATA_E,45,22414.05,1310.79,193.63,0.0,23918.47,531.52
ORD-2024-19915,P0994,WH_NAGPUR_C,49,16454.69,281.15,210.85,0.0,16946.69,345.85
ORD-2024-19916,P0569,WH_NAGPUR_C,24,14904.48,262.0,103.27,0.0,15269.75,636.24
ORD-2024-19917,P0109,WH_MUMBAI_W,44,19987.0,365.01,189.33,0.0,20541.34,466.85
ORD-2024-19918,P0791,WH_NAGPUR_C,46,15664.38,591.8,197.94,0.0,16454.12,357.7
ORD-2024-19919,P0116,WH_KOLKATA_E,41,7228.71,1201.8,176.42,0.0,8606.93,209.93
ORD-2024-19920,P0907,WH_DELHI_N,44,6778.64,1140.64,189.33,0.0,8108.61,184.29
ORD-2024-19921,P0408,WH_BLR_S,32,5428.8,216.34,137.69,0.0,5782.83,180.71
ORD-2024-19922,P0335,WH_DELHI_N,31,26107.27,1251.74,133.39,0.0,27492.4,886.85
ORD-2024-19923,P0429,WH_BLR_S,49,35089.39,132.55,210.85,0.0,35432.79,723.12
ORD-2024-19924,P0540,WH_MUMBAI_W,16,6336.8,408.76,68.85,0.0,6814.41,425.9
ORD-2024-19925,P0191,WH_DELHI_N,32,2934.4,1505.2,137.69,0.0,4577.29,143.04
ORD-2024-19926,P0634,WH_MUMBAI_W,44,32344.4,576.33,189.33,0.0,33110.06,752.5
ORD-2024-19927,P0487,WH_MUMBAI_W,42,1856.4,700.5,180.72,0.0,2737.62,65.18
ORD-2024-19928,P0791,WH_KOLKATA_E,34,11578.019999999999,304.51,146.3,0.0,12028.83,353.79
ORD-2024-19929,P0084,WH_MUMBAI_W,35,28671.3,351.97,150.6,0.0,29173.87,833.54
ORD-2024-19930,P0022,WH_KOLKATA_E,37,21428.55,122.98,159.21,0.0,21710.74,586.78
ORD-2024-19931,P0637,WH_MUMBAI_W,16,5916.96,1520.6,68.85,0.0,7506.41,469.15
ORD-2024-19932,P0159,WH_MUMBAI_W,21,8329.86,1227.79,90.36,0.0,9648.01,459.43
ORD-2024-19933,P0083,WH_KOLKATA_E,13,7070.44,684.36,55.94,0.0,7810.74,600.83
ORD-2024-19934,P0714,WH_MUMBAI_W,18,1304.82,1281.7,77.45,0.0,2663.97,148.0
ORD-2024-19935,P0748,WH_MUMBAI_W,2,360.4,588.46,8.61,0.0,957.47,478.74
ORD-2024-19936,P0748,WH_KOLKATA_E,33,5946.599999999999,530.0,142.0,0.0,6618.6,200.56
ORD-2024-19937,P0981,WH_NAGPUR_C,41,2596.12,1439.72,176.42,0.0,4212.26,102.74
ORD-2024-19938,P0479,WH_BLR_S,18,12521.52,447.72,77.45,0.0,13046.69,724.82
ORD-2024-19939,P0716,WH_DELHI_N,28,10392.76,1356.04,120.48,0.0,11869.28,423.9
ORD-2024-19940,P0719,WH_NAGPUR_C,37,8668.73,417.33,159.21,0.0,9245.27,249.87
ORD-2024-19941,P0125,WH_NAGPUR_C,35,6738.55,1437.35,150.6,0.0,8326.5,237.9
ORD-2024-19942,P0041,WH_KOLKATA_E,37,9068.33,463.54,159.21,0.0,9691.08,261.92
ORD-2024-19943,P0422,WH_BLR_S,12,5145.6,639.52,51.64,0.0,5836.76,486.4
ORD-2024-19944,P0198,WH_BLR_S,40,28684.8,1056.76,172.12,0.0,29913.68,747.84
ORD-2024-19945,P0915,WH_KOLKATA_E,8,5486.24,396.24,34.42,0.0,5916.9,739.61
ORD-2024-19946,P0422,WH_NAGPUR_C,25,10720.0,152.7,107.57,0.0,10980.27,439.21
ORD-2024-19947,P0716,WH_BLR_S,7,2598.19,566.06,30.12,0.0,3194.37,456.34
ORD-2024-19948,P0988,WH_MUMBAI_W,2,1635.96,660.35,8.61,0.0,2304.92,1152.46
ORD-2024-19949,P0062,WH_BLR_S,33,3979.4700000000003,236.69,142.0,0.0,4358.16,132.07
ORD-2024-19950,P0159,WH_KOLKATA_E,33,13089.78,1330.14,142.0,0.0,14561.92,441.27
ORD-2024-19951,P0544,WH_MUMBAI_W,40,18250.0,519.59,172.12,0.0,18941.71,473.54
ORD-2024-19952,P0822,WH_MUMBAI_W,49,20855.87,434.86,210.85,0.0,21501.58,438.81
ORD-2024-19953,P0712,WH_MUMBAI_W,23,5883.400000000001,942.52,98.97,0.0,6924.89,301.08
ORD-2024-19954,P0598,WH_BLR_S,5,1087.05,1456.62,21.51,0.0,2565.18,513.04
ORD-2024-19955,P0286,WH_DELHI_N,14,1435.5600000000002,832.56,60.24,0.0,2328.36,166.31
ORD-2024-19956,P0188,WH_KOLKATA_E,8,6407.04,699.13,34.42,0.0,7140.59,892.57
ORD-2024-19957,P0965,WH_KOLKATA_E,20,4933.0,864.22,86.06,0.0,5883.28,294.16
ORD-2024-19958,P0511,WH_BLR_S,18,11027.16,338.82,77.45,0.0,11443.43,635.75
ORD-2024-19959,P0796,WH_DELHI_N,23,13053.189999999999,532.01,98.97,0.0,13684.17,594.96
ORD-2024-19960,P0971,WH_NAGPUR_C,29,16413.13,827.25,124.79,0.0,17365.17,598.8
ORD-2024-19961,P0530,WH_DELHI_N,7,436.17,1632.7206,30.12,0.0,2099.01,299.86
ORD-2024-19962,P0337,WH_DELHI_N,24,7971.12,688.69,103.27,0.0,8763.08,365.13
ORD-2024-19963,P0584,WH_BLR_S,46,22082.76,253.05,197.94,0.0,22533.75,489.86
ORD-2024-19964,P0666,WH_BLR_S,25,15644.5,608.09,107.57,0.0,16360.16,654.41
ORD-2024-19965,P0230,WH_DELHI_N,14,4908.68,1474.75,60.24,0.0,6443.67,460.26
ORD-2024-19966,P0913,WH_BLR_S,38,24684.420000000002,1361.45,163.51,0.0,26209.38,689.72
ORD-2024-19967,P0583,WH_BLR_S,3,1227.3600000000001,1123.87,12.91,0.0,2364.14,788.05
ORD-2024-19968,P0371,WH_KOLKATA_E,46,7883.94,830.91,197.94,0.0,8912.79,193.76
ORD-2024-19969,P0836,WH_KOLKATA_E,14,5338.900000000001,1105.3,60.24,0.0,6504.44,464.6
ORD-2024-19970,P0079,WH_DELHI_N,3,140.60999999999999,1632.7206,12.91,0.0,1786.24,595.41
ORD-2024-19971,P0783,WH_NAGPUR_C,42,23030.280000000002,820.92,180.72,0.0,24031.92,572.19
ORD-2024-19972,P0103,WH_KOLKATA_E,9,1168.3799999999999,1342.09,38.73,0.0,2549.2,283.24
ORD-2024-19973,P0581,WH_KOLKATA_E,7,270.76,1544.52,30.12,0.0,1845.4,263.63
ORD-2024-19974,P0673,WH_MUMBAI_W,26,12925.64,337.4,111.88,0.0,13374.92,514.42
ORD-2024-19975,P0279,WH_NAGPUR_C,7,4849.04,601.04,30.12,0.0,5480.2,782.89
ORD-2024-19976,P0822,WH_DELHI_N,7,2979.41,1247.39,30.12,0.0,4256.92,608.13
ORD-2024-19977,P0070,WH_KOLKATA_E,44,23367.08,468.92,189.33,0.0,24025.33,546.03
ORD-2024-19978,P0837,WH_NAGPUR_C,36,23407.920000000002,658.35,154.91,0.0,24221.18,672.81
ORD-2024-19979,P0914,WH_BLR_S,13,5036.849999999999,736.52,55.94,0.0,5829.31,448.41
ORD-2024-19980,P0391,WH_NAGPUR_C,3,2372.58,1626.32,12.91,0.0,4011.81,1337.27
ORD-2024-19981,P0565,WH_KOLKATA_E,20,2372.2,1189.63,86.06,0.0,3647.89,182.39
ORD-2024-19982,P0220,WH_DELHI_N,9,5388.39,994.6,38.73,0.0,6421.72,713.52
ORD-2024-19983,P0876,WH_NAGPUR_C,22,9720.26,819.58,94.67,0.0,10634.51,483.39
ORD-2024-19984,P0430,WH_DELHI_N,45,25006.95,1031.37,193.63,0.0,26231.95,582.93
ORD-2024-19985,P0335,WH_MUMBAI_W,33,27791.609999999997,1529.76,142.0,0.0,29463.37,892.83
ORD-2024-19986,P0598,WH_KOLKATA_E,23,5000.43,410.63,98.97,0.0,5510.03,239.57
ORD-2024-19987,P0230,WH_MUMBAI_W,23,8064.26,1259.18,98.97,0.0,9422.41,409.67
ORD-2024-19988,P0465,WH_BLR_S,38,22534.38,535.28,163.51,0.0,23233.17,611.4
ORD-2024-19989,P0222,WH_DELHI_N,26,4915.04,1326.05,111.88,0.0,6352.97,244.34
ORD-2024-19990,P0131,WH_KOLKATA_E,32,2476.8,1312.67,137.69,0.0,3927.16,122.72
ORD-2024-19991,P0962,WH_MUMBAI_W,28,3404.24,1160.35,120.48,0.0,4685.07,167.32
ORD-2024-19992,P0466,WH_KOLKATA_E,30,6655.2,518.24,129.09,0.0,7302.53,243.42
ORD-2024-19993,P0642,WH_DELHI_N,40,19521.199999999997,1574.82,172.12,0.0,21268.14,531.7
ORD-2024-19994,P0540,WH_MUMBAI_W,17,6732.85,640.32,73.15,0.0,7446.32,438.02
ORD-2024-19995,P0319,WH_KOLKATA_E,18,1090.98,1421.4,77.45,0.0,2589.83,143.88
ORD-2024-19996,P0371,WH_MUMBAI_W,25,4284.75,299.27,107.57,0.0,4691.59,187.66
ORD-2024-19997,P0568,WH_NAGPUR_C,4,3025.84,666.89,17.21,0.0,3709.94,927.48
ORD-2024-19998,P0672,WH_NAGPUR_C,26,6470.360000000001,95.6674,111.88,0.0,6677.91,256.84
ORD-2024-19999,P0992,WH_NAGPUR_C,31,15863.01,307.91,133.39,0.0,16304.31,525.95
ORD-2024-20000,P0780,WH_MUMBAI_W,12,7666.08,760.23,51.64,0.0,8477.95,706.5
